time_s,relative_time_after_impact_s,x_m,z_m
1.800000000000000044e+00,0.000000000000000000e+00,-1.485428094863891602e+00,6.517685651779174805e-01
1.800000000000000044e+00,0.000000000000000000e+00,-1.479422807693481445e+00,6.549685001373291016e-01
1.800000000000000044e+00,0.000000000000000000e+00,-1.473417520523071289e+00,6.560174226760864258e-01
1.800000000000000044e+00,0.000000000000000000e+00,-1.467412233352661133e+00,6.567396521568298340e-01
1.800000000000000044e+00,0.000000000000000000e+00,-1.461406946182250977e+00,6.553983688354492188e-01
1.800000000000000044e+00,0.000000000000000000e+00,-1.455401778221130371e+00,6.529247164726257324e-01
1.800000000000000044e+00,0.000000000000000000e+00,-1.449396491050720215e+00,6.532409787178039551e-01
1.800000000000000044e+00,0.000000000000000000e+00,-1.443391203880310059e+00,6.519937515258789062e-01
1.800000000000000044e+00,0.000000000000000000e+00,-1.437385916709899902e+00,6.499322056770324707e-01
1.800000000000000044e+00,0.000000000000000000e+00,-1.431380629539489746e+00,6.495449542999267578e-01
1.800000000000000044e+00,0.000000000000000000e+00,-1.425375342369079590e+00,6.489158868789672852e-01
1.800000000000000044e+00,0.000000000000000000e+00,-1.419370174407958984e+00,6.487655043601989746e-01
1.800000000000000044e+00,0.000000000000000000e+00,-1.413364887237548828e+00,6.454415917396545410e-01
1.800000000000000044e+00,0.000000000000000000e+00,-1.407359600067138672e+00,6.439059972763061523e-01
1.800000000000000044e+00,0.000000000000000000e+00,-1.401354312896728516e+00,6.425826549530029297e-01
1.800000000000000044e+00,0.000000000000000000e+00,-1.395349025726318359e+00,6.418382525444030762e-01
1.800000000000000044e+00,0.000000000000000000e+00,-1.389343738555908203e+00,6.398618817329406738e-01
1.800000000000000044e+00,0.000000000000000000e+00,-1.383338451385498047e+00,6.375243663787841797e-01
1.800000000000000044e+00,0.000000000000000000e+00,-1.377333164215087891e+00,6.362492442131042480e-01
1.800000000000000044e+00,0.000000000000000000e+00,-1.371327877044677734e+00,6.336635947227478027e-01
1.800000000000000044e+00,0.000000000000000000e+00,-1.365322589874267578e+00,6.306899785995483398e-01
1.800000000000000044e+00,0.000000000000000000e+00,-1.359317421913146973e+00,6.290382742881774902e-01
1.800000000000000044e+00,0.000000000000000000e+00,-1.353312134742736816e+00,6.253908276557922363e-01
1.800000000000000044e+00,0.000000000000000000e+00,-1.347306847572326660e+00,6.240733861923217773e-01
1.800000000000000044e+00,0.000000000000000000e+00,-1.341301560401916504e+00,6.226382255554199219e-01
1.800000000000000044e+00,0.000000000000000000e+00,-1.335296273231506348e+00,6.189731359481811523e-01
1.800000000000000044e+00,0.000000000000000000e+00,-1.329290986061096191e+00,6.176915168762207031e-01
1.800000000000000044e+00,0.000000000000000000e+00,-1.323285818099975586e+00,6.172560453414916992e-01
1.800000000000000044e+00,0.000000000000000000e+00,-1.317280530929565430e+00,6.147865056991577148e-01
1.800000000000000044e+00,0.000000000000000000e+00,-1.311275243759155273e+00,6.120660901069641113e-01
1.800000000000000044e+00,0.000000000000000000e+00,-1.305269956588745117e+00,6.098721623420715332e-01
1.800000000000000044e+00,0.000000000000000000e+00,-1.299264669418334961e+00,6.077350974082946777e-01
1.800000000000000044e+00,0.000000000000000000e+00,-1.293259382247924805e+00,6.052715778350830078e-01
1.800000000000000044e+00,0.000000000000000000e+00,-1.287254095077514648e+00,6.034382581710815430e-01
1.800000000000000044e+00,0.000000000000000000e+00,-1.281248807907104492e+00,6.010502576828002930e-01
1.800000000000000044e+00,0.000000000000000000e+00,-1.275243520736694336e+00,5.981816649436950684e-01
1.800000000000000044e+00,0.000000000000000000e+00,-1.269238233566284180e+00,5.957266688346862793e-01
1.800000000000000044e+00,0.000000000000000000e+00,-1.263233065605163574e+00,5.937331318855285645e-01
1.800000000000000044e+00,0.000000000000000000e+00,-1.257227778434753418e+00,5.919697880744934082e-01
1.800000000000000044e+00,0.000000000000000000e+00,-1.251222491264343262e+00,5.906382203102111816e-01
1.800000000000000044e+00,0.000000000000000000e+00,-1.245217204093933105e+00,5.862337946891784668e-01
1.800000000000000044e+00,0.000000000000000000e+00,-1.239211916923522949e+00,5.855545997619628906e-01
1.800000000000000044e+00,0.000000000000000000e+00,-1.233206748962402344e+00,5.801762938499450684e-01
1.800000000000000044e+00,0.000000000000000000e+00,-1.227201461791992188e+00,5.788164734840393066e-01
1.800000000000000044e+00,0.000000000000000000e+00,-1.221196174621582031e+00,5.787085890769958496e-01
1.800000000000000044e+00,0.000000000000000000e+00,-1.215190887451171875e+00,5.749753713607788086e-01
1.800000000000000044e+00,0.000000000000000000e+00,-1.209185600280761719e+00,5.736134648323059082e-01
1.800000000000000044e+00,0.000000000000000000e+00,-1.203180313110351562e+00,5.733894109725952148e-01
1.800000000000000044e+00,0.000000000000000000e+00,-1.197175025939941406e+00,5.693644881248474121e-01
1.800000000000000044e+00,0.000000000000000000e+00,-1.191169738769531250e+00,5.672852396965026855e-01
1.800000000000000044e+00,0.000000000000000000e+00,-1.185164451599121094e+00,5.662921071052551270e-01
1.800000000000000044e+00,0.000000000000000000e+00,-1.179159164428710938e+00,5.633550286293029785e-01
1.800000000000000044e+00,0.000000000000000000e+00,-1.173153877258300781e+00,5.602114796638488770e-01
1.800000000000000044e+00,0.000000000000000000e+00,-1.167148590087890625e+00,5.586382746696472168e-01
1.800000000000000044e+00,0.000000000000000000e+00,-1.161143422126770020e+00,5.555438399314880371e-01
1.800000000000000044e+00,0.000000000000000000e+00,-1.155138134956359863e+00,5.529378652572631836e-01
1.800000000000000044e+00,0.000000000000000000e+00,-1.149132847785949707e+00,5.506929159164428711e-01
1.800000000000000044e+00,0.000000000000000000e+00,-1.143127560615539551e+00,5.487605333328247070e-01
1.800000000000000044e+00,0.000000000000000000e+00,-1.137122392654418945e+00,5.465450882911682129e-01
1.800000000000000044e+00,0.000000000000000000e+00,-1.131117105484008789e+00,5.460525751113891602e-01
1.800000000000000044e+00,0.000000000000000000e+00,-1.125111818313598633e+00,5.428695678710937500e-01
1.800000000000000044e+00,0.000000000000000000e+00,-1.119106531143188477e+00,5.410099029541015625e-01
1.800000000000000044e+00,0.000000000000000000e+00,-1.113101243972778320e+00,5.379975438117980957e-01
1.800000000000000044e+00,0.000000000000000000e+00,-1.107095956802368164e+00,5.364665985107421875e-01
1.800000000000000044e+00,0.000000000000000000e+00,-1.101090669631958008e+00,5.342458486557006836e-01
1.800000000000000044e+00,0.000000000000000000e+00,-1.095085382461547852e+00,5.317878127098083496e-01
1.800000000000000044e+00,0.000000000000000000e+00,-1.089080095291137695e+00,5.303565263748168945e-01
1.800000000000000044e+00,0.000000000000000000e+00,-1.083074808120727539e+00,5.278998613357543945e-01
1.800000000000000044e+00,0.000000000000000000e+00,-1.077069520950317383e+00,5.251153111457824707e-01
1.800000000000000044e+00,0.000000000000000000e+00,-1.071064233779907227e+00,5.231456160545349121e-01
1.800000000000000044e+00,0.000000000000000000e+00,-1.065059065818786621e+00,5.213078260421752930e-01
1.800000000000000044e+00,0.000000000000000000e+00,-1.059053778648376465e+00,5.178842544555664062e-01
1.800000000000000044e+00,0.000000000000000000e+00,-1.053048491477966309e+00,5.153335928916931152e-01
1.800000000000000044e+00,0.000000000000000000e+00,-1.047043204307556152e+00,5.138382315635681152e-01
1.800000000000000044e+00,0.000000000000000000e+00,-1.041038036346435547e+00,5.104210376739501953e-01
1.800000000000000044e+00,0.000000000000000000e+00,-1.035032749176025391e+00,5.086947679519653320e-01
1.800000000000000044e+00,0.000000000000000000e+00,-1.029027462005615234e+00,5.083483457565307617e-01
1.800000000000000044e+00,0.000000000000000000e+00,-1.023022174835205078e+00,5.051951408386230469e-01
1.800000000000000044e+00,0.000000000000000000e+00,-1.017016887664794922e+00,5.032483339309692383e-01
1.800000000000000044e+00,0.000000000000000000e+00,-1.011011600494384766e+00,5.012379288673400879e-01
1.800000000000000044e+00,0.000000000000000000e+00,-1.005006313323974609e+00,4.985336959362030029e-01
1.800000000000000044e+00,0.000000000000000000e+00,-9.990010261535644531e-01,4.962758719921112061e-01
1.800000000000000044e+00,0.000000000000000000e+00,-9.929957389831542969e-01,4.931555390357971191e-01
1.800000000000000044e+00,0.000000000000000000e+00,-9.869905114173889160e-01,4.917179942131042480e-01
1.800000000000000044e+00,0.000000000000000000e+00,-9.809852242469787598e-01,4.896359145641326904e-01
1.800000000000000044e+00,0.000000000000000000e+00,-9.749799966812133789e-01,4.882382452487945557e-01
1.800000000000000044e+00,0.000000000000000000e+00,-9.689747095108032227e-01,4.853645563125610352e-01
1.800000000000000044e+00,0.000000000000000000e+00,-9.629694223403930664e-01,4.818382561206817627e-01
1.800000000000000044e+00,0.000000000000000000e+00,-9.569641351699829102e-01,4.785463809967041016e-01
1.800000000000000044e+00,0.000000000000000000e+00,-9.509588479995727539e-01,4.771743714809417725e-01
1.800000000000000044e+00,0.000000000000000000e+00,-9.449535608291625977e-01,4.754382371902465820e-01
1.800000000000000044e+00,0.000000000000000000e+00,-9.389483332633972168e-01,4.719968736171722412e-01
1.800000000000000044e+00,0.000000000000000000e+00,-9.329430460929870605e-01,4.716194570064544678e-01
1.800000000000000044e+00,0.000000000000000000e+00,-9.269378185272216797e-01,4.694532752037048340e-01
1.800000000000000044e+00,0.000000000000000000e+00,-9.209325313568115234e-01,4.660066664218902588e-01
1.800000000000000044e+00,0.000000000000000000e+00,-9.149272441864013672e-01,4.636163711547851562e-01
1.800000000000000044e+00,0.000000000000000000e+00,-9.089219570159912109e-01,4.616390764713287354e-01
1.800000000000000044e+00,0.000000000000000000e+00,-9.029166698455810547e-01,4.598187208175659180e-01
1.800000000000000044e+00,0.000000000000000000e+00,-8.969113826751708984e-01,4.572689235210418701e-01
1.800000000000000044e+00,0.000000000000000000e+00,-8.909061551094055176e-01,4.539338350296020508e-01
1.800000000000000044e+00,0.000000000000000000e+00,-8.849008679389953613e-01,4.513016641139984131e-01
1.800000000000000044e+00,0.000000000000000000e+00,-8.788956403732299805e-01,4.482288956642150879e-01
1.800000000000000044e+00,0.000000000000000000e+00,-8.728903532028198242e-01,4.461939632892608643e-01
1.800000000000000044e+00,0.000000000000000000e+00,-8.668850660324096680e-01,4.444944560527801514e-01
1.800000000000000044e+00,0.000000000000000000e+00,-8.608797788619995117e-01,4.408499896526336670e-01
1.800000000000000044e+00,0.000000000000000000e+00,-8.548744916915893555e-01,4.389061927795410156e-01
1.800000000000000044e+00,0.000000000000000000e+00,-8.488692045211791992e-01,4.383042156696319580e-01
1.800000000000000044e+00,0.000000000000000000e+00,-8.428639769554138184e-01,4.337292313575744629e-01
1.800000000000000044e+00,0.000000000000000000e+00,-8.368586897850036621e-01,4.320824444293975830e-01
1.800000000000000044e+00,0.000000000000000000e+00,-8.308534622192382812e-01,4.317212104797363281e-01
1.800000000000000044e+00,0.000000000000000000e+00,-8.248481750488281250e-01,4.271595776081085205e-01
1.800000000000000044e+00,0.000000000000000000e+00,-8.188428878784179688e-01,4.257632791996002197e-01
1.800000000000000044e+00,0.000000000000000000e+00,-8.128376007080078125e-01,4.233587682247161865e-01
1.800000000000000044e+00,0.000000000000000000e+00,-8.068323135375976562e-01,4.211323857307434082e-01
1.800000000000000044e+00,0.000000000000000000e+00,-8.008270263671875000e-01,4.191606938838958740e-01
1.800000000000000044e+00,0.000000000000000000e+00,-7.948217988014221191e-01,4.152729809284210205e-01
1.800000000000000044e+00,0.000000000000000000e+00,-7.888165116310119629e-01,4.134815633296966553e-01
1.800000000000000044e+00,0.000000000000000000e+00,-7.828112840652465820e-01,4.114382565021514893e-01
1.800000000000000044e+00,0.000000000000000000e+00,-7.768059968948364258e-01,4.083260595798492432e-01
1.800000000000000044e+00,0.000000000000000000e+00,-7.708007097244262695e-01,4.056845307350158691e-01
1.800000000000000044e+00,0.000000000000000000e+00,-7.647954225540161133e-01,4.030700325965881348e-01
1.800000000000000044e+00,0.000000000000000000e+00,-7.587901353836059570e-01,4.008558392524719238e-01
1.800000000000000044e+00,0.000000000000000000e+00,-7.527848482131958008e-01,3.986382484436035156e-01
1.800000000000000044e+00,0.000000000000000000e+00,-7.467796206474304199e-01,3.953335583209991455e-01
1.800000000000000044e+00,0.000000000000000000e+00,-7.407743334770202637e-01,3.943002820014953613e-01
1.800000000000000044e+00,0.000000000000000000e+00,-7.347691059112548828e-01,3.922382593154907227e-01
1.800000000000000044e+00,0.000000000000000000e+00,-7.287638187408447266e-01,3.888598382472991943e-01
1.800000000000000044e+00,0.000000000000000000e+00,-7.227585315704345703e-01,3.874748051166534424e-01
1.800000000000000044e+00,0.000000000000000000e+00,-7.167532444000244141e-01,3.839074671268463135e-01
1.800000000000000044e+00,0.000000000000000000e+00,-7.107479572296142578e-01,3.819396495819091797e-01
1.800000000000000044e+00,0.000000000000000000e+00,-7.047426700592041016e-01,3.803740441799163818e-01
1.800000000000000044e+00,0.000000000000000000e+00,-6.987374424934387207e-01,3.766199648380279541e-01
1.800000000000000044e+00,0.000000000000000000e+00,-6.927321553230285645e-01,3.741127848625183105e-01
1.800000000000000044e+00,0.000000000000000000e+00,-6.867269277572631836e-01,3.707326352596282959e-01
1.800000000000000044e+00,0.000000000000000000e+00,-6.807216405868530273e-01,3.690815269947052002e-01
1.800000000000000044e+00,0.000000000000000000e+00,-6.747163534164428711e-01,3.666382431983947754e-01
1.800000000000000044e+00,0.000000000000000000e+00,-6.687110662460327148e-01,3.628262281417846680e-01
1.800000000000000044e+00,0.000000000000000000e+00,-6.627057790756225586e-01,3.611221611499786377e-01
1.800000000000000044e+00,0.000000000000000000e+00,-6.567004919052124023e-01,3.573902249336242676e-01
1.800000000000000044e+00,0.000000000000000000e+00,-6.506952643394470215e-01,3.551389873027801514e-01
1.800000000000000044e+00,0.000000000000000000e+00,-6.446899771690368652e-01,3.545027375221252441e-01
1.800000000000000044e+00,0.000000000000000000e+00,-6.386847496032714844e-01,3.525778353214263916e-01
1.800000000000000044e+00,0.000000000000000000e+00,-6.326794624328613281e-01,3.496658504009246826e-01
1.800000000000000044e+00,0.000000000000000000e+00,-6.266741752624511719e-01,3.467160463333129883e-01
1.800000000000000044e+00,0.000000000000000000e+00,-6.206688880920410156e-01,3.447821438312530518e-01
1.800000000000000044e+00,0.000000000000000000e+00,-6.146636009216308594e-01,3.423749804496765137e-01
1.800000000000000044e+00,0.000000000000000000e+00,-6.086583137512207031e-01,3.389621078968048096e-01
1.800000000000000044e+00,0.000000000000000000e+00,-6.026530861854553223e-01,3.368762135505676270e-01
1.800000000000000044e+00,0.000000000000000000e+00,-5.966477990150451660e-01,3.346382379531860352e-01
1.800000000000000044e+00,0.000000000000000000e+00,-5.906425714492797852e-01,3.312225639820098877e-01
1.800000000000000044e+00,0.000000000000000000e+00,-5.846372842788696289e-01,3.282382488250732422e-01
1.800000000000000044e+00,0.000000000000000000e+00,-5.786319971084594727e-01,3.257743120193481445e-01
1.800000000000000044e+00,0.000000000000000000e+00,-5.726267099380493164e-01,3.235731124877929688e-01
1.800000000000000044e+00,0.000000000000000000e+00,-5.666214227676391602e-01,3.218382596969604492e-01
1.800000000000000044e+00,0.000000000000000000e+00,-5.606161355972290039e-01,3.181297779083251953e-01
1.800000000000000044e+00,0.000000000000000000e+00,-5.546109080314636230e-01,3.173024356365203857e-01
1.800000000000000044e+00,0.000000000000000000e+00,-5.486056208610534668e-01,3.114939630031585693e-01
1.800000000000000044e+00,0.000000000000000000e+00,-5.426003932952880859e-01,3.109762370586395264e-01
1.800000000000000044e+00,0.000000000000000000e+00,-5.365951061248779297e-01,3.085467815399169922e-01
1.800000000000000044e+00,0.000000000000000000e+00,-5.305898189544677734e-01,3.057585954666137695e-01
1.800000000000000044e+00,0.000000000000000000e+00,-5.245845317840576172e-01,3.046192824840545654e-01
1.800000000000000044e+00,0.000000000000000000e+00,-5.185792446136474609e-01,3.006353974342346191e-01
1.800000000000000044e+00,0.000000000000000000e+00,-5.125739574432373047e-01,2.981241345405578613e-01
1.800000000000000044e+00,0.000000000000000000e+00,-5.065687298774719238e-01,2.962382435798645020e-01
1.800000000000000044e+00,0.000000000000000000e+00,-5.005634427070617676e-01,2.925898730754852295e-01
1.800000000000000044e+00,0.000000000000000000e+00,-4.945581853389739990e-01,2.898382544517517090e-01
1.800000000000000044e+00,0.000000000000000000e+00,-4.885529279708862305e-01,2.870775461196899414e-01
1.800000000000000044e+00,0.000000000000000000e+00,-4.825476408004760742e-01,2.847834527492523193e-01
1.800000000000000044e+00,0.000000000000000000e+00,-4.765423536300659180e-01,2.804405689239501953e-01
1.800000000000000044e+00,0.000000000000000000e+00,-4.705370664596557617e-01,2.782581448554992676e-01
1.800000000000000044e+00,0.000000000000000000e+00,-4.645317792892456055e-01,2.770382463932037354e-01
1.800000000000000044e+00,0.000000000000000000e+00,-4.585265517234802246e-01,2.733874022960662842e-01
1.800000000000000044e+00,0.000000000000000000e+00,-4.525213241577148438e-01,2.724355757236480713e-01
1.800000000000000044e+00,0.000000000000000000e+00,-4.465160369873046875e-01,2.671321034431457520e-01
1.800000000000000044e+00,0.000000000000000000e+00,-4.405107498168945312e-01,2.664777636528015137e-01
1.800000000000000044e+00,0.000000000000000000e+00,-4.345054626464843750e-01,2.649863362312316895e-01
1.800000000000000044e+00,0.000000000000000000e+00,-4.285001754760742188e-01,2.609364688396453857e-01
1.800000000000000044e+00,0.000000000000000000e+00,-4.224948883056640625e-01,2.583327591419219971e-01
1.800000000000000044e+00,0.000000000000000000e+00,-4.164896011352539062e-01,2.555167376995086670e-01
1.800000000000000044e+00,0.000000000000000000e+00,-4.104843139648437500e-01,2.527729570865631104e-01
1.800000000000000044e+00,0.000000000000000000e+00,-4.044790863990783691e-01,2.490366548299789429e-01
1.800000000000000044e+00,0.000000000000000000e+00,-3.984738588333129883e-01,2.469637244939804077e-01
1.800000000000000044e+00,0.000000000000000000e+00,-3.924685716629028320e-01,2.450382411479949951e-01
1.800000000000000044e+00,0.000000000000000000e+00,-3.864632844924926758e-01,2.401304841041564941e-01
1.800000000000000044e+00,0.000000000000000000e+00,-3.804579973220825195e-01,2.389890998601913452e-01
1.800000000000000044e+00,0.000000000000000000e+00,-3.744527101516723633e-01,2.360320389270782471e-01
1.800000000000000044e+00,0.000000000000000000e+00,-3.684474229812622070e-01,2.322382479906082153e-01
1.800000000000000044e+00,0.000000000000000000e+00,-3.624421954154968262e-01,2.293010950088500977e-01
1.800000000000000044e+00,0.000000000000000000e+00,-3.564369678497314453e-01,2.271328866481781006e-01
1.800000000000000044e+00,0.000000000000000000e+00,-3.504316806793212891e-01,2.265801578760147095e-01
1.800000000000000044e+00,0.000000000000000000e+00,-3.444263935089111328e-01,2.227904051542282104e-01
1.800000000000000044e+00,0.000000000000000000e+00,-3.384211063385009766e-01,2.199242413043975830e-01
1.800000000000000044e+00,0.000000000000000000e+00,-3.324158191680908203e-01,2.162120640277862549e-01
1.800000000000000044e+00,0.000000000000000000e+00,-3.264105319976806641e-01,2.148395180702209473e-01
1.800000000000000044e+00,0.000000000000000000e+00,-3.204052448272705078e-01,2.112856507301330566e-01
1.800000000000000044e+00,0.000000000000000000e+00,-3.143999576568603516e-01,2.078511267900466919e-01
1.800000000000000044e+00,0.000000000000000000e+00,-3.083947300910949707e-01,2.040444463491439819e-01
1.800000000000000044e+00,0.000000000000000000e+00,-3.023895025253295898e-01,2.023946344852447510e-01
1.800000000000000044e+00,0.000000000000000000e+00,-2.963842153549194336e-01,2.002382427453994751e-01
1.800000000000000044e+00,0.000000000000000000e+00,-2.903789281845092773e-01,1.956785619258880615e-01
1.800000000000000044e+00,0.000000000000000000e+00,-2.843736410140991211e-01,1.938382387161254883e-01
1.800000000000000044e+00,0.000000000000000000e+00,-2.783683538436889648e-01,1.904065907001495361e-01
1.800000000000000044e+00,0.000000000000000000e+00,-2.723630666732788086e-01,1.874382495880126953e-01
1.800000000000000044e+00,0.000000000000000000e+00,-2.663578391075134277e-01,1.841326355934143066e-01
1.800000000000000044e+00,0.000000000000000000e+00,-2.603526115417480469e-01,1.820997446775436401e-01
1.800000000000000044e+00,0.000000000000000000e+00,-2.543473243713378906e-01,1.810382455587387085e-01
1.800000000000000044e+00,0.000000000000000000e+00,-2.483420372009277344e-01,1.769654899835586548e-01
1.800000000000000044e+00,0.000000000000000000e+00,-2.423367500305175781e-01,1.749197095632553101e-01
1.800000000000000044e+00,0.000000000000000000e+00,-2.363314628601074219e-01,1.715017706155776978e-01
1.800000000000000044e+00,0.000000000000000000e+00,-2.303261756896972656e-01,1.690998673439025879e-01
1.800000000000000044e+00,0.000000000000000000e+00,-2.243208885192871094e-01,1.651187837123870850e-01
1.800000000000000044e+00,0.000000000000000000e+00,-2.183156013488769531e-01,1.629707366228103638e-01
1.800000000000000044e+00,0.000000000000000000e+00,-2.123103737831115723e-01,1.593942195177078247e-01
1.800000000000000044e+00,0.000000000000000000e+00,-2.063051462173461914e-01,1.570499539375305176e-01
1.800000000000000044e+00,0.000000000000000000e+00,-2.002998590469360352e-01,1.531045436859130859e-01
1.800000000000000044e+00,0.000000000000000000e+00,-1.942945718765258789e-01,1.509878188371658325e-01
1.800000000000000044e+00,0.000000000000000000e+00,-1.882892847061157227e-01,1.490382403135299683e-01
1.800000000000000044e+00,0.000000000000000000e+00,-1.822839975357055664e-01,1.452642530202865601e-01
1.800000000000000044e+00,0.000000000000000000e+00,-1.762787103652954102e-01,1.426382511854171753e-01
1.800000000000000044e+00,0.000000000000000000e+00,-1.702734827995300293e-01,1.386139243841171265e-01
1.800000000000000044e+00,0.000000000000000000e+00,-1.642682552337646484e-01,1.376391351222991943e-01
1.800000000000000044e+00,0.000000000000000000e+00,-1.582629680633544922e-01,1.328556388616561890e-01
1.800000000000000044e+00,0.000000000000000000e+00,-1.522576808929443359e-01,1.323107779026031494e-01
1.800000000000000044e+00,0.000000000000000000e+00,-1.462523937225341797e-01,1.298382431268692017e-01
1.800000000000000044e+00,0.000000000000000000e+00,-1.402471065521240234e-01,1.255992799997329712e-01
1.800000000000000044e+00,0.000000000000000000e+00,-1.342418193817138672e-01,1.239337027072906494e-01
1.800000000000000044e+00,0.000000000000000000e+00,-1.282365322113037109e-01,1.195017620921134949e-01
1.800000000000000044e+00,0.000000000000000000e+00,-1.222312450408935547e-01,1.170382425189018250e-01
1.800000000000000044e+00,0.000000000000000000e+00,-1.162260174751281738e-01,1.131667271256446838e-01
1.800000000000000044e+00,0.000000000000000000e+00,-1.102207899093627930e-01,1.106382459402084351e-01
1.800000000000000044e+00,0.000000000000000000e+00,-1.042155027389526367e-01,1.069325506687164307e-01
1.800000000000000044e+00,0.000000000000000000e+00,-9.821021556854248047e-02,1.042382419109344482e-01
1.800000000000000044e+00,0.000000000000000000e+00,-9.220492839813232422e-02,9.974742680788040161e-02
1.800000000000000044e+00,0.000000000000000000e+00,-8.619964122772216797e-02,9.783824533224105835e-02
1.800000000000000044e+00,0.000000000000000000e+00,-8.019435405731201172e-02,9.275189787149429321e-02
1.800000000000000044e+00,0.000000000000000000e+00,-7.418912649154663086e-02,8.846380561590194702e-02
1.800000000000000044e+00,0.000000000000000000e+00,-6.818389892578125000e-02,8.716159313917160034e-02
1.800000000000000044e+00,0.000000000000000000e+00,-6.217861175537109375e-02,8.031717687845230103e-02
1.800000000000000044e+00,0.000000000000000000e+00,-5.617332458496093750e-02,7.950534671545028687e-02
1.800000000000000044e+00,0.000000000000000000e+00,-5.016803741455078125e-02,7.645286619663238525e-02
1.800000000000000044e+00,0.000000000000000000e+00,-4.416275024414062500e-02,7.338999956846237183e-02
1.800000000000000044e+00,0.000000000000000000e+00,-3.815746307373046875e-02,6.920497119426727295e-02
1.800000000000000044e+00,0.000000000000000000e+00,-3.215217590332031250e-02,6.429394334554672241e-02
1.800000000000000044e+00,0.000000000000000000e+00,-2.614688873291015625e-02,6.102408841252326965e-02
1.800000000000000044e+00,0.000000000000000000e+00,-2.014166116714477539e-02,5.646422877907752991e-02
1.800000000000000044e+00,0.000000000000000000e+00,-1.413643360137939453e-02,5.060507729649543762e-02
1.800000000000000044e+00,0.000000000000000000e+00,-8.131146430969238281e-03,4.663824662566184998e-02
1.800000000000000044e+00,0.000000000000000000e+00,-2.125859260559082031e-03,4.155547544360160828e-02
1.800000000000000044e+00,0.000000000000000000e+00,3.879427909851074219e-03,3.649700805544853210e-02
1.800000000000000044e+00,0.000000000000000000e+00,9.884703904390335083e-03,2.874046191573143005e-02
2.200000000000000178e+00,4.000000000000001332e-01,-1.482962250709533691e+00,6.527281403541564941e-01
2.200000000000000178e+00,4.000000000000001332e-01,-1.476516246795654297e+00,6.535242795944213867e-01
2.200000000000000178e+00,4.000000000000001332e-01,-1.470070362091064453e+00,6.543160080909729004e-01
2.200000000000000178e+00,4.000000000000001332e-01,-1.463624477386474609e+00,6.546131372451782227e-01
2.200000000000000178e+00,4.000000000000001332e-01,-1.457178592681884766e+00,6.532695293426513672e-01
2.200000000000000178e+00,4.000000000000001332e-01,-1.450732588768005371e+00,6.512171626091003418e-01
2.200000000000000178e+00,4.000000000000001332e-01,-1.444286584854125977e+00,6.506221294403076172e-01
2.200000000000000178e+00,4.000000000000001332e-01,-1.437840700149536133e+00,6.492433547973632812e-01
2.200000000000000178e+00,4.000000000000001332e-01,-1.431394815444946289e+00,6.460729837417602539e-01
2.200000000000000178e+00,4.000000000000001332e-01,-1.424948930740356445e+00,6.450273394584655762e-01
2.200000000000000178e+00,4.000000000000001332e-01,-1.418502926826477051e+00,6.450632810592651367e-01
2.200000000000000178e+00,4.000000000000001332e-01,-1.412057042121887207e+00,6.430984735488891602e-01
2.200000000000000178e+00,4.000000000000001332e-01,-1.405611038208007812e+00,6.408101916313171387e-01
2.200000000000000178e+00,4.000000000000001332e-01,-1.399165153503417969e+00,6.391472816467285156e-01
2.200000000000000178e+00,4.000000000000001332e-01,-1.392719268798828125e+00,6.357074975967407227e-01
2.200000000000000178e+00,4.000000000000001332e-01,-1.386273384094238281e+00,6.349782943725585938e-01
2.200000000000000178e+00,4.000000000000001332e-01,-1.379827380180358887e+00,6.338414549827575684e-01
2.200000000000000178e+00,4.000000000000001332e-01,-1.373381376266479492e+00,6.308113336563110352e-01
2.200000000000000178e+00,4.000000000000001332e-01,-1.366935491561889648e+00,6.287539005279541016e-01
2.200000000000000178e+00,4.000000000000001332e-01,-1.360489606857299805e+00,6.279079914093017578e-01
2.200000000000000178e+00,4.000000000000001332e-01,-1.354043722152709961e+00,6.246076822280883789e-01
2.200000000000000178e+00,4.000000000000001332e-01,-1.347597718238830566e+00,6.211073398590087891e-01
2.200000000000000178e+00,4.000000000000001332e-01,-1.341151833534240723e+00,6.195757389068603516e-01
2.200000000000000178e+00,4.000000000000001332e-01,-1.334705829620361328e+00,6.154528260231018066e-01
2.200000000000000178e+00,4.000000000000001332e-01,-1.328259944915771484e+00,6.147038340568542480e-01
2.200000000000000178e+00,4.000000000000001332e-01,-1.321814060211181641e+00,6.129539012908935547e-01
2.200000000000000178e+00,4.000000000000001332e-01,-1.315368175506591797e+00,6.085360050201416016e-01
2.200000000000000178e+00,4.000000000000001332e-01,-1.308922171592712402e+00,6.070542335510253906e-01
2.200000000000000178e+00,4.000000000000001332e-01,-1.302476167678833008e+00,6.049057841300964355e-01
2.200000000000000178e+00,4.000000000000001332e-01,-1.296030282974243164e+00,6.015470027923583984e-01
2.200000000000000178e+00,4.000000000000001332e-01,-1.289584398269653320e+00,6.002095937728881836e-01
2.200000000000000178e+00,4.000000000000001332e-01,-1.283138513565063477e+00,5.971073508262634277e-01
2.200000000000000178e+00,4.000000000000001332e-01,-1.276692509651184082e+00,5.956378579139709473e-01
2.200000000000000178e+00,4.000000000000001332e-01,-1.270246624946594238e+00,5.924286842346191406e-01
2.200000000000000178e+00,4.000000000000001332e-01,-1.263800621032714844e+00,5.892701745033264160e-01
2.200000000000000178e+00,4.000000000000001332e-01,-1.257354736328125000e+00,5.883935689926147461e-01
2.200000000000000178e+00,4.000000000000001332e-01,-1.250908851623535156e+00,5.838222503662109375e-01
2.200000000000000178e+00,4.000000000000001332e-01,-1.244462966918945312e+00,5.820817351341247559e-01
2.200000000000000178e+00,4.000000000000001332e-01,-1.238016963005065918e+00,5.813780426979064941e-01
2.200000000000000178e+00,4.000000000000001332e-01,-1.231570959091186523e+00,5.770671367645263672e-01
2.200000000000000178e+00,4.000000000000001332e-01,-1.225125074386596680e+00,5.759978294372558594e-01
2.200000000000000178e+00,4.000000000000001332e-01,-1.218679189682006836e+00,5.717788338661193848e-01
2.200000000000000178e+00,4.000000000000001332e-01,-1.212233304977416992e+00,5.702742338180541992e-01
2.200000000000000178e+00,4.000000000000001332e-01,-1.205787420272827148e+00,5.693252682685852051e-01
2.200000000000000178e+00,4.000000000000001332e-01,-1.199341416358947754e+00,5.638528466224670410e-01
2.200000000000000178e+00,4.000000000000001332e-01,-1.192895412445068359e+00,5.625768899917602539e-01
2.200000000000000178e+00,4.000000000000001332e-01,-1.186449527740478516e+00,5.616171360015869141e-01
2.200000000000000178e+00,4.000000000000001332e-01,-1.180003643035888672e+00,5.564419627189636230e-01
2.200000000000000178e+00,4.000000000000001332e-01,-1.173557758331298828e+00,5.556112527847290039e-01
2.200000000000000178e+00,4.000000000000001332e-01,-1.167111754417419434e+00,5.552171468734741211e-01
2.200000000000000178e+00,4.000000000000001332e-01,-1.160665750503540039e+00,5.498840212821960449e-01
2.200000000000000178e+00,4.000000000000001332e-01,-1.154219865798950195e+00,5.474109649658203125e-01
2.200000000000000178e+00,4.000000000000001332e-01,-1.147773981094360352e+00,5.459370017051696777e-01
2.200000000000000178e+00,4.000000000000001332e-01,-1.141328096389770508e+00,5.442764163017272949e-01
2.200000000000000178e+00,4.000000000000001332e-01,-1.134882211685180664e+00,5.424171686172485352e-01
2.200000000000000178e+00,4.000000000000001332e-01,-1.128436207771301270e+00,5.381499528884887695e-01
2.200000000000000178e+00,4.000000000000001332e-01,-1.121990203857421875e+00,5.366467237472534180e-01
2.200000000000000178e+00,4.000000000000001332e-01,-1.115544319152832031e+00,5.334410667419433594e-01
2.200000000000000178e+00,4.000000000000001332e-01,-1.109098434448242188e+00,5.306962728500366211e-01
2.200000000000000178e+00,4.000000000000001332e-01,-1.102652549743652344e+00,5.296171903610229492e-01
2.200000000000000178e+00,4.000000000000001332e-01,-1.096206545829772949e+00,5.258213281631469727e-01
2.200000000000000178e+00,4.000000000000001332e-01,-1.089760541915893555e+00,5.245973467826843262e-01
2.200000000000000178e+00,4.000000000000001332e-01,-1.083314657211303711e+00,5.205258727073669434e-01
2.200000000000000178e+00,4.000000000000001332e-01,-1.076868772506713867e+00,5.183795690536499023e-01
2.200000000000000178e+00,4.000000000000001332e-01,-1.070422887802124023e+00,5.168171525001525879e-01
2.200000000000000178e+00,4.000000000000001332e-01,-1.063977003097534180e+00,5.132088065147399902e-01
2.200000000000000178e+00,4.000000000000001332e-01,-1.057530999183654785e+00,5.115743279457092285e-01
2.200000000000000178e+00,4.000000000000001332e-01,-1.051084995269775391e+00,5.104171633720397949e-01
2.200000000000000178e+00,4.000000000000001332e-01,-1.044639110565185547e+00,5.057960152626037598e-01
2.200000000000000178e+00,4.000000000000001332e-01,-1.038193225860595703e+00,5.044798254966735840e-01
2.200000000000000178e+00,4.000000000000001332e-01,-1.031747341156005859e+00,5.010893344879150391e-01
2.200000000000000178e+00,4.000000000000001332e-01,-1.025301337242126465e+00,4.984245896339416504e-01
2.200000000000000178e+00,4.000000000000001332e-01,-1.018855333328247070e+00,4.961243271827697754e-01
2.200000000000000178e+00,4.000000000000001332e-01,-1.012409448623657227e+00,4.940155744552612305e-01
2.200000000000000178e+00,4.000000000000001332e-01,-1.005963563919067383e+00,4.922212064266204834e-01
2.200000000000000178e+00,4.000000000000001332e-01,-9.995176792144775391e-01,4.892461597919464111e-01
2.200000000000000178e+00,4.000000000000001332e-01,-9.930716753005981445e-01,4.866859316825866699e-01
2.200000000000000178e+00,4.000000000000001332e-01,-9.866257905960083008e-01,4.848171770572662354e-01
2.200000000000000178e+00,4.000000000000001332e-01,-9.801798462867736816e-01,4.816667437553405762e-01
2.200000000000000178e+00,4.000000000000001332e-01,-9.737339019775390625e-01,4.784171581268310547e-01
2.200000000000000178e+00,4.000000000000001332e-01,-9.672880172729492188e-01,4.766639471054077148e-01
2.200000000000000178e+00,4.000000000000001332e-01,-9.608420133590698242e-01,4.740896821022033691e-01
2.200000000000000178e+00,4.000000000000001332e-01,-9.543961286544799805e-01,4.720171689987182617e-01
2.200000000000000178e+00,4.000000000000001332e-01,-9.479502439498901367e-01,4.692062139511108398e-01
2.200000000000000178e+00,4.000000000000001332e-01,-9.415042400360107422e-01,4.666568636894226074e-01
2.200000000000000178e+00,4.000000000000001332e-01,-9.350583553314208984e-01,4.638295471668243408e-01
2.200000000000000178e+00,4.000000000000001332e-01,-9.286124706268310547e-01,4.610814154148101807e-01
2.200000000000000178e+00,4.000000000000001332e-01,-9.221664667129516602e-01,4.592171609401702881e-01
2.200000000000000178e+00,4.000000000000001332e-01,-9.157205820083618164e-01,4.566892981529235840e-01
2.200000000000000178e+00,4.000000000000001332e-01,-9.092746376991271973e-01,4.545378983020782471e-01
2.200000000000000178e+00,4.000000000000001332e-01,-9.028286933898925781e-01,4.511543810367584229e-01
2.200000000000000178e+00,4.000000000000001332e-01,-8.963828086853027344e-01,4.498639702796936035e-01
2.200000000000000178e+00,4.000000000000001332e-01,-8.899368047714233398e-01,4.480356872081756592e-01
2.200000000000000178e+00,4.000000000000001332e-01,-8.834909200668334961e-01,4.439693689346313477e-01
2.200000000000000178e+00,4.000000000000001332e-01,-8.770450353622436523e-01,4.419443309307098389e-01
2.200000000000000178e+00,4.000000000000001332e-01,-8.705990314483642578e-01,4.400171637535095215e-01
2.200000000000000178e+00,4.000000000000001332e-01,-8.641531467437744141e-01,4.362362623214721680e-01
2.200000000000000178e+00,4.000000000000001332e-01,-8.577072620391845703e-01,4.342266023159027100e-01
2.200000000000000178e+00,4.000000000000001332e-01,-8.512612581253051758e-01,4.316142201423645020e-01
2.200000000000000178e+00,4.000000000000001332e-01,-8.448153734207153320e-01,4.296716451644897461e-01
2.200000000000000178e+00,4.000000000000001332e-01,-8.383694291114807129e-01,4.272171556949615479e-01
2.200000000000000178e+00,4.000000000000001332e-01,-8.319234848022460938e-01,4.237174987792968750e-01
2.200000000000000178e+00,4.000000000000001332e-01,-8.254776000976562500e-01,4.220080375671386719e-01
2.200000000000000178e+00,4.000000000000001332e-01,-8.190315961837768555e-01,4.192494750022888184e-01
2.200000000000000178e+00,4.000000000000001332e-01,-8.125857114791870117e-01,4.163732230663299561e-01
2.200000000000000178e+00,4.000000000000001332e-01,-8.061398267745971680e-01,4.132262170314788818e-01
2.200000000000000178e+00,4.000000000000001332e-01,-7.996938228607177734e-01,4.111801981925964355e-01
2.200000000000000178e+00,4.000000000000001332e-01,-7.932479381561279297e-01,4.087617695331573486e-01
2.200000000000000178e+00,4.000000000000001332e-01,-7.868020534515380859e-01,4.053046107292175293e-01
2.200000000000000178e+00,4.000000000000001332e-01,-7.803560495376586914e-01,4.031964242458343506e-01
2.200000000000000178e+00,4.000000000000001332e-01,-7.739101648330688477e-01,4.016171693801879883e-01
2.200000000000000178e+00,4.000000000000001332e-01,-7.674642205238342285e-01,3.985627293586730957e-01
2.200000000000000178e+00,4.000000000000001332e-01,-7.610182762145996094e-01,3.963630199432373047e-01
2.200000000000000178e+00,4.000000000000001332e-01,-7.545723915100097656e-01,3.933435678482055664e-01
2.200000000000000178e+00,4.000000000000001332e-01,-7.481263875961303711e-01,3.907100558280944824e-01
2.200000000000000178e+00,4.000000000000001332e-01,-7.416805028915405273e-01,3.888171613216400146e-01
2.200000000000000178e+00,4.000000000000001332e-01,-7.352346181869506836e-01,3.860358595848083496e-01
2.200000000000000178e+00,4.000000000000001332e-01,-7.287886142730712891e-01,3.824171721935272217e-01
2.200000000000000178e+00,4.000000000000001332e-01,-7.223427295684814453e-01,3.805188536643981934e-01
2.200000000000000178e+00,4.000000000000001332e-01,-7.158968448638916016e-01,3.778167366981506348e-01
2.200000000000000178e+00,4.000000000000001332e-01,-7.094508409500122070e-01,3.745291233062744141e-01
2.200000000000000178e+00,4.000000000000001332e-01,-7.030049562454223633e-01,3.727848231792449951e-01
2.200000000000000178e+00,4.000000000000001332e-01,-6.965590119361877441e-01,3.696171641349792480e-01
2.200000000000000178e+00,4.000000000000001332e-01,-6.901130676269531250e-01,3.662570714950561523e-01
2.200000000000000178e+00,4.000000000000001332e-01,-6.836671829223632812e-01,3.646085560321807861e-01
2.200000000000000178e+00,4.000000000000001332e-01,-6.772211790084838867e-01,3.615346252918243408e-01
2.200000000000000178e+00,4.000000000000001332e-01,-6.707752943038940430e-01,3.591926693916320801e-01
2.200000000000000178e+00,4.000000000000001332e-01,-6.643294095993041992e-01,3.568171560764312744e-01
2.200000000000000178e+00,4.000000000000001332e-01,-6.578834056854248047e-01,3.540897667407989502e-01
2.200000000000000178e+00,4.000000000000001332e-01,-6.514375209808349609e-01,3.523295223712921143e-01
2.200000000000000178e+00,4.000000000000001332e-01,-6.449916362762451172e-01,3.483067452907562256e-01
2.200000000000000178e+00,4.000000000000001332e-01,-6.385456323623657227e-01,3.454287946224212646e-01
2.200000000000000178e+00,4.000000000000001332e-01,-6.320997476577758789e-01,3.440171778202056885e-01
2.200000000000000178e+00,4.000000000000001332e-01,-6.256538033485412598e-01,3.398617208003997803e-01
2.200000000000000178e+00,4.000000000000001332e-01,-6.192078590393066406e-01,3.380303680896759033e-01
2.200000000000000178e+00,4.000000000000001332e-01,-6.127619743347167969e-01,3.362862169742584229e-01
2.200000000000000178e+00,4.000000000000001332e-01,-6.063159704208374023e-01,3.321372866630554199e-01
2.200000000000000178e+00,4.000000000000001332e-01,-5.998700857162475586e-01,3.297471404075622559e-01
2.200000000000000178e+00,4.000000000000001332e-01,-5.934242010116577148e-01,3.276296854019165039e-01
2.200000000000000178e+00,4.000000000000001332e-01,-5.869781970977783203e-01,3.248171508312225342e-01
2.200000000000000178e+00,4.000000000000001332e-01,-5.805323123931884766e-01,3.210285305976867676e-01
2.200000000000000178e+00,4.000000000000001332e-01,-5.740864276885986328e-01,3.188809752464294434e-01
2.200000000000000178e+00,4.000000000000001332e-01,-5.676404237747192383e-01,3.151161670684814453e-01
2.200000000000000178e+00,4.000000000000001332e-01,-5.611945390701293945e-01,3.141898810863494873e-01
2.200000000000000178e+00,4.000000000000001332e-01,-5.547485947608947754e-01,3.120171725749969482e-01
2.200000000000000178e+00,4.000000000000001332e-01,-5.483026504516601562e-01,3.074380457401275635e-01
2.200000000000000178e+00,4.000000000000001332e-01,-5.418567657470703125e-01,3.060764670372009277e-01
2.200000000000000178e+00,4.000000000000001332e-01,-5.354107618331909180e-01,3.019348084926605225e-01
2.200000000000000178e+00,4.000000000000001332e-01,-5.289648771286010742e-01,2.994230985641479492e-01
2.200000000000000178e+00,4.000000000000001332e-01,-5.225189924240112305e-01,2.963851988315582275e-01
2.200000000000000178e+00,4.000000000000001332e-01,-5.160729885101318359e-01,2.947938442230224609e-01
2.200000000000000178e+00,4.000000000000001332e-01,-5.096271038055419922e-01,2.916895449161529541e-01
2.200000000000000178e+00,4.000000000000001332e-01,-5.031812191009521484e-01,2.879815101623535156e-01
2.200000000000000178e+00,4.000000000000001332e-01,-4.967352449893951416e-01,2.868613600730895996e-01
2.200000000000000178e+00,4.000000000000001332e-01,-4.902893006801605225e-01,2.829307615756988525e-01
2.200000000000000178e+00,4.000000000000001332e-01,-4.838433563709259033e-01,2.804579436779022217e-01
2.200000000000000178e+00,4.000000000000001332e-01,-4.773974418640136719e-01,2.776248753070831299e-01
2.200000000000000178e+00,4.000000000000001332e-01,-4.709515571594238281e-01,2.755291461944580078e-01
2.200000000000000178e+00,4.000000000000001332e-01,-4.645056128501892090e-01,2.728663384914398193e-01
2.200000000000000178e+00,4.000000000000001332e-01,-4.580596685409545898e-01,2.686577737331390381e-01
2.200000000000000178e+00,4.000000000000001332e-01,-4.516137838363647461e-01,2.667982876300811768e-01
2.200000000000000178e+00,4.000000000000001332e-01,-4.451678395271301270e-01,2.643859982490539551e-01
2.200000000000000178e+00,4.000000000000001332e-01,-4.387218952178955078e-01,2.613022923469543457e-01
2.200000000000000178e+00,4.000000000000001332e-01,-4.322759509086608887e-01,2.578255832195281982e-01
2.200000000000000178e+00,4.000000000000001332e-01,-4.258300065994262695e-01,2.568801045417785645e-01
2.200000000000000178e+00,4.000000000000001332e-01,-4.193841218948364258e-01,2.533927559852600098e-01
2.200000000000000178e+00,4.000000000000001332e-01,-4.129381775856018066e-01,2.500848174095153809e-01
2.200000000000000178e+00,4.000000000000001332e-01,-4.064922332763671875e-01,2.481473386287689209e-01
2.200000000000000178e+00,4.000000000000001332e-01,-4.000463485717773438e-01,2.445486485958099365e-01
2.200000000000000178e+00,4.000000000000001332e-01,-3.936004042625427246e-01,2.435850054025650024e-01
2.200000000000000178e+00,4.000000000000001332e-01,-3.871544599533081055e-01,2.389045804738998413e-01
2.200000000000000178e+00,4.000000000000001332e-01,-3.807085752487182617e-01,2.360092103481292725e-01
2.200000000000000178e+00,4.000000000000001332e-01,-3.742626309394836426e-01,2.340995818376541138e-01
2.200000000000000178e+00,4.000000000000001332e-01,-3.678166866302490234e-01,2.310314774513244629e-01
2.200000000000000178e+00,4.000000000000001332e-01,-3.613707423210144043e-01,2.265701889991760254e-01
2.200000000000000178e+00,4.000000000000001332e-01,-3.549247980117797852e-01,2.236907929182052612e-01
2.200000000000000178e+00,4.000000000000001332e-01,-3.484789133071899414e-01,2.230227738618850708e-01
2.200000000000000178e+00,4.000000000000001332e-01,-3.420329689979553223e-01,2.169072628021240234e-01
2.200000000000000178e+00,4.000000000000001332e-01,-3.355870246887207031e-01,2.139661163091659546e-01
2.200000000000000178e+00,4.000000000000001332e-01,-3.291411399841308594e-01,2.118117958307266235e-01
2.200000000000000178e+00,4.000000000000001332e-01,-3.226951956748962402e-01,2.105698138475418091e-01
2.200000000000000178e+00,4.000000000000001332e-01,-3.162492513656616211e-01,2.060083299875259399e-01
2.200000000000000178e+00,4.000000000000001332e-01,-3.098033666610717773e-01,2.044128775596618652e-01
2.200000000000000178e+00,4.000000000000001332e-01,-3.033574223518371582e-01,2.003127038478851318e-01
2.200000000000000178e+00,4.000000000000001332e-01,-2.969114780426025391e-01,1.988338977098464966e-01
2.200000000000000178e+00,4.000000000000001332e-01,-2.904655337333679199e-01,1.929982304573059082e-01
2.200000000000000178e+00,4.000000000000001332e-01,-2.840195894241333008e-01,1.913640350103378296e-01
2.200000000000000178e+00,4.000000000000001332e-01,-2.775737047195434570e-01,1.904171556234359741e-01
2.200000000000000178e+00,4.000000000000001332e-01,-2.711277604103088379e-01,1.849758923053741455e-01
2.200000000000000178e+00,4.000000000000001332e-01,-2.646818161010742188e-01,1.818381696939468384e-01
2.200000000000000178e+00,4.000000000000001332e-01,-2.582359313964843750e-01,1.799253374338150024e-01
2.200000000000000178e+00,4.000000000000001332e-01,-2.517899870872497559e-01,1.788377612829208374e-01
2.200000000000000178e+00,4.000000000000001332e-01,-2.453440427780151367e-01,1.736751496791839600e-01
2.200000000000000178e+00,4.000000000000001332e-01,-2.388981580734252930e-01,1.725209355354309082e-01
2.200000000000000178e+00,4.000000000000001332e-01,-2.324522137641906738e-01,1.712171584367752075e-01
2.200000000000000178e+00,4.000000000000001332e-01,-2.260062694549560547e-01,1.658489257097244263e-01
2.200000000000000178e+00,4.000000000000001332e-01,-2.195603251457214355e-01,1.622953414916992188e-01
2.200000000000000178e+00,4.000000000000001332e-01,-2.131143808364868164e-01,1.599817574024200439e-01
2.200000000000000178e+00,4.000000000000001332e-01,-2.066684961318969727e-01,1.584171652793884277e-01
2.200000000000000178e+00,4.000000000000001332e-01,-2.002225518226623535e-01,1.536428183317184448e-01
2.200000000000000178e+00,4.000000000000001332e-01,-1.937766075134277344e-01,1.520171612501144409e-01
2.200000000000000178e+00,4.000000000000001332e-01,-1.873307228088378906e-01,1.485166996717453003e-01
2.200000000000000178e+00,4.000000000000001332e-01,-1.808847784996032715e-01,1.470987796783447266e-01
2.200000000000000178e+00,4.000000000000001332e-01,-1.744388341903686523e-01,1.416613757610321045e-01
2.200000000000000178e+00,4.000000000000001332e-01,-1.679929494857788086e-01,1.392171680927276611e-01
2.200000000000000178e+00,4.000000000000001332e-01,-1.615470051765441895e-01,1.365786939859390259e-01
2.200000000000000178e+00,4.000000000000001332e-01,-1.551010608673095703e-01,1.340159177780151367e-01
2.200000000000000178e+00,4.000000000000001332e-01,-1.486551165580749512e-01,1.306608319282531738e-01
2.200000000000000178e+00,4.000000000000001332e-01,-1.422091722488403320e-01,1.284994781017303467e-01
2.200000000000000178e+00,4.000000000000001332e-01,-1.357632875442504883e-01,1.268309652805328369e-01
2.200000000000000178e+00,4.000000000000001332e-01,-1.293173432350158691e-01,1.231380477547645569e-01
2.200000000000000178e+00,4.000000000000001332e-01,-1.228713989257812500e-01,1.207916513085365295e-01
2.200000000000000178e+00,4.000000000000001332e-01,-1.164255142211914062e-01,1.184588447213172913e-01
2.200000000000000178e+00,4.000000000000001332e-01,-1.099795699119567871e-01,1.150892302393913269e-01
2.200000000000000178e+00,4.000000000000001332e-01,-1.035336256027221680e-01,1.117317602038383484e-01
2.200000000000000178e+00,4.000000000000001332e-01,-9.708774089813232422e-02,1.096506714820861816e-01
2.200000000000000178e+00,4.000000000000001332e-01,-9.064179658889770508e-02,1.072171628475189209e-01
2.200000000000000178e+00,4.000000000000001332e-01,-8.419585227966308594e-02,1.034872159361839294e-01
2.200000000000000178e+00,4.000000000000001332e-01,-7.774990797042846680e-02,1.012758761644363403e-01
2.200000000000000178e+00,4.000000000000001332e-01,-7.130396366119384766e-02,9.830994158983230591e-02
2.200000000000000178e+00,4.000000000000001332e-01,-6.485807895660400391e-02,9.609055519104003906e-02
2.200000000000000178e+00,4.000000000000001332e-01,-5.841213464736938477e-02,9.441716223955154419e-02
2.200000000000000178e+00,4.000000000000001332e-01,-5.196619033813476562e-02,9.052220731973648071e-02
2.200000000000000178e+00,4.000000000000001332e-01,-4.552030563354492188e-02,8.870837837457656860e-02
2.200000000000000178e+00,4.000000000000001332e-01,-3.907436132431030273e-02,8.549556136131286621e-02
2.200000000000000178e+00,4.000000000000001332e-01,-3.262841701507568359e-02,8.279212564229965210e-02
2.200000000000000178e+00,4.000000000000001332e-01,-2.618253231048583984e-02,7.943516969680786133e-02
2.200000000000000178e+00,4.000000000000001332e-01,-1.973658800125122070e-02,7.683840394020080566e-02
2.200000000000000178e+00,4.000000000000001332e-01,-1.329064369201660156e-02,7.521716505289077759e-02
2.200000000000000178e+00,4.000000000000001332e-01,-6.844699382781982422e-03,7.158911973237991333e-02
2.200000000000000178e+00,4.000000000000001332e-01,-3.987550735473632812e-04,6.933768838644027710e-02
2.200000000000000178e+00,4.000000000000001332e-01,6.047129631042480469e-03,6.624597311019897461e-02
2.200000000000000178e+00,4.000000000000001332e-01,1.249307394027709961e-02,6.389443576335906982e-02
2.200000000000000178e+00,4.000000000000001332e-01,1.893901824951171875e-02,6.241716444492340088e-02
2.200000000000000178e+00,4.000000000000001332e-01,2.538490295410156250e-02,5.897284299135208130e-02
2.200000000000000178e+00,4.000000000000001332e-01,3.183084726333618164e-02,5.750358849763870239e-02
2.200000000000000178e+00,4.000000000000001332e-01,3.827679157257080078e-02,5.601716414093971252e-02
2.200000000000000178e+00,4.000000000000001332e-01,4.472267627716064453e-02,5.316771939396858215e-02
2.200000000000000178e+00,4.000000000000001332e-01,5.116862058639526367e-02,5.141247808933258057e-02
2.200000000000000178e+00,4.000000000000001332e-01,5.761456489562988281e-02,5.016585811972618103e-02
2.200000000000000178e+00,4.000000000000001332e-01,6.406050920486450195e-02,4.789799824357032776e-02
2.200000000000000178e+00,4.000000000000001332e-01,7.050645351409912109e-02,4.578558728098869324e-02
2.200000000000000178e+00,4.000000000000001332e-01,7.695233821868896484e-02,4.432685673236846924e-02
2.200000000000000178e+00,4.000000000000001332e-01,8.339828252792358398e-02,4.321716353297233582e-02
2.200000000000000178e+00,4.000000000000001332e-01,8.984422683715820312e-02,3.964259847998619080e-02
2.200000000000000178e+00,4.000000000000001332e-01,9.629011154174804688e-02,3.839553892612457275e-02
2.200000000000000178e+00,4.000000000000001332e-01,1.027360558509826660e-01,3.558901697397232056e-02
2.200000000000000178e+00,4.000000000000001332e-01,1.091820001602172852e-01,3.370511531829833984e-02
2.200000000000000178e+00,4.000000000000001332e-01,1.156278848648071289e-01,3.257178142666816711e-02
2.200000000000000178e+00,4.000000000000001332e-01,1.220738068222999573e-01,3.041716292500495911e-02
2.600000000000000089e+00,8.000000000000000444e-01,-1.481699109077453613e+00,6.517235636711120605e-01
2.600000000000000089e+00,8.000000000000000444e-01,-1.474992156028747559e+00,6.523063182830810547e-01
2.600000000000000089e+00,8.000000000000000444e-01,-1.468285083770751953e+00,6.528600454330444336e-01
2.600000000000000089e+00,8.000000000000000444e-01,-1.461578130722045898e+00,6.533243656158447266e-01
2.600000000000000089e+00,8.000000000000000444e-01,-1.454871177673339844e+00,6.524638533592224121e-01
2.600000000000000089e+00,8.000000000000000444e-01,-1.448164224624633789e+00,6.489408016204833984e-01
2.600000000000000089e+00,8.000000000000000444e-01,-1.441457271575927734e+00,6.480498909950256348e-01
2.600000000000000089e+00,8.000000000000000444e-01,-1.434750318527221680e+00,6.461117863655090332e-01
2.600000000000000089e+00,8.000000000000000444e-01,-1.428043246269226074e+00,6.427695155143737793e-01
2.600000000000000089e+00,8.000000000000000444e-01,-1.421336293220520020e+00,6.412299871444702148e-01
2.600000000000000089e+00,8.000000000000000444e-01,-1.414629340171813965e+00,6.408547163009643555e-01
2.600000000000000089e+00,8.000000000000000444e-01,-1.407922387123107910e+00,6.397955417633056641e-01
2.600000000000000089e+00,8.000000000000000444e-01,-1.401215314865112305e+00,6.373223066329956055e-01
2.600000000000000089e+00,8.000000000000000444e-01,-1.394508361816406250e+00,6.351523995399475098e-01
2.600000000000000089e+00,8.000000000000000444e-01,-1.387801408767700195e+00,6.330206990242004395e-01
2.600000000000000089e+00,8.000000000000000444e-01,-1.381094455718994141e+00,6.305431723594665527e-01
2.600000000000000089e+00,8.000000000000000444e-01,-1.374387502670288086e+00,6.295176744461059570e-01
2.600000000000000089e+00,8.000000000000000444e-01,-1.367680549621582031e+00,6.257956624031066895e-01
2.600000000000000089e+00,8.000000000000000444e-01,-1.360973477363586426e+00,6.233837604522705078e-01
2.600000000000000089e+00,8.000000000000000444e-01,-1.354266524314880371e+00,6.223688721656799316e-01
2.600000000000000089e+00,8.000000000000000444e-01,-1.347559571266174316e+00,6.196657419204711914e-01
2.600000000000000089e+00,8.000000000000000444e-01,-1.340852618217468262e+00,6.154738664627075195e-01
2.600000000000000089e+00,8.000000000000000444e-01,-1.334145545959472656e+00,6.142460703849792480e-01
2.600000000000000089e+00,8.000000000000000444e-01,-1.327438592910766602e+00,6.118544936180114746e-01
2.600000000000000089e+00,8.000000000000000444e-01,-1.320731639862060547e+00,6.080551743507385254e-01
2.600000000000000089e+00,8.000000000000000444e-01,-1.314024686813354492e+00,6.075409054756164551e-01
2.600000000000000089e+00,8.000000000000000444e-01,-1.307317733764648438e+00,6.040743589401245117e-01
2.600000000000000089e+00,8.000000000000000444e-01,-1.300610780715942383e+00,6.009516119956970215e-01
2.600000000000000089e+00,8.000000000000000444e-01,-1.293903708457946777e+00,5.976145863533020020e-01
2.600000000000000089e+00,8.000000000000000444e-01,-1.287196755409240723e+00,5.951614379882812500e-01
2.600000000000000089e+00,8.000000000000000444e-01,-1.280489802360534668e+00,5.914307236671447754e-01
2.600000000000000089e+00,8.000000000000000444e-01,-1.273782849311828613e+00,5.897606611251831055e-01
2.600000000000000089e+00,8.000000000000000444e-01,-1.267075777053833008e+00,5.879907608032226562e-01
2.600000000000000089e+00,8.000000000000000444e-01,-1.260368824005126953e+00,5.852383375167846680e-01
2.600000000000000089e+00,8.000000000000000444e-01,-1.253661870956420898e+00,5.833352804183959961e-01
2.600000000000000089e+00,8.000000000000000444e-01,-1.246954917907714844e+00,5.808221697807312012e-01
2.600000000000000089e+00,8.000000000000000444e-01,-1.240247964859008789e+00,5.784190893173217773e-01
2.600000000000000089e+00,8.000000000000000444e-01,-1.233541011810302734e+00,5.762324929237365723e-01
2.600000000000000089e+00,8.000000000000000444e-01,-1.226833939552307129e+00,5.715616941452026367e-01
2.600000000000000089e+00,8.000000000000000444e-01,-1.220126986503601074e+00,5.704656243324279785e-01
2.600000000000000089e+00,8.000000000000000444e-01,-1.213420033454895020e+00,5.680221915245056152e-01
2.600000000000000089e+00,8.000000000000000444e-01,-1.206713080406188965e+00,5.642555356025695801e-01
2.600000000000000089e+00,8.000000000000000444e-01,-1.200006127357482910e+00,5.632356405258178711e-01
2.600000000000000089e+00,8.000000000000000444e-01,-1.193299055099487305e+00,5.591473579406738281e-01
2.600000000000000089e+00,8.000000000000000444e-01,-1.186592102050781250e+00,5.573086142539978027e-01
2.600000000000000089e+00,8.000000000000000444e-01,-1.179885149002075195e+00,5.563963055610656738e-01
2.600000000000000089e+00,8.000000000000000444e-01,-1.173178195953369141e+00,5.522856712341308594e-01
2.600000000000000089e+00,8.000000000000000444e-01,-1.166471242904663086e+00,5.500154495239257812e-01
2.600000000000000089e+00,8.000000000000000444e-01,-1.159764170646667480e+00,5.489227771759033203e-01
2.600000000000000089e+00,8.000000000000000444e-01,-1.153057217597961426e+00,5.440734624862670898e-01
2.600000000000000089e+00,8.000000000000000444e-01,-1.146350264549255371e+00,5.413427352905273438e-01
2.600000000000000089e+00,8.000000000000000444e-01,-1.139643311500549316e+00,5.397347807884216309e-01
2.600000000000000089e+00,8.000000000000000444e-01,-1.132936358451843262e+00,5.375996232032775879e-01
2.600000000000000089e+00,8.000000000000000444e-01,-1.126229286193847656e+00,5.329130291938781738e-01
2.600000000000000089e+00,8.000000000000000444e-01,-1.119522333145141602e+00,5.312715172767639160e-01
2.600000000000000089e+00,8.000000000000000444e-01,-1.112815380096435547e+00,5.296221971511840820e-01
2.600000000000000089e+00,8.000000000000000444e-01,-1.106108427047729492e+00,5.276111960411071777e-01
2.600000000000000089e+00,8.000000000000000444e-01,-1.099401473999023438e+00,5.250810384750366211e-01
2.600000000000000089e+00,8.000000000000000444e-01,-1.092694401741027832e+00,5.217403173446655273e-01
2.600000000000000089e+00,8.000000000000000444e-01,-1.085987448692321777e+00,5.188649892807006836e-01
2.600000000000000089e+00,8.000000000000000444e-01,-1.079280495643615723e+00,5.168221592903137207e-01
2.600000000000000089e+00,8.000000000000000444e-01,-1.072573542594909668e+00,5.123529434204101562e-01
2.600000000000000089e+00,8.000000000000000444e-01,-1.065866589546203613e+00,5.108436942100524902e-01
2.600000000000000089e+00,8.000000000000000444e-01,-1.059159517288208008e+00,5.074833631515502930e-01
2.600000000000000089e+00,8.000000000000000444e-01,-1.052452564239501953e+00,5.053075551986694336e-01
2.600000000000000089e+00,8.000000000000000444e-01,-1.045745611190795898e+00,5.028731226921081543e-01
2.600000000000000089e+00,8.000000000000000444e-01,-1.039038658142089844e+00,4.995683431625366211e-01
2.600000000000000089e+00,8.000000000000000444e-01,-1.032331705093383789e+00,4.976221621036529541e-01
2.600000000000000089e+00,8.000000000000000444e-01,-1.025624632835388184e+00,4.951494634151458740e-01
2.600000000000000089e+00,8.000000000000000444e-01,-1.018917679786682129e+00,4.917466044425964355e-01
2.600000000000000089e+00,8.000000000000000444e-01,-1.012210726737976074e+00,4.894196987152099609e-01
2.600000000000000089e+00,8.000000000000000444e-01,-1.005503773689270020e+00,4.872498810291290283e-01
2.600000000000000089e+00,8.000000000000000444e-01,-9.987968206405639648e-01,4.852951169013977051e-01
2.600000000000000089e+00,8.000000000000000444e-01,-9.920897483825683594e-01,4.820595681667327881e-01
2.600000000000000089e+00,8.000000000000000444e-01,-9.853827953338623047e-01,4.797801077365875244e-01
2.600000000000000089e+00,8.000000000000000444e-01,-9.786758422851562500e-01,4.760275185108184814e-01
2.600000000000000089e+00,8.000000000000000444e-01,-9.719688892364501953e-01,4.739626348018646240e-01
2.600000000000000089e+00,8.000000000000000444e-01,-9.652618765830993652e-01,4.720221757888793945e-01
2.600000000000000089e+00,8.000000000000000444e-01,-9.585549235343933105e-01,4.686695933341979980e-01
2.600000000000000089e+00,8.000000000000000444e-01,-9.518479108810424805e-01,4.668164253234863281e-01
2.600000000000000089e+00,8.000000000000000444e-01,-9.451409578323364258e-01,4.625216126441955566e-01
2.600000000000000089e+00,8.000000000000000444e-01,-9.384340047836303711e-01,4.601222276687622070e-01
2.600000000000000089e+00,8.000000000000000444e-01,-9.317269921302795410e-01,4.585151672363281250e-01
2.600000000000000089e+00,8.000000000000000444e-01,-9.250200390815734863e-01,4.556471407413482666e-01
2.600000000000000089e+00,8.000000000000000444e-01,-9.183130264282226562e-01,4.528221786022186279e-01
2.600000000000000089e+00,8.000000000000000444e-01,-9.116060733795166016e-01,4.501313269138336182e-01
2.600000000000000089e+00,8.000000000000000444e-01,-9.048991203308105469e-01,4.481205940246582031e-01
2.600000000000000089e+00,8.000000000000000444e-01,-8.981921076774597168e-01,4.442168176174163818e-01
2.600000000000000089e+00,8.000000000000000444e-01,-8.914851546287536621e-01,4.426943361759185791e-01
2.600000000000000089e+00,8.000000000000000444e-01,-8.847781419754028320e-01,4.404099881649017334e-01
2.600000000000000089e+00,8.000000000000000444e-01,-8.780711889266967773e-01,4.359540343284606934e-01
2.600000000000000089e+00,8.000000000000000444e-01,-8.713642358779907227e-01,4.343428015708923340e-01
2.600000000000000089e+00,8.000000000000000444e-01,-8.646572232246398926e-01,4.303498864173889160e-01
2.600000000000000089e+00,8.000000000000000444e-01,-8.579502701759338379e-01,4.282595515251159668e-01
2.600000000000000089e+00,8.000000000000000444e-01,-8.512432575225830078e-01,4.272221624851226807e-01
2.600000000000000089e+00,8.000000000000000444e-01,-8.445363044738769531e-01,4.232048690319061279e-01
2.600000000000000089e+00,8.000000000000000444e-01,-8.378293514251708984e-01,4.208221733570098877e-01
2.600000000000000089e+00,8.000000000000000444e-01,-8.311223387718200684e-01,4.188889265060424805e-01
2.600000000000000089e+00,8.000000000000000444e-01,-8.244153857231140137e-01,4.170997142791748047e-01
2.600000000000000089e+00,8.000000000000000444e-01,-8.177083730697631836e-01,4.129912257194519043e-01
2.600000000000000089e+00,8.000000000000000444e-01,-8.110014200210571289e-01,4.103548228740692139e-01
2.600000000000000089e+00,8.000000000000000444e-01,-8.042944669723510742e-01,4.082155823707580566e-01
2.600000000000000089e+00,8.000000000000000444e-01,-7.975874543190002441e-01,4.034271836280822754e-01
2.600000000000000089e+00,8.000000000000000444e-01,-7.908805012702941895e-01,4.018395841121673584e-01
2.600000000000000089e+00,8.000000000000000444e-01,-7.841734886169433594e-01,3.993656039237976074e-01
2.600000000000000089e+00,8.000000000000000444e-01,-7.774665355682373047e-01,3.971111774444580078e-01
2.600000000000000089e+00,8.000000000000000444e-01,-7.707595825195312500e-01,3.952221870422363281e-01
2.600000000000000089e+00,8.000000000000000444e-01,-7.640525698661804199e-01,3.907380402088165283e-01
2.600000000000000089e+00,8.000000000000000444e-01,-7.573456168174743652e-01,3.894859850406646729e-01
2.600000000000000089e+00,8.000000000000000444e-01,-7.506386041641235352e-01,3.869881927967071533e-01
2.600000000000000089e+00,8.000000000000000444e-01,-7.439316511154174805e-01,3.847007155418395996e-01
2.600000000000000089e+00,8.000000000000000444e-01,-7.372246980667114258e-01,3.798226714134216309e-01
2.600000000000000089e+00,8.000000000000000444e-01,-7.305176854133605957e-01,3.777669668197631836e-01
2.600000000000000089e+00,8.000000000000000444e-01,-7.238107323646545410e-01,3.760221600532531738e-01
2.600000000000000089e+00,8.000000000000000444e-01,-7.171037197113037109e-01,3.720642626285552979e-01
2.600000000000000089e+00,8.000000000000000444e-01,-7.103967666625976562e-01,3.705443143844604492e-01
2.600000000000000089e+00,8.000000000000000444e-01,-7.036898136138916016e-01,3.670390546321868896e-01
2.600000000000000089e+00,8.000000000000000444e-01,-6.969828009605407715e-01,3.650714159011840820e-01
2.600000000000000089e+00,8.000000000000000444e-01,-6.902758479118347168e-01,3.616314232349395752e-01
2.600000000000000089e+00,8.000000000000000444e-01,-6.835688352584838867e-01,3.591764867305755615e-01
2.600000000000000089e+00,8.000000000000000444e-01,-6.768618822097778320e-01,3.568221628665924072e-01
2.600000000000000089e+00,8.000000000000000444e-01,-6.701549291610717773e-01,3.527954220771789551e-01
2.600000000000000089e+00,8.000000000000000444e-01,-6.634479165077209473e-01,3.508077859878540039e-01
2.600000000000000089e+00,8.000000000000000444e-01,-6.567409634590148926e-01,3.490399420261383057e-01
2.600000000000000089e+00,8.000000000000000444e-01,-6.500339508056640625e-01,3.448652625083923340e-01
2.600000000000000089e+00,8.000000000000000444e-01,-6.433269977569580078e-01,3.417477905750274658e-01
2.600000000000000089e+00,8.000000000000000444e-01,-6.366200447082519531e-01,3.404953181743621826e-01
2.600000000000000089e+00,8.000000000000000444e-01,-6.299130320549011230e-01,3.376221656799316406e-01
2.600000000000000089e+00,8.000000000000000444e-01,-6.232060790061950684e-01,3.342551887035369873e-01
2.600000000000000089e+00,8.000000000000000444e-01,-6.164990663528442383e-01,3.334335386753082275e-01
2.600000000000000089e+00,8.000000000000000444e-01,-6.097921133041381836e-01,3.295100629329681396e-01
2.600000000000000089e+00,8.000000000000000444e-01,-6.030851602554321289e-01,3.265168070793151855e-01
2.600000000000000089e+00,8.000000000000000444e-01,-5.963781476020812988e-01,3.248500823974609375e-01
2.600000000000000089e+00,8.000000000000000444e-01,-5.896711945533752441e-01,3.199677467346191406e-01
2.600000000000000089e+00,8.000000000000000444e-01,-5.829641819000244141e-01,3.187767863273620605e-01
2.600000000000000089e+00,8.000000000000000444e-01,-5.762572288513183594e-01,3.147437572479248047e-01
2.600000000000000089e+00,8.000000000000000444e-01,-5.695502758026123047e-01,3.125156760215759277e-01
2.600000000000000089e+00,8.000000000000000444e-01,-5.628432631492614746e-01,3.098666965961456299e-01
2.600000000000000089e+00,8.000000000000000444e-01,-5.561363101005554199e-01,3.073025643825531006e-01
2.600000000000000089e+00,8.000000000000000444e-01,-5.494292974472045898e-01,3.036432862281799316e-01
2.600000000000000089e+00,8.000000000000000444e-01,-5.427223443984985352e-01,3.015763163566589355e-01
2.600000000000000089e+00,8.000000000000000444e-01,-5.360153913497924805e-01,2.992221713066101074e-01
2.600000000000000089e+00,8.000000000000000444e-01,-5.293083786964416504e-01,2.947284281253814697e-01
2.600000000000000089e+00,8.000000000000000444e-01,-5.226014256477355957e-01,2.933143079280853271e-01
2.600000000000000089e+00,8.000000000000000444e-01,-5.158944129943847656e-01,2.892380058765411377e-01
2.600000000000000089e+00,8.000000000000000444e-01,-5.091874599456787109e-01,2.864221632480621338e-01
2.600000000000000089e+00,8.000000000000000444e-01,-5.024805068969726562e-01,2.839498817920684814e-01
2.600000000000000089e+00,8.000000000000000444e-01,-4.957734942436218262e-01,2.820799648761749268e-01
2.600000000000000089e+00,8.000000000000000444e-01,-4.890665411949157715e-01,2.770155966281890869e-01
2.600000000000000089e+00,8.000000000000000444e-01,-4.823595583438873291e-01,2.755894660949707031e-01
2.600000000000000089e+00,8.000000000000000444e-01,-4.756525754928588867e-01,2.736221849918365479e-01
2.600000000000000089e+00,8.000000000000000444e-01,-4.689456224441528320e-01,2.698404192924499512e-01
2.600000000000000089e+00,8.000000000000000444e-01,-4.622386693954467773e-01,2.689530849456787109e-01
2.600000000000000089e+00,8.000000000000000444e-01,-4.555316567420959473e-01,2.637724280357360840e-01
2.600000000000000089e+00,8.000000000000000444e-01,-4.488246440887451172e-01,2.614026963710784912e-01
2.600000000000000089e+00,8.000000000000000444e-01,-4.421176910400390625e-01,2.590358853340148926e-01
2.600000000000000089e+00,8.000000000000000444e-01,-4.354107379913330078e-01,2.559367120265960693e-01
2.600000000000000089e+00,8.000000000000000444e-01,-4.287037849426269531e-01,2.523374855518341064e-01
2.600000000000000089e+00,8.000000000000000444e-01,-4.219967722892761230e-01,2.499251514673233032e-01
2.600000000000000089e+00,8.000000000000000444e-01,-4.152897596359252930e-01,2.480221688747406006e-01
2.600000000000000089e+00,8.000000000000000444e-01,-4.085828065872192383e-01,2.450305819511413574e-01
2.600000000000000089e+00,8.000000000000000444e-01,-4.018758535385131836e-01,2.416221797466278076e-01
2.600000000000000089e+00,8.000000000000000444e-01,-3.951689004898071289e-01,2.393779754638671875e-01
2.600000000000000089e+00,8.000000000000000444e-01,-3.884618878364562988e-01,2.354550212621688843e-01
2.600000000000000089e+00,8.000000000000000444e-01,-3.817548751831054688e-01,2.316007018089294434e-01
2.600000000000000089e+00,8.000000000000000444e-01,-3.750479221343994141e-01,2.300958782434463501e-01
2.600000000000000089e+00,8.000000000000000444e-01,-3.683409690856933594e-01,2.279546707868576050e-01
2.600000000000000089e+00,8.000000000000000444e-01,-3.616340160369873047e-01,2.244207561016082764e-01
2.600000000000000089e+00,8.000000000000000444e-01,-3.549270033836364746e-01,2.214732915163040161e-01
2.600000000000000089e+00,8.000000000000000444e-01,-3.482199907302856445e-01,2.184407711029052734e-01
2.600000000000000089e+00,8.000000000000000444e-01,-3.415130376815795898e-01,2.171883285045623779e-01
2.600000000000000089e+00,8.000000000000000444e-01,-3.348060846328735352e-01,2.129635363817214966e-01
2.600000000000000089e+00,8.000000000000000444e-01,-3.280991315841674805e-01,2.103388309478759766e-01
2.600000000000000089e+00,8.000000000000000444e-01,-3.213921189308166504e-01,2.085033804178237915e-01
2.600000000000000089e+00,8.000000000000000444e-01,-3.146851062774658203e-01,2.045681178569793701e-01
2.600000000000000089e+00,8.000000000000000444e-01,-3.079781532287597656e-01,2.003924697637557983e-01
2.600000000000000089e+00,8.000000000000000444e-01,-3.012712001800537109e-01,1.980344951152801514e-01
2.600000000000000089e+00,8.000000000000000444e-01,-2.945642471313476562e-01,1.953673958778381348e-01
2.600000000000000089e+00,8.000000000000000444e-01,-2.878572344779968262e-01,1.932871341705322266e-01
2.600000000000000089e+00,8.000000000000000444e-01,-2.811502218246459961e-01,1.904221773147583008e-01
2.600000000000000089e+00,8.000000000000000444e-01,-2.744432687759399414e-01,1.865935027599334717e-01
2.600000000000000089e+00,8.000000000000000444e-01,-2.677363157272338867e-01,1.851285547018051147e-01
2.600000000000000089e+00,8.000000000000000444e-01,-2.610293626785278320e-01,1.815011799335479736e-01
2.600000000000000089e+00,8.000000000000000444e-01,-2.543223500251770020e-01,1.776221692562103271e-01
2.600000000000000089e+00,8.000000000000000444e-01,-2.476153373718261719e-01,1.740061789751052856e-01
2.600000000000000089e+00,8.000000000000000444e-01,-2.409083843231201172e-01,1.724093705415725708e-01
2.600000000000000089e+00,8.000000000000000444e-01,-2.342014312744140625e-01,1.695678979158401489e-01
2.600000000000000089e+00,8.000000000000000444e-01,-2.274944782257080078e-01,1.654357463121414185e-01
2.600000000000000089e+00,8.000000000000000444e-01,-2.207874655723571777e-01,1.637670397758483887e-01
2.600000000000000089e+00,8.000000000000000444e-01,-2.140804529190063477e-01,1.602627485990524292e-01
2.600000000000000089e+00,8.000000000000000444e-01,-2.073734998703002930e-01,1.584221720695495605e-01
2.600000000000000089e+00,8.000000000000000444e-01,-2.006665468215942383e-01,1.541068553924560547e-01
2.600000000000000089e+00,8.000000000000000444e-01,-1.939595937728881836e-01,1.524250358343124390e-01
2.600000000000000089e+00,8.000000000000000444e-01,-1.872525811195373535e-01,1.494649648666381836e-01
2.600000000000000089e+00,8.000000000000000444e-01,-1.805455684661865234e-01,1.453499794006347656e-01
2.600000000000000089e+00,8.000000000000000444e-01,-1.738386154174804688e-01,1.422205418348312378e-01
2.600000000000000089e+00,8.000000000000000444e-01,-1.671316623687744141e-01,1.401741057634353638e-01
2.600000000000000089e+00,8.000000000000000444e-01,-1.604247093200683594e-01,1.360558718442916870e-01
2.600000000000000089e+00,8.000000000000000444e-01,-1.537176966667175293e-01,1.341548115015029907e-01
2.600000000000000089e+00,8.000000000000000444e-01,-1.470106840133666992e-01,1.331193596124649048e-01
2.600000000000000089e+00,8.000000000000000444e-01,-1.403037309646606445e-01,1.291732937097549438e-01
2.600000000000000089e+00,8.000000000000000444e-01,-1.335967779159545898e-01,1.269027888774871826e-01
2.600000000000000089e+00,8.000000000000000444e-01,-1.268898248672485352e-01,1.247794255614280701e-01
2.600000000000000089e+00,8.000000000000000444e-01,-1.201828122138977051e-01,1.200221702456474304e-01
2.600000000000000089e+00,8.000000000000000444e-01,-1.134757995605468750e-01,1.181400194764137268e-01
2.600000000000000089e+00,8.000000000000000444e-01,-1.067688465118408203e-01,1.156996488571166992e-01
2.600000000000000089e+00,8.000000000000000444e-01,-1.000618934631347656e-01,1.136221736669540405e-01
2.600000000000000089e+00,8.000000000000000444e-01,-9.335494041442871094e-02,1.097313091158866882e-01
2.600000000000000089e+00,8.000000000000000444e-01,-8.664792776107788086e-02,1.078967750072479248e-01
2.600000000000000089e+00,8.000000000000000444e-01,-7.994091510772705078e-02,1.050385013222694397e-01
2.600000000000000089e+00,8.000000000000000444e-01,-7.323396205902099609e-02,1.032447218894958496e-01
2.600000000000000089e+00,8.000000000000000444e-01,-6.652700901031494141e-02,1.008619889616966248e-01
2.600000000000000089e+00,8.000000000000000444e-01,-5.982005596160888672e-02,9.624430537223815918e-02
2.600000000000000089e+00,8.000000000000000444e-01,-5.311304330825805664e-02,9.542532265186309814e-02
2.600000000000000089e+00,8.000000000000000444e-01,-4.640603065490722656e-02,9.297378361225128174e-02
2.600000000000000089e+00,8.000000000000000444e-01,-3.969907760620117188e-02,8.924800157546997070e-02
2.600000000000000089e+00,8.000000000000000444e-01,-3.299212455749511719e-02,8.802217245101928711e-02
2.600000000000000089e+00,8.000000000000000444e-01,-2.628517150878906250e-02,8.472952246665954590e-02
2.600000000000000089e+00,8.000000000000000444e-01,-1.957815885543823242e-02,8.258075267076492310e-02
2.600000000000000089e+00,8.000000000000000444e-01,-1.287114620208740234e-02,8.013080805540084839e-02
2.600000000000000089e+00,8.000000000000000444e-01,-6.164193153381347656e-03,7.766036689281463623e-02
2.600000000000000089e+00,8.000000000000000444e-01,5.427598953247070312e-04,7.599586248397827148e-02
2.600000000000000089e+00,8.000000000000000444e-01,7.249712944030761719e-03,7.336617261171340942e-02
2.600000000000000089e+00,8.000000000000000444e-01,1.395672559738159180e-02,7.142797112464904785e-02
2.600000000000000089e+00,8.000000000000000444e-01,2.066373825073242188e-02,7.004221528768539429e-02
2.600000000000000089e+00,8.000000000000000444e-01,2.737069129943847656e-02,6.882217526435852051e-02
2.600000000000000089e+00,8.000000000000000444e-01,3.407764434814453125e-02,6.606464833021163940e-02
2.600000000000000089e+00,8.000000000000000444e-01,4.078459739685058594e-02,6.500593572854995728e-02
2.600000000000000089e+00,8.000000000000000444e-01,4.749161005020141602e-02,6.420966982841491699e-02
2.600000000000000089e+00,8.000000000000000444e-01,5.419862270355224609e-02,6.367043405771255493e-02
2.600000000000000089e+00,8.000000000000000444e-01,6.090557575225830078e-02,6.310964375734329224e-02
2.600000000000000089e+00,8.000000000000000444e-01,6.761252880096435547e-02,6.068759039044380188e-02
2.600000000000000089e+00,8.000000000000000444e-01,7.431948184967041016e-02,5.912128463387489319e-02
2.600000000000000089e+00,8.000000000000000444e-01,8.102649450302124023e-02,5.814833566546440125e-02
2.600000000000000089e+00,8.000000000000000444e-01,8.773350715637207031e-02,5.759208649396896362e-02
2.600000000000000089e+00,8.000000000000000444e-01,9.444046020507812500e-02,5.681296065449714661e-02
2.600000000000000089e+00,8.000000000000000444e-01,1.011474132537841797e-01,5.431955680251121521e-02
2.600000000000000089e+00,8.000000000000000444e-01,1.078543663024902344e-01,5.246309190988540649e-02
2.600000000000000089e+00,8.000000000000000444e-01,1.145613789558410645e-01,5.134371295571327209e-02
2.600000000000000089e+00,8.000000000000000444e-01,1.212683916091918945e-01,5.029686167836189270e-02
2.600000000000000089e+00,8.000000000000000444e-01,1.279753446578979492e-01,4.814833775162696838e-02
2.600000000000000089e+00,8.000000000000000444e-01,1.346822977066040039e-01,4.603838175535202026e-02
2.600000000000000089e+00,8.000000000000000444e-01,1.413892507553100586e-01,4.456827044486999512e-02
2.600000000000000089e+00,8.000000000000000444e-01,1.480962634086608887e-01,4.322217404842376709e-02
2.600000000000000089e+00,8.000000000000000444e-01,1.548032760620117188e-01,4.029151052236557007e-02
2.600000000000000089e+00,8.000000000000000444e-01,1.615102291107177734e-01,3.850324079394340515e-02
2.600000000000000089e+00,8.000000000000000444e-01,1.682171821594238281e-01,3.552093729376792908e-02
2.600000000000000089e+00,8.000000000000000444e-01,1.749241352081298828e-01,3.227489814162254333e-02
2.600000000000000089e+00,8.000000000000000444e-01,1.816311478614807129e-01,3.086641989648342133e-02
2.600000000000000089e+00,8.000000000000000444e-01,1.883381754159927368e-01,2.859209664165973663e-02
3.000000000000000000e+00,1.199999999999999956e+00,-1.480309963226318359e+00,6.504074335098266602e-01
3.000000000000000000e+00,1.199999999999999956e+00,-1.473463773727416992e+00,6.510561704635620117e-01
3.000000000000000000e+00,1.199999999999999956e+00,-1.466617584228515625e+00,6.512764692306518555e-01
3.000000000000000000e+00,1.199999999999999956e+00,-1.459771633148193359e+00,6.518752574920654297e-01
3.000000000000000000e+00,1.199999999999999956e+00,-1.452925443649291992e+00,6.504542231559753418e-01
3.000000000000000000e+00,1.199999999999999956e+00,-1.446079373359680176e+00,6.472243666648864746e-01
3.000000000000000000e+00,1.199999999999999956e+00,-1.439233303070068359e+00,6.461356878280639648e-01
3.000000000000000000e+00,1.199999999999999956e+00,-1.432387113571166992e+00,6.443670988082885742e-01
3.000000000000000000e+00,1.199999999999999956e+00,-1.425541162490844727e+00,6.419641375541687012e-01
3.000000000000000000e+00,1.199999999999999956e+00,-1.418694972991943359e+00,6.395969390869140625e-01
3.000000000000000000e+00,1.199999999999999956e+00,-1.411848783493041992e+00,6.383190751075744629e-01
3.000000000000000000e+00,1.199999999999999956e+00,-1.405002832412719727e+00,6.375425457954406738e-01
3.000000000000000000e+00,1.199999999999999956e+00,-1.398156642913818359e+00,6.338950395584106445e-01
3.000000000000000000e+00,1.199999999999999956e+00,-1.391310572624206543e+00,6.325291991233825684e-01
3.000000000000000000e+00,1.199999999999999956e+00,-1.384464502334594727e+00,6.306977868080139160e-01
3.000000000000000000e+00,1.199999999999999956e+00,-1.377618312835693359e+00,6.272947788238525391e-01
3.000000000000000000e+00,1.199999999999999956e+00,-1.370772361755371094e+00,6.266289949417114258e-01
3.000000000000000000e+00,1.199999999999999956e+00,-1.363926172256469727e+00,6.245880126953125000e-01
3.000000000000000000e+00,1.199999999999999956e+00,-1.357079982757568359e+00,6.206783652305603027e-01
3.000000000000000000e+00,1.199999999999999956e+00,-1.350234031677246094e+00,6.187871098518371582e-01
3.000000000000000000e+00,1.199999999999999956e+00,-1.343387842178344727e+00,6.166362166404724121e-01
3.000000000000000000e+00,1.199999999999999956e+00,-1.336541771888732910e+00,6.127888560295104980e-01
3.000000000000000000e+00,1.199999999999999956e+00,-1.329695701599121094e+00,6.101003885269165039e-01
3.000000000000000000e+00,1.199999999999999956e+00,-1.322849512100219727e+00,6.085240840911865234e-01
3.000000000000000000e+00,1.199999999999999956e+00,-1.316003441810607910e+00,6.058612465858459473e-01
3.000000000000000000e+00,1.199999999999999956e+00,-1.309157371520996094e+00,6.016918420791625977e-01
3.000000000000000000e+00,1.199999999999999956e+00,-1.302311182022094727e+00,6.002876162528991699e-01
3.000000000000000000e+00,1.199999999999999956e+00,-1.295465230941772461e+00,5.977374911308288574e-01
3.000000000000000000e+00,1.199999999999999956e+00,-1.288619041442871094e+00,5.934598445892333984e-01
3.000000000000000000e+00,1.199999999999999956e+00,-1.281772971153259277e+00,5.922977328300476074e-01
3.000000000000000000e+00,1.199999999999999956e+00,-1.274926900863647461e+00,5.890813469886779785e-01
3.000000000000000000e+00,1.199999999999999956e+00,-1.268080711364746094e+00,5.849436521530151367e-01
3.000000000000000000e+00,1.199999999999999956e+00,-1.261234641075134277e+00,5.836185812950134277e-01
3.000000000000000000e+00,1.199999999999999956e+00,-1.254388570785522461e+00,5.800816416740417480e-01
3.000000000000000000e+00,1.199999999999999956e+00,-1.247542381286621094e+00,5.773357152938842773e-01
3.000000000000000000e+00,1.199999999999999956e+00,-1.240696430206298828e+00,5.761453509330749512e-01
3.000000000000000000e+00,1.199999999999999956e+00,-1.233850240707397461e+00,5.737525820732116699e-01
3.000000000000000000e+00,1.199999999999999956e+00,-1.227004170417785645e+00,5.707416534423828125e-01
3.000000000000000000e+00,1.199999999999999956e+00,-1.220158100128173828e+00,5.677582025527954102e-01
3.000000000000000000e+00,1.199999999999999956e+00,-1.213311910629272461e+00,5.651558041572570801e-01
3.000000000000000000e+00,1.199999999999999956e+00,-1.206465840339660645e+00,5.619260668754577637e-01
3.000000000000000000e+00,1.199999999999999956e+00,-1.199619770050048828e+00,5.607928633689880371e-01
3.000000000000000000e+00,1.199999999999999956e+00,-1.192773580551147461e+00,5.562057495117187500e-01
3.000000000000000000e+00,1.199999999999999956e+00,-1.185927629470825195e+00,5.548220872879028320e-01
3.000000000000000000e+00,1.199999999999999956e+00,-1.179081439971923828e+00,5.530268549919128418e-01
3.000000000000000000e+00,1.199999999999999956e+00,-1.172235369682312012e+00,5.492733120918273926e-01
3.000000000000000000e+00,1.199999999999999956e+00,-1.165389299392700195e+00,5.463640689849853516e-01
3.000000000000000000e+00,1.199999999999999956e+00,-1.158543109893798828e+00,5.443021655082702637e-01
3.000000000000000000e+00,1.199999999999999956e+00,-1.151697039604187012e+00,5.417987704277038574e-01
3.000000000000000000e+00,1.199999999999999956e+00,-1.144850969314575195e+00,5.380352735519409180e-01
3.000000000000000000e+00,1.199999999999999956e+00,-1.138004779815673828e+00,5.367125868797302246e-01
3.000000000000000000e+00,1.199999999999999956e+00,-1.131158709526062012e+00,5.346977710723876953e-01
3.000000000000000000e+00,1.199999999999999956e+00,-1.124312639236450195e+00,5.310100913047790527e-01
3.000000000000000000e+00,1.199999999999999956e+00,-1.117466449737548828e+00,5.278691649436950684e-01
3.000000000000000000e+00,1.199999999999999956e+00,-1.110620498657226562e+00,5.258997082710266113e-01
3.000000000000000000e+00,1.199999999999999956e+00,-1.103774309158325195e+00,5.218977332115173340e-01
3.000000000000000000e+00,1.199999999999999956e+00,-1.096928238868713379e+00,5.181851387023925781e-01
3.000000000000000000e+00,1.199999999999999956e+00,-1.090082168579101562e+00,5.169023871421813965e-01
3.000000000000000000e+00,1.199999999999999956e+00,-1.083235979080200195e+00,5.139716267585754395e-01
3.000000000000000000e+00,1.199999999999999956e+00,-1.076389908790588379e+00,5.129560828208923340e-01
3.000000000000000000e+00,1.199999999999999956e+00,-1.069543838500976562e+00,5.104646682739257812e-01
3.000000000000000000e+00,1.199999999999999956e+00,-1.062697649002075195e+00,5.067890882492065430e-01
3.000000000000000000e+00,1.199999999999999956e+00,-1.055851697921752930e+00,5.042125582695007324e-01
3.000000000000000000e+00,1.199999999999999956e+00,-1.049005508422851562e+00,5.026977658271789551e-01
3.000000000000000000e+00,1.199999999999999956e+00,-1.042159438133239746e+00,4.983294606208801270e-01
3.000000000000000000e+00,1.199999999999999956e+00,-1.035313367843627930e+00,4.956302940845489502e-01
3.000000000000000000e+00,1.199999999999999956e+00,-1.028467178344726562e+00,4.934174716472625732e-01
3.000000000000000000e+00,1.199999999999999956e+00,-1.021621108055114746e+00,4.900676310062408447e-01
3.000000000000000000e+00,1.199999999999999956e+00,-1.014775037765502930e+00,4.870411753654479980e-01
3.000000000000000000e+00,1.199999999999999956e+00,-1.007928848266601562e+00,4.850765466690063477e-01
3.000000000000000000e+00,1.199999999999999956e+00,-1.001082897186279297e+00,4.827172458171844482e-01
3.000000000000000000e+00,1.199999999999999956e+00,-9.942367076873779297e-01,4.795615673065185547e-01
3.000000000000000000e+00,1.199999999999999956e+00,-9.873906373977661133e-01,4.772105515003204346e-01
3.000000000000000000e+00,1.199999999999999956e+00,-9.805445075035095215e-01,4.731869697570800781e-01
3.000000000000000000e+00,1.199999999999999956e+00,-9.736983776092529297e-01,4.721423387527465820e-01
3.000000000000000000e+00,1.199999999999999956e+00,-9.668523073196411133e-01,4.699652194976806641e-01
3.000000000000000000e+00,1.199999999999999956e+00,-9.600062370300292969e-01,4.656978249549865723e-01
3.000000000000000000e+00,1.199999999999999956e+00,-9.531601071357727051e-01,4.632016122341156006e-01
3.000000000000000000e+00,1.199999999999999956e+00,-9.463139772415161133e-01,4.608196616172790527e-01
3.000000000000000000e+00,1.199999999999999956e+00,-9.394679069519042969e-01,4.578977525234222412e-01
3.000000000000000000e+00,1.199999999999999956e+00,-9.326218366622924805e-01,4.543810486793518066e-01
3.000000000000000000e+00,1.199999999999999956e+00,-9.257757067680358887e-01,4.523205757141113281e-01
3.000000000000000000e+00,1.199999999999999956e+00,-9.189295768737792969e-01,4.481901824474334717e-01
3.000000000000000000e+00,1.199999999999999956e+00,-9.120835065841674805e-01,4.460775852203369141e-01
3.000000000000000000e+00,1.199999999999999956e+00,-9.052374362945556641e-01,4.427820444107055664e-01
3.000000000000000000e+00,1.199999999999999956e+00,-8.983913064002990723e-01,4.407857656478881836e-01
3.000000000000000000e+00,1.199999999999999956e+00,-8.915451765060424805e-01,4.380380511283874512e-01
3.000000000000000000e+00,1.199999999999999956e+00,-8.846991062164306641e-01,4.354148805141448975e-01
3.000000000000000000e+00,1.199999999999999956e+00,-8.778530359268188477e-01,4.338606297969818115e-01
3.000000000000000000e+00,1.199999999999999956e+00,-8.710069060325622559e-01,4.294778108596801758e-01
3.000000000000000000e+00,1.199999999999999956e+00,-8.641607761383056641e-01,4.281145334243774414e-01
3.000000000000000000e+00,1.199999999999999956e+00,-8.573147058486938477e-01,4.262935817241668701e-01
3.000000000000000000e+00,1.199999999999999956e+00,-8.504686355590820312e-01,4.219743013381958008e-01
3.000000000000000000e+00,1.199999999999999956e+00,-8.436225056648254395e-01,4.199526309967041016e-01
3.000000000000000000e+00,1.199999999999999956e+00,-8.367763757705688477e-01,4.175713360309600830e-01
3.000000000000000000e+00,1.199999999999999956e+00,-8.299303054809570312e-01,4.143984019756317139e-01
3.000000000000000000e+00,1.199999999999999956e+00,-8.230841755867004395e-01,4.120635986328125000e-01
3.000000000000000000e+00,1.199999999999999956e+00,-8.162380456924438477e-01,4.075571596622467041e-01
3.000000000000000000e+00,1.199999999999999956e+00,-8.093919754028320312e-01,4.056399166584014893e-01
3.000000000000000000e+00,1.199999999999999956e+00,-8.025459051132202148e-01,4.028657674789428711e-01
3.000000000000000000e+00,1.199999999999999956e+00,-7.956997752189636230e-01,4.009378254413604736e-01
3.000000000000000000e+00,1.199999999999999956e+00,-7.888536453247070312e-01,3.973675072193145752e-01
3.000000000000000000e+00,1.199999999999999956e+00,-7.820075750350952148e-01,3.946374654769897461e-01
3.000000000000000000e+00,1.199999999999999956e+00,-7.751615047454833984e-01,3.926868736743927002e-01
3.000000000000000000e+00,1.199999999999999956e+00,-7.683153748512268066e-01,3.912366330623626709e-01
3.000000000000000000e+00,1.199999999999999956e+00,-7.614692449569702148e-01,3.872753083705902100e-01
3.000000000000000000e+00,1.199999999999999956e+00,-7.546231746673583984e-01,3.839713037014007568e-01
3.000000000000000000e+00,1.199999999999999956e+00,-7.477771043777465820e-01,3.818680047988891602e-01
3.000000000000000000e+00,1.199999999999999956e+00,-7.409309744834899902e-01,3.789233267307281494e-01
3.000000000000000000e+00,1.199999999999999956e+00,-7.340848445892333984e-01,3.753284811973571777e-01
3.000000000000000000e+00,1.199999999999999956e+00,-7.272387742996215820e-01,3.725520372390747070e-01
3.000000000000000000e+00,1.199999999999999956e+00,-7.203927040100097656e-01,3.691706955432891846e-01
3.000000000000000000e+00,1.199999999999999956e+00,-7.135465741157531738e-01,3.682977557182312012e-01
3.000000000000000000e+00,1.199999999999999956e+00,-7.067004442214965820e-01,3.634648323059082031e-01
3.000000000000000000e+00,1.199999999999999956e+00,-6.998543739318847656e-01,3.618977665901184082e-01
3.000000000000000000e+00,1.199999999999999956e+00,-6.930083036422729492e-01,3.587669730186462402e-01
3.000000000000000000e+00,1.199999999999999956e+00,-6.861621737480163574e-01,3.568391203880310059e-01
3.000000000000000000e+00,1.199999999999999956e+00,-6.793160438537597656e-01,3.531998395919799805e-01
3.000000000000000000e+00,1.199999999999999956e+00,-6.724699735641479492e-01,3.502053022384643555e-01
3.000000000000000000e+00,1.199999999999999956e+00,-6.656239032745361328e-01,3.486880064010620117e-01
3.000000000000000000e+00,1.199999999999999956e+00,-6.587777733802795410e-01,3.445883691310882568e-01
3.000000000000000000e+00,1.199999999999999956e+00,-6.519316434860229492e-01,3.429656326770782471e-01
3.000000000000000000e+00,1.199999999999999956e+00,-6.450855731964111328e-01,3.395143449306488037e-01
3.000000000000000000e+00,1.199999999999999956e+00,-6.382395029067993164e-01,3.366961181163787842e-01
3.000000000000000000e+00,1.199999999999999956e+00,-6.313933730125427246e-01,3.344144225120544434e-01
3.000000000000000000e+00,1.199999999999999956e+00,-6.245472431182861328e-01,3.311026394367218018e-01
3.000000000000000000e+00,1.199999999999999956e+00,-6.177011728286743164e-01,3.269388377666473389e-01
3.000000000000000000e+00,1.199999999999999956e+00,-6.108551025390625000e-01,3.254697024822235107e-01
3.000000000000000000e+00,1.199999999999999956e+00,-6.040089130401611328e-01,3.239702880382537842e-01
3.000000000000000000e+00,1.199999999999999956e+00,-5.971628427505493164e-01,3.194194436073303223e-01
3.000000000000000000e+00,1.199999999999999956e+00,-5.903167724609375000e-01,3.181377649307250977e-01
3.000000000000000000e+00,1.199999999999999956e+00,-5.834706425666809082e-01,3.162978887557983398e-01
3.000000000000000000e+00,1.199999999999999956e+00,-5.766245126724243164e-01,3.115462958812713623e-01
3.000000000000000000e+00,1.199999999999999956e+00,-5.697784423828125000e-01,3.089637756347656250e-01
3.000000000000000000e+00,1.199999999999999956e+00,-5.629323720932006836e-01,3.054270744323730469e-01
3.000000000000000000e+00,1.199999999999999956e+00,-5.560862421989440918e-01,3.020687103271484375e-01
3.000000000000000000e+00,1.199999999999999956e+00,-5.492401123046875000e-01,3.004246950149536133e-01
3.000000000000000000e+00,1.199999999999999956e+00,-5.423940420150756836e-01,2.986126840114593506e-01
3.000000000000000000e+00,1.199999999999999956e+00,-5.355479717254638672e-01,2.954375445842742920e-01
3.000000000000000000e+00,1.199999999999999956e+00,-5.287018418312072754e-01,2.920362353324890137e-01
3.000000000000000000e+00,1.199999999999999956e+00,-5.218557119369506836e-01,2.890732884407043457e-01
3.000000000000000000e+00,1.199999999999999956e+00,-5.150096416473388672e-01,2.851971387863159180e-01
3.000000000000000000e+00,1.199999999999999956e+00,-5.081635713577270508e-01,2.828028500080108643e-01
3.000000000000000000e+00,1.199999999999999956e+00,-5.013174414634704590e-01,2.795395851135253906e-01
3.000000000000000000e+00,1.199999999999999956e+00,-4.944713413715362549e-01,2.758550941944122314e-01
3.000000000000000000e+00,1.199999999999999956e+00,-4.876252412796020508e-01,2.747741937637329102e-01
3.000000000000000000e+00,1.199999999999999956e+00,-4.807791411876678467e-01,2.733176350593566895e-01
3.000000000000000000e+00,1.199999999999999956e+00,-4.739330410957336426e-01,2.686225175857543945e-01
3.000000000000000000e+00,1.199999999999999956e+00,-4.670869708061218262e-01,2.663630545139312744e-01
3.000000000000000000e+00,1.199999999999999956e+00,-4.602408409118652344e-01,2.633414268493652344e-01
3.000000000000000000e+00,1.199999999999999956e+00,-4.533947110176086426e-01,2.602175474166870117e-01
3.000000000000000000e+00,1.199999999999999956e+00,-4.465486407279968262e-01,2.579426169395446777e-01
3.000000000000000000e+00,1.199999999999999956e+00,-4.397025704383850098e-01,2.557978630065917969e-01
3.000000000000000000e+00,1.199999999999999956e+00,-4.328564405441284180e-01,2.518712580204010010e-01
3.000000000000000000e+00,1.199999999999999956e+00,-4.260103106498718262e-01,2.480798214673995972e-01
3.000000000000000000e+00,1.199999999999999956e+00,-4.191642403602600098e-01,2.471073120832443237e-01
3.000000000000000000e+00,1.199999999999999956e+00,-4.123181700706481934e-01,2.428738176822662354e-01
3.000000000000000000e+00,1.199999999999999956e+00,-4.054720401763916016e-01,2.405794709920883179e-01
3.000000000000000000e+00,1.199999999999999956e+00,-3.986259102821350098e-01,2.376644462347030640e-01
3.000000000000000000e+00,1.199999999999999956e+00,-3.917798399925231934e-01,2.346444278955459595e-01
3.000000000000000000e+00,1.199999999999999956e+00,-3.849337100982666016e-01,2.322946935892105103e-01
3.000000000000000000e+00,1.199999999999999956e+00,-3.780875802040100098e-01,2.307361364364624023e-01
3.000000000000000000e+00,1.199999999999999956e+00,-3.712415099143981934e-01,2.272119671106338501e-01
3.000000000000000000e+00,1.199999999999999956e+00,-3.643954396247863770e-01,2.232350707054138184e-01
3.000000000000000000e+00,1.199999999999999956e+00,-3.575493097305297852e-01,2.216204851865768433e-01
3.000000000000000000e+00,1.199999999999999956e+00,-3.507031798362731934e-01,2.174160033464431763e-01
3.000000000000000000e+00,1.199999999999999956e+00,-3.438571095466613770e-01,2.146977633237838745e-01
3.000000000000000000e+00,1.199999999999999956e+00,-3.370110392570495605e-01,2.116492837667465210e-01
3.000000000000000000e+00,1.199999999999999956e+00,-3.301649093627929688e-01,2.089373171329498291e-01
3.000000000000000000e+00,1.199999999999999956e+00,-3.233187794685363770e-01,2.047514915466308594e-01
3.000000000000000000e+00,1.199999999999999956e+00,-3.164727091789245605e-01,2.027136534452438354e-01
3.000000000000000000e+00,1.199999999999999956e+00,-3.096266388893127441e-01,2.014032900333404541e-01
3.000000000000000000e+00,1.199999999999999956e+00,-3.027805089950561523e-01,1.967110037803649902e-01
3.000000000000000000e+00,1.199999999999999956e+00,-2.959343791007995605e-01,1.932880282402038574e-01
3.000000000000000000e+00,1.199999999999999956e+00,-2.890883088111877441e-01,1.915226131677627563e-01
3.000000000000000000e+00,1.199999999999999956e+00,-2.822422385215759277e-01,1.898281872272491455e-01
3.000000000000000000e+00,1.199999999999999956e+00,-2.753961086273193359e-01,1.859438419342041016e-01
3.000000000000000000e+00,1.199999999999999956e+00,-2.685499787330627441e-01,1.828620284795761108e-01
3.000000000000000000e+00,1.199999999999999956e+00,-2.617039084434509277e-01,1.799069494009017944e-01
3.000000000000000000e+00,1.199999999999999956e+00,-2.548578381538391113e-01,1.772305667400360107e-01
3.000000000000000000e+00,1.199999999999999956e+00,-2.480117082595825195e-01,1.745780408382415771e-01
3.000000000000000000e+00,1.199999999999999956e+00,-2.411655783653259277e-01,1.718112081289291382e-01
3.000000000000000000e+00,1.199999999999999956e+00,-2.343195080757141113e-01,1.698977649211883545e-01
3.000000000000000000e+00,1.199999999999999956e+00,-2.274734377861022949e-01,1.645198315382003784e-01
3.000000000000000000e+00,1.199999999999999956e+00,-2.206273078918457031e-01,1.634977608919143677e-01
3.000000000000000000e+00,1.199999999999999956e+00,-2.137811779975891113e-01,1.589117646217346191e-01
3.000000000000000000e+00,1.199999999999999956e+00,-2.069351077079772949e-01,1.580354422330856323e-01
3.000000000000000000e+00,1.199999999999999956e+00,-2.000890374183654785e-01,1.544825136661529541e-01
3.000000000000000000e+00,1.199999999999999956e+00,-1.932429075241088867e-01,1.513282805681228638e-01
3.000000000000000000e+00,1.199999999999999956e+00,-1.863967776298522949e-01,1.488811820745468140e-01
3.000000000000000000e+00,1.199999999999999956e+00,-1.795507073402404785e-01,1.467975527048110962e-01
3.000000000000000000e+00,1.199999999999999956e+00,-1.727045774459838867e-01,1.417297273874282837e-01
3.000000000000000000e+00,1.199999999999999956e+00,-1.658584475517272949e-01,1.391870230436325073e-01
3.000000000000000000e+00,1.199999999999999956e+00,-1.590123772621154785e-01,1.381558775901794434e-01
3.000000000000000000e+00,1.199999999999999956e+00,-1.521663069725036621e-01,1.346403360366821289e-01
3.000000000000000000e+00,1.199999999999999956e+00,-1.453201770782470703e-01,1.314977556467056274e-01
3.000000000000000000e+00,1.199999999999999956e+00,-1.384740471839904785e-01,1.278539746999740601e-01
3.000000000000000000e+00,1.199999999999999956e+00,-1.316279768943786621e-01,1.260424256324768066e-01
3.000000000000000000e+00,1.199999999999999956e+00,-1.247819066047668457e-01,1.242231726646423340e-01
3.000000000000000000e+00,1.199999999999999956e+00,-1.179357767105102539e-01,1.201684921979904175e-01
3.000000000000000000e+00,1.199999999999999956e+00,-1.110896468162536621e-01,1.189501658082008362e-01
3.000000000000000000e+00,1.199999999999999956e+00,-1.042435765266418457e-01,1.153670251369476318e-01
3.000000000000000000e+00,1.199999999999999956e+00,-9.739750623703002930e-02,1.128027141094207764e-01
3.000000000000000000e+00,1.199999999999999956e+00,-9.055137634277343750e-02,1.111818328499794006e-01
3.000000000000000000e+00,1.199999999999999956e+00,-8.370524644851684570e-02,1.084272488951683044e-01
3.000000000000000000e+00,1.199999999999999956e+00,-7.685917615890502930e-02,1.060697361826896667e-01
3.000000000000000000e+00,1.199999999999999956e+00,-7.001310586929321289e-02,1.026996001601219177e-01
3.000000000000000000e+00,1.199999999999999956e+00,-6.316697597503662109e-02,1.005508378148078918e-01
3.000000000000000000e+00,1.199999999999999956e+00,-5.632084608078002930e-02,9.747444838285446167e-02
3.000000000000000000e+00,1.199999999999999956e+00,-4.947477579116821289e-02,9.622260928153991699e-02
3.000000000000000000e+00,1.199999999999999956e+00,-4.262870550155639648e-02,9.404431283473968506e-02
3.000000000000000000e+00,1.199999999999999956e+00,-3.578257560729980469e-02,8.970007300376892090e-02
3.000000000000000000e+00,1.199999999999999956e+00,-2.893644571304321289e-02,8.886246383190155029e-02
3.000000000000000000e+00,1.199999999999999956e+00,-2.209037542343139648e-02,8.718681335449218750e-02
3.000000000000000000e+00,1.199999999999999956e+00,-1.524430513381958008e-02,8.388718217611312866e-02
3.000000000000000000e+00,1.199999999999999956e+00,-8.398175239562988281e-03,8.214733749628067017e-02
3.000000000000000000e+00,1.199999999999999956e+00,-1.552045345306396484e-03,8.102978765964508057e-02
3.000000000000000000e+00,1.199999999999999956e+00,5.294024944305419922e-03,7.945413142442703247e-02
3.000000000000000000e+00,1.199999999999999956e+00,1.214009523391723633e-02,7.654782384634017944e-02
3.000000000000000000e+00,1.199999999999999956e+00,1.898622512817382812e-02,7.479093968868255615e-02
3.000000000000000000e+00,1.199999999999999956e+00,2.583235502243041992e-02,7.413919270038604736e-02
3.000000000000000000e+00,1.199999999999999956e+00,3.267842531204223633e-02,7.204805314540863037e-02
3.000000000000000000e+00,1.199999999999999956e+00,3.952449560165405273e-02,7.072804868221282959e-02
3.000000000000000000e+00,1.199999999999999956e+00,4.637062549591064453e-02,7.015921175479888916e-02
3.000000000000000000e+00,1.199999999999999956e+00,5.321675539016723633e-02,6.952867656946182251e-02
3.000000000000000000e+00,1.199999999999999956e+00,6.006282567977905273e-02,6.797876209020614624e-02
3.000000000000000000e+00,1.199999999999999956e+00,6.690895557403564453e-02,6.749776005744934082e-02
3.000000000000000000e+00,1.199999999999999956e+00,7.375508546829223633e-02,6.490756571292877197e-02
3.000000000000000000e+00,1.199999999999999956e+00,8.060115575790405273e-02,6.427162885665893555e-02
3.000000000000000000e+00,1.199999999999999956e+00,8.744722604751586914e-02,6.335139274597167969e-02
3.000000000000000000e+00,1.199999999999999956e+00,9.429335594177246094e-02,6.258692592382431030e-02
3.000000000000000000e+00,1.199999999999999956e+00,1.011394858360290527e-01,6.215181574225425720e-02
3.000000000000000000e+00,1.199999999999999956e+00,1.079855561256408691e-01,6.137852743268013000e-02
3.000000000000000000e+00,1.199999999999999956e+00,1.148316264152526855e-01,6.000616028904914856e-02
3.000000000000000000e+00,1.199999999999999956e+00,1.216777563095092773e-01,5.858222022652626038e-02
3.000000000000000000e+00,1.199999999999999956e+00,1.285238862037658691e-01,5.723856016993522644e-02
3.000000000000000000e+00,1.199999999999999956e+00,1.353699564933776855e-01,5.582631006836891174e-02
3.000000000000000000e+00,1.199999999999999956e+00,1.422160267829895020e-01,5.469775944948196411e-02
3.000000000000000000e+00,1.199999999999999956e+00,1.490621566772460938e-01,5.253041535615921021e-02
3.000000000000000000e+00,1.199999999999999956e+00,1.559082865715026855e-01,5.055960267782211304e-02
3.000000000000000000e+00,1.199999999999999956e+00,1.627543568611145020e-01,4.913124814629554749e-02
3.000000000000000000e+00,1.199999999999999956e+00,1.696004271507263184e-01,4.829775914549827576e-02
3.000000000000000000e+00,1.199999999999999956e+00,1.764465570449829102e-01,4.481629654765129089e-02
3.000000000000000000e+00,1.199999999999999956e+00,1.832926869392395020e-01,4.327674582600593567e-02
3.000000000000000000e+00,1.199999999999999956e+00,1.901387572288513184e-01,4.189775884151458740e-02
3.000000000000000000e+00,1.199999999999999956e+00,1.969848275184631348e-01,3.853600844740867615e-02
3.000000000000000000e+00,1.199999999999999956e+00,2.038309574127197266e-01,3.674139454960823059e-02
3.000000000000000000e+00,1.199999999999999956e+00,2.106770873069763184e-01,3.301616385579109192e-02
3.000000000000000000e+00,1.199999999999999956e+00,2.175231575965881348e-01,2.951704896986484528e-02
3.000000000000000000e+00,1.199999999999999956e+00,2.243692427873611450e-01,2.519304677844047546e-02
3.800000000000000266e+00,2.000000000000000000e+00,-1.478579521179199219e+00,6.488586664199829102e-01
3.800000000000000266e+00,2.000000000000000000e+00,-1.471585035324096680e+00,6.493847966194152832e-01
3.800000000000000266e+00,2.000000000000000000e+00,-1.464590668678283691e+00,6.488872766494750977e-01
3.800000000000000266e+00,2.000000000000000000e+00,-1.457596302032470703e+00,6.498042941093444824e-01
3.800000000000000266e+00,2.000000000000000000e+00,-1.450601816177368164e+00,6.487738490104675293e-01
3.800000000000000266e+00,2.000000000000000000e+00,-1.443607568740844727e+00,6.439291238784790039e-01
3.800000000000000266e+00,2.000000000000000000e+00,-1.436613082885742188e+00,6.433278322219848633e-01
3.800000000000000266e+00,2.000000000000000000e+00,-1.429618597030639648e+00,6.423738598823547363e-01
3.800000000000000266e+00,2.000000000000000000e+00,-1.422624349594116211e+00,6.385917067527770996e-01
3.800000000000000266e+00,2.000000000000000000e+00,-1.415629863739013672e+00,6.368553042411804199e-01
3.800000000000000266e+00,2.000000000000000000e+00,-1.408635497093200684e+00,6.346122622489929199e-01
3.800000000000000266e+00,2.000000000000000000e+00,-1.401641130447387695e+00,6.330814957618713379e-01
3.800000000000000266e+00,2.000000000000000000e+00,-1.394646644592285156e+00,6.314639449119567871e-01
3.800000000000000266e+00,2.000000000000000000e+00,-1.387652397155761719e+00,6.285300850868225098e-01
3.800000000000000266e+00,2.000000000000000000e+00,-1.380657911300659180e+00,6.255750656127929688e-01
3.800000000000000266e+00,2.000000000000000000e+00,-1.373663425445556641e+00,6.231738328933715820e-01
3.800000000000000266e+00,2.000000000000000000e+00,-1.366669178009033203e+00,6.210095286369323730e-01
3.800000000000000266e+00,2.000000000000000000e+00,-1.359674692153930664e+00,6.190744042396545410e-01
3.800000000000000266e+00,2.000000000000000000e+00,-1.352680325508117676e+00,6.167738437652587891e-01
3.800000000000000266e+00,2.000000000000000000e+00,-1.345685958862304688e+00,6.127645969390869141e-01
3.800000000000000266e+00,2.000000000000000000e+00,-1.338691473007202148e+00,6.110718250274658203e-01
3.800000000000000266e+00,2.000000000000000000e+00,-1.331697225570678711e+00,6.093736290931701660e-01
3.800000000000000266e+00,2.000000000000000000e+00,-1.324702739715576172e+00,6.069132685661315918e-01
3.800000000000000266e+00,2.000000000000000000e+00,-1.317708253860473633e+00,6.044579744338989258e-01
3.800000000000000266e+00,2.000000000000000000e+00,-1.310714006423950195e+00,6.012932658195495605e-01
3.800000000000000266e+00,2.000000000000000000e+00,-1.303719520568847656e+00,5.995658040046691895e-01
3.800000000000000266e+00,2.000000000000000000e+00,-1.296725153923034668e+00,5.938159227371215820e-01
3.800000000000000266e+00,2.000000000000000000e+00,-1.289730787277221680e+00,5.926061868667602539e-01
3.800000000000000266e+00,2.000000000000000000e+00,-1.282736301422119141e+00,5.911738276481628418e-01
3.800000000000000266e+00,2.000000000000000000e+00,-1.275742053985595703e+00,5.860974192619323730e-01
3.800000000000000266e+00,2.000000000000000000e+00,-1.268747568130493164e+00,5.828724503517150879e-01
3.800000000000000266e+00,2.000000000000000000e+00,-1.261753201484680176e+00,5.811124444007873535e-01
3.800000000000000266e+00,2.000000000000000000e+00,-1.254758834838867188e+00,5.791312456130981445e-01
3.800000000000000266e+00,2.000000000000000000e+00,-1.247764348983764648e+00,5.743771791458129883e-01
3.800000000000000266e+00,2.000000000000000000e+00,-1.240769982337951660e+00,5.728840827941894531e-01
3.800000000000000266e+00,2.000000000000000000e+00,-1.233775615692138672e+00,5.710466504096984863e-01
3.800000000000000266e+00,2.000000000000000000e+00,-1.226781129837036133e+00,5.667348504066467285e-01
3.800000000000000266e+00,2.000000000000000000e+00,-1.219786882400512695e+00,5.635870099067687988e-01
3.800000000000000266e+00,2.000000000000000000e+00,-1.212792396545410156e+00,5.616862177848815918e-01
3.800000000000000266e+00,2.000000000000000000e+00,-1.205798029899597168e+00,5.591738224029541016e-01
3.800000000000000266e+00,2.000000000000000000e+00,-1.198803663253784180e+00,5.553689599037170410e-01
3.800000000000000266e+00,2.000000000000000000e+00,-1.191809177398681641e+00,5.545099377632141113e-01
3.800000000000000266e+00,2.000000000000000000e+00,-1.184814810752868652e+00,5.497009158134460449e-01
3.800000000000000266e+00,2.000000000000000000e+00,-1.177820444107055664e+00,5.474455356597900391e-01
3.800000000000000266e+00,2.000000000000000000e+00,-1.170825958251953125e+00,5.458775758743286133e-01
3.800000000000000266e+00,2.000000000000000000e+00,-1.163831710815429688e+00,5.438089370727539062e-01
3.800000000000000266e+00,2.000000000000000000e+00,-1.156837224960327148e+00,5.400852560997009277e-01
3.800000000000000266e+00,2.000000000000000000e+00,-1.149842858314514160e+00,5.363055467605590820e-01
3.800000000000000266e+00,2.000000000000000000e+00,-1.142848491668701172e+00,5.335738658905029297e-01
3.800000000000000266e+00,2.000000000000000000e+00,-1.135854005813598633e+00,5.294600725173950195e-01
3.800000000000000266e+00,2.000000000000000000e+00,-1.128859758377075195e+00,5.274036526679992676e-01
3.800000000000000266e+00,2.000000000000000000e+00,-1.121865272521972656e+00,5.258846282958984375e-01
3.800000000000000266e+00,2.000000000000000000e+00,-1.114870905876159668e+00,5.230425000190734863e-01
3.800000000000000266e+00,2.000000000000000000e+00,-1.107876539230346680e+00,5.193012356758117676e-01
3.800000000000000266e+00,2.000000000000000000e+00,-1.100882053375244141e+00,5.170774459838867188e-01
3.800000000000000266e+00,2.000000000000000000e+00,-1.093887686729431152e+00,5.161938667297363281e-01
3.800000000000000266e+00,2.000000000000000000e+00,-1.086893320083618164e+00,5.128405094146728516e-01
3.800000000000000266e+00,2.000000000000000000e+00,-1.079898834228515625e+00,5.097826719284057617e-01
3.800000000000000266e+00,2.000000000000000000e+00,-1.072904586791992188e+00,5.040131211280822754e-01
3.800000000000000266e+00,2.000000000000000000e+00,-1.065910100936889648e+00,5.029765367507934570e-01
3.800000000000000266e+00,2.000000000000000000e+00,-1.058915734291076660e+00,5.015738606452941895e-01
3.800000000000000266e+00,2.000000000000000000e+00,-1.051921367645263672e+00,4.969793558120727539e-01
3.800000000000000266e+00,2.000000000000000000e+00,-1.044926881790161133e+00,4.956435263156890869e-01
3.800000000000000266e+00,2.000000000000000000e+00,-1.037932515144348145e+00,4.918885529041290283e-01
3.800000000000000266e+00,2.000000000000000000e+00,-1.030938148498535156e+00,4.903891384601593018e-01
3.800000000000000266e+00,2.000000000000000000e+00,-1.023943662643432617e+00,4.890635609626770020e-01
3.800000000000000266e+00,2.000000000000000000e+00,-1.016949415206909180e+00,4.850993156433105469e-01
3.800000000000000266e+00,2.000000000000000000e+00,-1.009954929351806641e+00,4.823738336563110352e-01
3.800000000000000266e+00,2.000000000000000000e+00,-1.002960562705993652e+00,4.775289297103881836e-01
3.800000000000000266e+00,2.000000000000000000e+00,-9.959661364555358887e-01,4.759738445281982422e-01
3.800000000000000266e+00,2.000000000000000000e+00,-9.889717698097229004e-01,4.720657765865325928e-01
3.800000000000000266e+00,2.000000000000000000e+00,-9.819773435592651367e-01,4.702690541744232178e-01
3.800000000000000266e+00,2.000000000000000000e+00,-9.749829769134521484e-01,4.666948914527893066e-01
3.800000000000000266e+00,2.000000000000000000e+00,-9.679886102676391602e-01,4.640086591243743896e-01
3.800000000000000266e+00,2.000000000000000000e+00,-9.609941840171813965e-01,4.610886573791503906e-01
3.800000000000000266e+00,2.000000000000000000e+00,-9.539997577667236328e-01,4.592050611972808838e-01
3.800000000000000266e+00,2.000000000000000000e+00,-9.470053911209106445e-01,4.575990438461303711e-01
3.800000000000000266e+00,2.000000000000000000e+00,-9.400110244750976562e-01,4.534767270088195801e-01
3.800000000000000266e+00,2.000000000000000000e+00,-9.330165982246398926e-01,4.509949982166290283e-01
3.800000000000000266e+00,2.000000000000000000e+00,-9.260221719741821289e-01,4.460314810276031494e-01
3.800000000000000266e+00,2.000000000000000000e+00,-9.190278053283691406e-01,4.439738392829895020e-01
3.800000000000000266e+00,2.000000000000000000e+00,-9.120334386825561523e-01,4.413942992687225342e-01
3.800000000000000266e+00,2.000000000000000000e+00,-9.050390124320983887e-01,4.388493299484252930e-01
3.800000000000000266e+00,2.000000000000000000e+00,-8.980445861816406250e-01,4.356126189231872559e-01
3.800000000000000266e+00,2.000000000000000000e+00,-8.910502195358276367e-01,4.326135218143463135e-01
3.800000000000000266e+00,2.000000000000000000e+00,-8.840558528900146484e-01,4.311738610267639160e-01
3.800000000000000266e+00,2.000000000000000000e+00,-8.770614266395568848e-01,4.280226826667785645e-01
3.800000000000000266e+00,2.000000000000000000e+00,-8.700670003890991211e-01,4.247738420963287354e-01
3.800000000000000266e+00,2.000000000000000000e+00,-8.630726337432861328e-01,4.222731292247772217e-01
3.800000000000000266e+00,2.000000000000000000e+00,-8.560782670974731445e-01,4.198995232582092285e-01
3.800000000000000266e+00,2.000000000000000000e+00,-8.490838408470153809e-01,4.142022430896759033e-01
3.800000000000000266e+00,2.000000000000000000e+00,-8.420894145965576172e-01,4.119738340377807617e-01
3.800000000000000266e+00,2.000000000000000000e+00,-8.350950479507446289e-01,4.090453684329986572e-01
3.800000000000000266e+00,2.000000000000000000e+00,-8.281006813049316406e-01,4.074195325374603271e-01
3.800000000000000266e+00,2.000000000000000000e+00,-8.211062550544738770e-01,4.055738449096679688e-01
3.800000000000000266e+00,2.000000000000000000e+00,-8.141118884086608887e-01,4.014877974987030029e-01
3.800000000000000266e+00,2.000000000000000000e+00,-8.071174621582031250e-01,4.004253447055816650e-01
3.800000000000000266e+00,2.000000000000000000e+00,-8.001230955123901367e-01,3.966297805309295654e-01
3.800000000000000266e+00,2.000000000000000000e+00,-7.931287288665771484e-01,3.942739665508270264e-01
3.800000000000000266e+00,2.000000000000000000e+00,-7.861343026161193848e-01,3.926006257534027100e-01
3.800000000000000266e+00,2.000000000000000000e+00,-7.791398763656616211e-01,3.896370530128479004e-01
3.800000000000000266e+00,2.000000000000000000e+00,-7.721455097198486328e-01,3.835672140121459961e-01
3.800000000000000266e+00,2.000000000000000000e+00,-7.651511430740356445e-01,3.823095858097076416e-01
3.800000000000000266e+00,2.000000000000000000e+00,-7.581567168235778809e-01,3.799738585948944092e-01
3.800000000000000266e+00,2.000000000000000000e+00,-7.511622905731201172e-01,3.753599822521209717e-01
3.800000000000000266e+00,2.000000000000000000e+00,-7.441679239273071289e-01,3.743815720081329346e-01
3.800000000000000266e+00,2.000000000000000000e+00,-7.371735572814941406e-01,3.715320825576782227e-01
3.800000000000000266e+00,2.000000000000000000e+00,-7.301791310310363770e-01,3.681735694408416748e-01
3.800000000000000266e+00,2.000000000000000000e+00,-7.231847047805786133e-01,3.647776842117309570e-01
3.800000000000000266e+00,2.000000000000000000e+00,-7.161903381347656250e-01,3.634831905364990234e-01
3.800000000000000266e+00,2.000000000000000000e+00,-7.091959714889526367e-01,3.612426817417144775e-01
3.800000000000000266e+00,2.000000000000000000e+00,-7.022015452384948730e-01,3.553245961666107178e-01
3.800000000000000266e+00,2.000000000000000000e+00,-6.952071189880371094e-01,3.543738424777984619e-01
3.800000000000000266e+00,2.000000000000000000e+00,-6.882127523422241211e-01,3.510366678237915039e-01
3.800000000000000266e+00,2.000000000000000000e+00,-6.812183856964111328e-01,3.490432798862457275e-01
3.800000000000000266e+00,2.000000000000000000e+00,-6.742239594459533691e-01,3.442283272743225098e-01
3.800000000000000266e+00,2.000000000000000000e+00,-6.672295331954956055e-01,3.424779176712036133e-01
3.800000000000000266e+00,2.000000000000000000e+00,-6.602351665496826172e-01,3.407367169857025146e-01
3.800000000000000266e+00,2.000000000000000000e+00,-6.532407999038696289e-01,3.381787538528442383e-01
3.800000000000000266e+00,2.000000000000000000e+00,-6.462463736534118652e-01,3.351738452911376953e-01
3.800000000000000266e+00,2.000000000000000000e+00,-6.392519474029541016e-01,3.312337398529052734e-01
3.800000000000000266e+00,2.000000000000000000e+00,-6.322575807571411133e-01,3.295609951019287109e-01
3.800000000000000266e+00,2.000000000000000000e+00,-6.252632141113281250e-01,3.242066800594329834e-01
3.800000000000000266e+00,2.000000000000000000e+00,-6.182687878608703613e-01,3.230373263359069824e-01
3.800000000000000266e+00,2.000000000000000000e+00,-6.112743616104125977e-01,3.186103701591491699e-01
3.800000000000000266e+00,2.000000000000000000e+00,-6.042799949645996094e-01,3.165688514709472656e-01
3.800000000000000266e+00,2.000000000000000000e+00,-5.972856283187866211e-01,3.134471774101257324e-01
3.800000000000000266e+00,2.000000000000000000e+00,-5.902912020683288574e-01,3.112163543701171875e-01
3.800000000000000266e+00,2.000000000000000000e+00,-5.832968354225158691e-01,3.095738589763641357e-01
3.800000000000000266e+00,2.000000000000000000e+00,-5.763024091720581055e-01,3.056075274944305420e-01
3.800000000000000266e+00,2.000000000000000000e+00,-5.693080425262451172e-01,3.031738400459289551e-01
3.800000000000000266e+00,2.000000000000000000e+00,-5.623136758804321289e-01,3.004344403743743896e-01
3.800000000000000266e+00,2.000000000000000000e+00,-5.553192496299743652e-01,2.969485819339752197e-01
3.800000000000000266e+00,2.000000000000000000e+00,-5.483248233795166016e-01,2.931251227855682373e-01
3.800000000000000266e+00,2.000000000000000000e+00,-5.413304567337036133e-01,2.903738617897033691e-01
3.800000000000000266e+00,2.000000000000000000e+00,-5.343360900878906250e-01,2.867970764636993408e-01
3.800000000000000266e+00,2.000000000000000000e+00,-5.273416638374328613e-01,2.859975099563598633e-01
3.800000000000000266e+00,2.000000000000000000e+00,-5.203472375869750977e-01,2.839738428592681885e-01
3.800000000000000266e+00,2.000000000000000000e+00,-5.133528709411621094e-01,2.794134914875030518e-01
3.800000000000000266e+00,2.000000000000000000e+00,-5.063585042953491211e-01,2.775738537311553955e-01
3.800000000000000266e+00,2.000000000000000000e+00,-4.993640780448913574e-01,2.743588685989379883e-01
3.800000000000000266e+00,2.000000000000000000e+00,-4.923696815967559814e-01,2.721820175647735596e-01
3.800000000000000266e+00,2.000000000000000000e+00,-4.853752553462982178e-01,2.680020630359649658e-01
3.800000000000000266e+00,2.000000000000000000e+00,-4.783808588981628418e-01,2.661499679088592529e-01
3.800000000000000266e+00,2.000000000000000000e+00,-4.713864922523498535e-01,2.647738456726074219e-01
3.800000000000000266e+00,2.000000000000000000e+00,-4.643921256065368652e-01,2.586355805397033691e-01
3.800000000000000266e+00,2.000000000000000000e+00,-4.573976993560791016e-01,2.565944790840148926e-01
3.800000000000000266e+00,2.000000000000000000e+00,-4.504032731056213379e-01,2.542620301246643066e-01
3.800000000000000266e+00,2.000000000000000000e+00,-4.434089064598083496e-01,2.519738376140594482e-01
3.800000000000000266e+00,2.000000000000000000e+00,-4.364145398139953613e-01,2.479689419269561768e-01
3.800000000000000266e+00,2.000000000000000000e+00,-4.294201135635375977e-01,2.471601516008377075e-01
3.800000000000000266e+00,2.000000000000000000e+00,-4.224256873130798340e-01,2.427554130554199219e-01
3.800000000000000266e+00,2.000000000000000000e+00,-4.154313206672668457e-01,2.401031255722045898e-01
3.800000000000000266e+00,2.000000000000000000e+00,-4.084369540214538574e-01,2.382582873106002808e-01
3.800000000000000266e+00,2.000000000000000000e+00,-4.014425277709960938e-01,2.350041866302490234e-01
3.800000000000000266e+00,2.000000000000000000e+00,-3.944481015205383301e-01,2.298946082592010498e-01
3.800000000000000266e+00,2.000000000000000000e+00,-3.874537348747253418e-01,2.274409383535385132e-01
3.800000000000000266e+00,2.000000000000000000e+00,-3.804593682289123535e-01,2.232244908809661865e-01
3.800000000000000266e+00,2.000000000000000000e+00,-3.734649419784545898e-01,2.214871197938919067e-01
3.800000000000000266e+00,2.000000000000000000e+00,-3.664705157279968262e-01,2.208146005868911743e-01
3.800000000000000266e+00,2.000000000000000000e+00,-3.594761490821838379e-01,2.171298116445541382e-01
3.800000000000000266e+00,2.000000000000000000e+00,-3.524817824363708496e-01,2.144837528467178345e-01
3.800000000000000266e+00,2.000000000000000000e+00,-3.454874157905578613e-01,2.121898829936981201e-01
3.800000000000000266e+00,2.000000000000000000e+00,-3.384929895401000977e-01,2.097727358341217041e-01
3.800000000000000266e+00,2.000000000000000000e+00,-3.314985632896423340e-01,2.056898325681686401e-01
3.800000000000000266e+00,2.000000000000000000e+00,-3.245041966438293457e-01,2.024380564689636230e-01
3.800000000000000266e+00,2.000000000000000000e+00,-3.175098299980163574e-01,2.007738500833511353e-01
3.800000000000000266e+00,2.000000000000000000e+00,-3.105154037475585938e-01,1.956089884042739868e-01
3.800000000000000266e+00,2.000000000000000000e+00,-3.035209774971008301e-01,1.943738460540771484e-01
3.800000000000000266e+00,2.000000000000000000e+00,-2.965266108512878418e-01,1.918681859970092773e-01
3.800000000000000266e+00,2.000000000000000000e+00,-2.895322442054748535e-01,1.887549012899398804e-01
3.800000000000000266e+00,2.000000000000000000e+00,-2.825378179550170898e-01,1.858615279197692871e-01
3.800000000000000266e+00,2.000000000000000000e+00,-2.755433917045593262e-01,1.837098002433776855e-01
3.800000000000000266e+00,2.000000000000000000e+00,-2.685490250587463379e-01,1.799150854349136353e-01
3.800000000000000266e+00,2.000000000000000000e+00,-2.615546584129333496e-01,1.776217222213745117e-01
3.800000000000000266e+00,2.000000000000000000e+00,-2.545602321624755859e-01,1.760288625955581665e-01
3.800000000000000266e+00,2.000000000000000000e+00,-2.475658059120178223e-01,1.704322993755340576e-01
3.800000000000000266e+00,2.000000000000000000e+00,-2.405714392662048340e-01,1.692699491977691650e-01
3.800000000000000266e+00,2.000000000000000000e+00,-2.335770726203918457e-01,1.661567240953445435e-01
3.800000000000000266e+00,2.000000000000000000e+00,-2.265826463699340820e-01,1.629319936037063599e-01
3.800000000000000266e+00,2.000000000000000000e+00,-2.195882201194763184e-01,1.595306843519210815e-01
3.800000000000000266e+00,2.000000000000000000e+00,-2.125938534736633301e-01,1.579948514699935913e-01
3.800000000000000266e+00,2.000000000000000000e+00,-2.055994868278503418e-01,1.565012931823730469e-01
3.800000000000000266e+00,2.000000000000000000e+00,-1.986050605773925781e-01,1.527664661407470703e-01
3.800000000000000266e+00,2.000000000000000000e+00,-1.916106343269348145e-01,1.509354710578918457e-01
3.800000000000000266e+00,2.000000000000000000e+00,-1.846162676811218262e-01,1.493129432201385498e-01
3.800000000000000266e+00,2.000000000000000000e+00,-1.776219010353088379e-01,1.445365846157073975e-01
3.800000000000000266e+00,2.000000000000000000e+00,-1.706274747848510742e-01,1.401686966419219971e-01
3.800000000000000266e+00,2.000000000000000000e+00,-1.636330485343933105e-01,1.388922184705734253e-01
3.800000000000000266e+00,2.000000000000000000e+00,-1.566386818885803223e-01,1.367738544940948486e-01
3.800000000000000266e+00,2.000000000000000000e+00,-1.496443152427673340e-01,1.327385902404785156e-01
3.800000000000000266e+00,2.000000000000000000e+00,-1.426499485969543457e-01,1.318307071924209595e-01
3.800000000000000266e+00,2.000000000000000000e+00,-1.356555223464965820e-01,1.303738504648208618e-01
3.800000000000000266e+00,2.000000000000000000e+00,-1.286610960960388184e-01,1.260026544332504272e-01
3.800000000000000266e+00,2.000000000000000000e+00,-1.216667294502258301e-01,1.243209764361381531e-01
3.800000000000000266e+00,2.000000000000000000e+00,-1.146723628044128418e-01,1.223479807376861572e-01
3.800000000000000266e+00,2.000000000000000000e+00,-1.076779365539550781e-01,1.191667616367340088e-01
3.800000000000000266e+00,2.000000000000000000e+00,-1.006835103034973145e-01,1.175738498568534851e-01
3.800000000000000266e+00,2.000000000000000000e+00,-9.368914365768432617e-02,1.133661568164825439e-01
3.800000000000000266e+00,2.000000000000000000e+00,-8.669477701187133789e-02,1.119890362024307251e-01
3.800000000000000266e+00,2.000000000000000000e+00,-7.970035076141357422e-02,1.080096065998077393e-01
3.800000000000000266e+00,2.000000000000000000e+00,-7.270592451095581055e-02,1.064525693655014038e-01
3.800000000000000266e+00,2.000000000000000000e+00,-6.571155786514282227e-02,1.051163002848625183e-01
3.800000000000000266e+00,2.000000000000000000e+00,-5.871719121932983398e-02,1.011969074606895447e-01
3.800000000000000266e+00,2.000000000000000000e+00,-5.172276496887207031e-02,9.950575977563858032e-02
3.800000000000000266e+00,2.000000000000000000e+00,-4.472833871841430664e-02,9.867864847183227539e-02
3.800000000000000266e+00,2.000000000000000000e+00,-3.773397207260131836e-02,9.554526209831237793e-02
3.800000000000000266e+00,2.000000000000000000e+00,-3.073960542678833008e-02,9.265945106744766235e-02
3.800000000000000266e+00,2.000000000000000000e+00,-2.374517917633056641e-02,9.121930599212646484e-02
3.800000000000000266e+00,2.000000000000000000e+00,-1.675075292587280273e-02,8.817183226346969604e-02
3.800000000000000266e+00,2.000000000000000000e+00,-9.756386280059814453e-03,8.642153441905975342e-02
3.800000000000000266e+00,2.000000000000000000e+00,-2.762019634246826172e-03,8.557384461164474487e-02
3.800000000000000266e+00,2.000000000000000000e+00,4.232406616210937500e-03,8.183867484331130981e-02
3.800000000000000266e+00,2.000000000000000000e+00,1.122683286666870117e-02,8.030805736780166626e-02
3.800000000000000266e+00,2.000000000000000000e+00,1.822119951248168945e-02,8.015515655279159546e-02
3.800000000000000266e+00,2.000000000000000000e+00,2.521556615829467773e-02,7.973039895296096802e-02
3.800000000000000266e+00,2.000000000000000000e+00,3.220999240875244141e-02,7.751347124576568604e-02
3.800000000000000266e+00,2.000000000000000000e+00,3.920441865921020508e-02,7.626587897539138794e-02
3.800000000000000266e+00,2.000000000000000000e+00,4.619878530502319336e-02,7.531803846359252930e-02
3.800000000000000266e+00,2.000000000000000000e+00,5.319315195083618164e-02,7.364973425865173340e-02
3.800000000000000266e+00,2.000000000000000000e+00,6.018757820129394531e-02,7.329069823026657104e-02
3.800000000000000266e+00,2.000000000000000000e+00,6.718200445175170898e-02,7.344497740268707275e-02
3.800000000000000266e+00,2.000000000000000000e+00,7.417637109756469727e-02,7.304945588111877441e-02
3.800000000000000266e+00,2.000000000000000000e+00,8.117073774337768555e-02,7.141348719596862793e-02
3.800000000000000266e+00,2.000000000000000000e+00,8.816510438919067383e-02,6.973050534725189209e-02
3.800000000000000266e+00,2.000000000000000000e+00,9.515953063964843750e-02,6.937476992607116699e-02
3.800000000000000266e+00,2.000000000000000000e+00,1.021539568901062012e-01,6.910238415002822876e-02
3.800000000000000266e+00,2.000000000000000000e+00,1.091483235359191895e-01,6.796438246965408325e-02
3.800000000000000266e+00,2.000000000000000000e+00,1.161426901817321777e-01,6.718159466981887817e-02
3.800000000000000266e+00,2.000000000000000000e+00,1.231371164321899414e-01,6.677574664354324341e-02
3.800000000000000266e+00,2.000000000000000000e+00,1.301315426826477051e-01,6.468908488750457764e-02
3.800000000000000266e+00,2.000000000000000000e+00,1.371259093284606934e-01,6.313186138868331909e-02
3.800000000000000266e+00,2.000000000000000000e+00,1.441202759742736816e-01,6.214970722794532776e-02
3.800000000000000266e+00,2.000000000000000000e+00,1.511147022247314453e-01,6.099352240562438965e-02
3.800000000000000266e+00,2.000000000000000000e+00,1.581091284751892090e-01,5.997384712100028992e-02
3.800000000000000266e+00,2.000000000000000000e+00,1.651034951210021973e-01,5.714002996683120728e-02
3.800000000000000266e+00,2.000000000000000000e+00,1.720978617668151855e-01,5.597172677516937256e-02
3.800000000000000266e+00,2.000000000000000000e+00,1.790922880172729492e-01,5.512983351945877075e-02
3.800000000000000266e+00,2.000000000000000000e+00,1.860867142677307129e-01,5.452748760581016541e-02
3.800000000000000266e+00,2.000000000000000000e+00,1.930810809135437012e-01,5.360241606831550598e-02
3.800000000000000266e+00,2.000000000000000000e+00,2.000754475593566895e-01,5.034932121634483337e-02
3.800000000000000266e+00,2.000000000000000000e+00,2.070698738098144531e-01,4.808620736002922058e-02
3.800000000000000266e+00,2.000000000000000000e+00,2.140643000602722168e-01,4.717384651303291321e-02
3.800000000000000266e+00,2.000000000000000000e+00,2.210586667060852051e-01,4.403663054108619690e-02
3.800000000000000266e+00,2.000000000000000000e+00,2.280530333518981934e-01,4.217792674899101257e-02
3.800000000000000266e+00,2.000000000000000000e+00,2.350474596023559570e-01,4.077384620904922485e-02
3.800000000000000266e+00,2.000000000000000000e+00,2.420418858528137207e-01,3.727835044264793396e-02
3.800000000000000266e+00,2.000000000000000000e+00,2.490362524986267090e-01,3.556883707642555237e-02
3.800000000000000266e+00,2.000000000000000000e+00,2.560306191444396973e-01,3.125120699405670166e-02
3.800000000000000266e+00,2.000000000000000000e+00,2.630250453948974609e-01,2.650692686438560486e-02
4.800000000000000711e+00,3.000000000000000888e+00,-1.477545738220214844e+00,6.470869183540344238e-01
4.800000000000000711e+00,3.000000000000000888e+00,-1.470410108566284180e+00,6.475256681442260742e-01
4.800000000000000711e+00,3.000000000000000888e+00,-1.463274359703063965e+00,6.455969214439392090e-01
4.800000000000000711e+00,3.000000000000000888e+00,-1.456138610839843750e+00,6.470831632614135742e-01
4.800000000000000711e+00,3.000000000000000888e+00,-1.449002981185913086e+00,6.456841230392456055e-01
4.800000000000000711e+00,3.000000000000000888e+00,-1.441867113113403320e+00,6.425642371177673340e-01
4.800000000000000711e+00,3.000000000000000888e+00,-1.434731483459472656e+00,6.392316818237304688e-01
4.800000000000000711e+00,3.000000000000000888e+00,-1.427595853805541992e+00,6.387318968772888184e-01
4.800000000000000711e+00,3.000000000000000888e+00,-1.420459985733032227e+00,6.376337409019470215e-01
4.800000000000000711e+00,3.000000000000000888e+00,-1.413324356079101562e+00,6.348816752433776855e-01
4.800000000000000711e+00,3.000000000000000888e+00,-1.406188607215881348e+00,6.320796608924865723e-01
4.800000000000000711e+00,3.000000000000000888e+00,-1.399052858352661133e+00,6.301742196083068848e-01
4.800000000000000711e+00,3.000000000000000888e+00,-1.391917228698730469e+00,6.267998814582824707e-01
4.800000000000000711e+00,3.000000000000000888e+00,-1.384781360626220703e+00,6.250315904617309570e-01
4.800000000000000711e+00,3.000000000000000888e+00,-1.377645730972290039e+00,6.221784949302673340e-01
4.800000000000000711e+00,3.000000000000000888e+00,-1.370510101318359375e+00,6.204879879951477051e-01
4.800000000000000711e+00,3.000000000000000888e+00,-1.363374233245849609e+00,6.183515191078186035e-01
4.800000000000000711e+00,3.000000000000000888e+00,-1.356238603591918945e+00,6.157267689704895020e-01
4.800000000000000711e+00,3.000000000000000888e+00,-1.349102854728698730e+00,6.135145425796508789e-01
4.800000000000000711e+00,3.000000000000000888e+00,-1.341967105865478516e+00,6.110550761222839355e-01
4.800000000000000711e+00,3.000000000000000888e+00,-1.334831476211547852e+00,6.076104044914245605e-01
4.800000000000000711e+00,3.000000000000000888e+00,-1.327695608139038086e+00,6.050326824188232422e-01
4.800000000000000711e+00,3.000000000000000888e+00,-1.320559978485107422e+00,6.016137003898620605e-01
4.800000000000000711e+00,3.000000000000000888e+00,-1.313424348831176758e+00,5.999895930290222168e-01
4.800000000000000711e+00,3.000000000000000888e+00,-1.306288480758666992e+00,5.977641940116882324e-01
4.800000000000000711e+00,3.000000000000000888e+00,-1.299152851104736328e+00,5.947034955024719238e-01
4.800000000000000711e+00,3.000000000000000888e+00,-1.292017102241516113e+00,5.922668576240539551e-01
4.800000000000000711e+00,3.000000000000000888e+00,-1.284881353378295898e+00,5.900701880455017090e-01
4.800000000000000711e+00,3.000000000000000888e+00,-1.277745723724365234e+00,5.858513712882995605e-01
4.800000000000000711e+00,3.000000000000000888e+00,-1.270609855651855469e+00,5.830021500587463379e-01
4.800000000000000711e+00,3.000000000000000888e+00,-1.263474225997924805e+00,5.805190205574035645e-01
4.800000000000000711e+00,3.000000000000000888e+00,-1.256338596343994141e+00,5.756348371505737305e-01
4.800000000000000711e+00,3.000000000000000888e+00,-1.249202728271484375e+00,5.734991431236267090e-01
4.800000000000000711e+00,3.000000000000000888e+00,-1.242067098617553711e+00,5.701413750648498535e-01
4.800000000000000711e+00,3.000000000000000888e+00,-1.234931349754333496e+00,5.686135292053222656e-01
4.800000000000000711e+00,3.000000000000000888e+00,-1.227795600891113281e+00,5.657642483711242676e-01
4.800000000000000711e+00,3.000000000000000888e+00,-1.220659971237182617e+00,5.617865324020385742e-01
4.800000000000000711e+00,3.000000000000000888e+00,-1.213524103164672852e+00,5.607941746711730957e-01
4.800000000000000711e+00,3.000000000000000888e+00,-1.206388473510742188e+00,5.557299852371215820e-01
4.800000000000000711e+00,3.000000000000000888e+00,-1.199252724647521973e+00,5.534867644309997559e-01
4.800000000000000711e+00,3.000000000000000888e+00,-1.192116975784301758e+00,5.510286092758178711e-01
4.800000000000000711e+00,3.000000000000000888e+00,-1.184981346130371094e+00,5.492863655090332031e-01
4.800000000000000711e+00,3.000000000000000888e+00,-1.177845597267150879e+00,5.465642213821411133e-01
4.800000000000000711e+00,3.000000000000000888e+00,-1.170709848403930664e+00,5.433229804039001465e-01
4.800000000000000711e+00,3.000000000000000888e+00,-1.163574218750000000e+00,5.401764512062072754e-01
4.800000000000000711e+00,3.000000000000000888e+00,-1.156438350677490234e+00,5.379352569580078125e-01
4.800000000000000711e+00,3.000000000000000888e+00,-1.149302721023559570e+00,5.341781377792358398e-01
4.800000000000000711e+00,3.000000000000000888e+00,-1.142166972160339355e+00,5.304301977157592773e-01
4.800000000000000711e+00,3.000000000000000888e+00,-1.135031223297119141e+00,5.289779305458068848e-01
4.800000000000000711e+00,3.000000000000000888e+00,-1.127895593643188477e+00,5.273641943931579590e-01
4.800000000000000711e+00,3.000000000000000888e+00,-1.120759844779968262e+00,5.228433012962341309e-01
4.800000000000000711e+00,3.000000000000000888e+00,-1.113624095916748047e+00,5.209642052650451660e-01
4.800000000000000711e+00,3.000000000000000888e+00,-1.106488466262817383e+00,5.170300602912902832e-01
4.800000000000000711e+00,3.000000000000000888e+00,-1.099352598190307617e+00,5.145642161369323730e-01
4.800000000000000711e+00,3.000000000000000888e+00,-1.092216968536376953e+00,5.104141235351562500e-01
4.800000000000000711e+00,3.000000000000000888e+00,-1.085081219673156738e+00,5.085613727569580078e-01
4.800000000000000711e+00,3.000000000000000888e+00,-1.077945470809936523e+00,5.049664378166198730e-01
4.800000000000000711e+00,3.000000000000000888e+00,-1.070809841156005859e+00,5.017642378807067871e-01
4.800000000000000711e+00,3.000000000000000888e+00,-1.063674092292785645e+00,4.988111257553100586e-01
4.800000000000000711e+00,3.000000000000000888e+00,-1.056538343429565430e+00,4.972948729991912842e-01
4.800000000000000711e+00,3.000000000000000888e+00,-1.049402713775634766e+00,4.953642189502716064e-01
4.800000000000000711e+00,3.000000000000000888e+00,-1.042266845703125000e+00,4.908210039138793945e-01
4.800000000000000711e+00,3.000000000000000888e+00,-1.035131216049194336e+00,4.889642298221588135e-01
4.800000000000000711e+00,3.000000000000000888e+00,-1.027995467185974121e+00,4.838522970676422119e-01
4.800000000000000711e+00,3.000000000000000888e+00,-1.020859718322753906e+00,4.829682111740112305e-01
4.800000000000000711e+00,3.000000000000000888e+00,-1.013724088668823242e+00,4.788627326488494873e-01
4.800000000000000711e+00,3.000000000000000888e+00,-1.006588339805603027e+00,4.761642217636108398e-01
4.800000000000000711e+00,3.000000000000000888e+00,-9.994526505470275879e-01,4.736757278442382812e-01
4.800000000000000711e+00,3.000000000000000888e+00,-9.923169016838073730e-01,4.716542661190032959e-01
4.800000000000000711e+00,3.000000000000000888e+00,-9.851811528205871582e-01,4.677411615848541260e-01
4.800000000000000711e+00,3.000000000000000888e+00,-9.780454635620117188e-01,4.657738804817199707e-01
4.800000000000000711e+00,3.000000000000000888e+00,-9.709097146987915039e-01,4.637216031551361084e-01
4.800000000000000711e+00,3.000000000000000888e+00,-9.637739658355712891e-01,4.591421484947204590e-01
4.800000000000000711e+00,3.000000000000000888e+00,-9.566382765769958496e-01,4.572024643421173096e-01
4.800000000000000711e+00,3.000000000000000888e+00,-9.495025873184204102e-01,4.526447057723999023e-01
4.800000000000000711e+00,3.000000000000000888e+00,-9.423668384552001953e-01,4.514691531658172607e-01
4.800000000000000711e+00,3.000000000000000888e+00,-9.352310895919799805e-01,4.485895633697509766e-01
4.800000000000000711e+00,3.000000000000000888e+00,-9.280954003334045410e-01,4.453601539134979248e-01
4.800000000000000711e+00,3.000000000000000888e+00,-9.209597110748291016e-01,4.429769217967987061e-01
4.800000000000000711e+00,3.000000000000000888e+00,-9.138239622116088867e-01,4.385688602924346924e-01
4.800000000000000711e+00,3.000000000000000888e+00,-9.066882133483886719e-01,4.355705380439758301e-01
4.800000000000000711e+00,3.000000000000000888e+00,-8.995525240898132324e-01,4.330152273178100586e-01
4.800000000000000711e+00,3.000000000000000888e+00,-8.924168348312377930e-01,4.297577440738677979e-01
4.800000000000000711e+00,3.000000000000000888e+00,-8.852810859680175781e-01,4.271649718284606934e-01
4.800000000000000711e+00,3.000000000000000888e+00,-8.781453371047973633e-01,4.249642193317413330e-01
4.800000000000000711e+00,3.000000000000000888e+00,-8.710096478462219238e-01,4.213023781776428223e-01
4.800000000000000711e+00,3.000000000000000888e+00,-8.638739585876464844e-01,4.185642302036285400e-01
4.800000000000000711e+00,3.000000000000000888e+00,-8.567382097244262695e-01,4.147305488586425781e-01
4.800000000000000711e+00,3.000000000000000888e+00,-8.496024608612060547e-01,4.133408665657043457e-01
4.800000000000000711e+00,3.000000000000000888e+00,-8.424667716026306152e-01,4.106577932834625244e-01
4.800000000000000711e+00,3.000000000000000888e+00,-8.353310823440551758e-01,4.072792530059814453e-01
4.800000000000000711e+00,3.000000000000000888e+00,-8.281953334808349609e-01,4.032393991947174072e-01
4.800000000000000711e+00,3.000000000000000888e+00,-8.210595846176147461e-01,4.010378718376159668e-01
4.800000000000000711e+00,3.000000000000000888e+00,-8.139238953590393066e-01,3.993642330169677734e-01
4.800000000000000711e+00,3.000000000000000888e+00,-8.067882061004638672e-01,3.952743113040924072e-01
4.800000000000000711e+00,3.000000000000000888e+00,-7.996524572372436523e-01,3.929642140865325928e-01
4.800000000000000711e+00,3.000000000000000888e+00,-7.925167083740234375e-01,3.895878195762634277e-01
4.800000000000000711e+00,3.000000000000000888e+00,-7.853810191154479980e-01,3.865642249584197998e-01
4.800000000000000711e+00,3.000000000000000888e+00,-7.782453298568725586e-01,3.830299675464630127e-01
4.800000000000000711e+00,3.000000000000000888e+00,-7.711095809936523438e-01,3.808202147483825684e-01
4.800000000000000711e+00,3.000000000000000888e+00,-7.639738321304321289e-01,3.764183819293975830e-01
4.800000000000000711e+00,3.000000000000000888e+00,-7.568381428718566895e-01,3.746480345726013184e-01
4.800000000000000711e+00,3.000000000000000888e+00,-7.497024536132812500e-01,3.720169961452484131e-01
4.800000000000000711e+00,3.000000000000000888e+00,-7.425667047500610352e-01,3.691698014736175537e-01
4.800000000000000711e+00,3.000000000000000888e+00,-7.354309558868408203e-01,3.669779002666473389e-01
4.800000000000000711e+00,3.000000000000000888e+00,-7.282952666282653809e-01,3.637142181396484375e-01
4.800000000000000711e+00,3.000000000000000888e+00,-7.211595773696899414e-01,3.598522245883941650e-01
4.800000000000000711e+00,3.000000000000000888e+00,-7.140238285064697266e-01,3.572719991207122803e-01
4.800000000000000711e+00,3.000000000000000888e+00,-7.068880796432495117e-01,3.554876744747161865e-01
4.800000000000000711e+00,3.000000000000000888e+00,-6.997523903846740723e-01,3.510453701019287109e-01
4.800000000000000711e+00,3.000000000000000888e+00,-6.926167011260986328e-01,3.491887748241424561e-01
4.800000000000000711e+00,3.000000000000000888e+00,-6.854809522628784180e-01,3.456070125102996826e-01
4.800000000000000711e+00,3.000000000000000888e+00,-6.783452033996582031e-01,3.437099754810333252e-01
4.800000000000000711e+00,3.000000000000000888e+00,-6.712095141410827637e-01,3.398862183094024658e-01
4.800000000000000711e+00,3.000000000000000888e+00,-6.640738248825073242e-01,3.377162218093872070e-01
4.800000000000000711e+00,3.000000000000000888e+00,-6.569380760192871094e-01,3.357103466987609863e-01
4.800000000000000711e+00,3.000000000000000888e+00,-6.498023271560668945e-01,3.312306404113769531e-01
4.800000000000000711e+00,3.000000000000000888e+00,-6.426666378974914551e-01,3.258757293224334717e-01
4.800000000000000711e+00,3.000000000000000888e+00,-6.355309486389160156e-01,3.249192833900451660e-01
4.800000000000000711e+00,3.000000000000000888e+00,-6.283951997756958008e-01,3.233682513236999512e-01
4.800000000000000711e+00,3.000000000000000888e+00,-6.212594509124755859e-01,3.193809092044830322e-01
4.800000000000000711e+00,3.000000000000000888e+00,-6.141237616539001465e-01,3.172910809516906738e-01
4.800000000000000711e+00,3.000000000000000888e+00,-6.069880723953247070e-01,3.141135871410369873e-01
4.800000000000000711e+00,3.000000000000000888e+00,-5.998523235321044922e-01,3.110612332820892334e-01
4.800000000000000711e+00,3.000000000000000888e+00,-5.927165746688842773e-01,3.097642362117767334e-01
4.800000000000000711e+00,3.000000000000000888e+00,-5.855808854103088379e-01,3.043555319309234619e-01
4.800000000000000711e+00,3.000000000000000888e+00,-5.784451961517333984e-01,3.014813959598541260e-01
4.800000000000000711e+00,3.000000000000000888e+00,-5.713094472885131836e-01,2.995823919773101807e-01
4.800000000000000711e+00,3.000000000000000888e+00,-5.641736984252929688e-01,2.969642281532287598e-01
4.800000000000000711e+00,3.000000000000000888e+00,-5.570379495620727539e-01,2.936465740203857422e-01
4.800000000000000711e+00,3.000000000000000888e+00,-5.499022603034973145e-01,2.894774973392486572e-01
4.800000000000000711e+00,3.000000000000000888e+00,-5.427665710449218750e-01,2.868795692920684814e-01
4.800000000000000711e+00,3.000000000000000888e+00,-5.356308221817016602e-01,2.852168083190917969e-01
4.800000000000000711e+00,3.000000000000000888e+00,-5.284950733184814453e-01,2.813892364501953125e-01
4.800000000000000711e+00,3.000000000000000888e+00,-5.213593840599060059e-01,2.793895006179809570e-01
4.800000000000000711e+00,3.000000000000000888e+00,-5.142236948013305664e-01,2.745793759822845459e-01
4.800000000000000711e+00,3.000000000000000888e+00,-5.070879459381103516e-01,2.725615799427032471e-01
4.800000000000000711e+00,3.000000000000000888e+00,-4.999522268772125244e-01,2.696273028850555420e-01
4.800000000000000711e+00,3.000000000000000888e+00,-4.928165078163146973e-01,2.679242491722106934e-01
4.800000000000000711e+00,3.000000000000000888e+00,-4.856807887554168701e-01,2.651969790458679199e-01
4.800000000000000711e+00,3.000000000000000888e+00,-4.785450994968414307e-01,2.602877020835876465e-01
4.800000000000000711e+00,3.000000000000000888e+00,-4.714093804359436035e-01,2.579415440559387207e-01
4.800000000000000711e+00,3.000000000000000888e+00,-4.642736315727233887e-01,2.560020983219146729e-01
4.800000000000000711e+00,3.000000000000000888e+00,-4.571378827095031738e-01,2.504324913024902344e-01
4.800000000000000711e+00,3.000000000000000888e+00,-4.500021934509277344e-01,2.489288151264190674e-01
4.800000000000000711e+00,3.000000000000000888e+00,-4.428665041923522949e-01,2.472723871469497681e-01
4.800000000000000711e+00,3.000000000000000888e+00,-4.357307553291320801e-01,2.436778694391250610e-01
4.800000000000000711e+00,3.000000000000000888e+00,-4.285950064659118652e-01,2.415130138397216797e-01
4.800000000000000711e+00,3.000000000000000888e+00,-4.214593172073364258e-01,2.393642216920852661e-01
4.800000000000000711e+00,3.000000000000000888e+00,-4.143236279487609863e-01,2.346818447113037109e-01
4.800000000000000711e+00,3.000000000000000888e+00,-4.071878790855407715e-01,2.334258109331130981e-01
4.800000000000000711e+00,3.000000000000000888e+00,-4.000521302223205566e-01,2.284958064556121826e-01
4.800000000000000711e+00,3.000000000000000888e+00,-3.929164409637451172e-01,2.273968011140823364e-01
4.800000000000000711e+00,3.000000000000000888e+00,-3.857807517051696777e-01,2.235456258058547974e-01
4.800000000000000711e+00,3.000000000000000888e+00,-3.786450028419494629e-01,2.201642245054244995e-01
4.800000000000000711e+00,3.000000000000000888e+00,-3.715092539787292480e-01,2.189052551984786987e-01
4.800000000000000711e+00,3.000000000000000888e+00,-3.643735647201538086e-01,2.161226123571395874e-01
4.800000000000000711e+00,3.000000000000000888e+00,-3.572378754615783691e-01,2.127871215343475342e-01
4.800000000000000711e+00,3.000000000000000888e+00,-3.501021265983581543e-01,2.095470130443572998e-01
4.800000000000000711e+00,3.000000000000000888e+00,-3.429663777351379395e-01,2.076376527547836304e-01
4.800000000000000711e+00,3.000000000000000888e+00,-3.358306884765625000e-01,2.021052688360214233e-01
4.800000000000000711e+00,3.000000000000000888e+00,-3.286949992179870605e-01,2.009642273187637329e-01
4.800000000000000711e+00,3.000000000000000888e+00,-3.215592503547668457e-01,1.979767233133316040e-01
4.800000000000000711e+00,3.000000000000000888e+00,-3.144235014915466309e-01,1.945642232894897461e-01
4.800000000000000711e+00,3.000000000000000888e+00,-3.072878122329711914e-01,1.920526772737503052e-01
4.800000000000000711e+00,3.000000000000000888e+00,-3.001521229743957520e-01,1.899053752422332764e-01
4.800000000000000711e+00,3.000000000000000888e+00,-2.930163741111755371e-01,1.875330656766891479e-01
4.800000000000000711e+00,3.000000000000000888e+00,-2.858806252479553223e-01,1.840907335281372070e-01
4.800000000000000711e+00,3.000000000000000888e+00,-2.787449359893798828e-01,1.827248334884643555e-01
4.800000000000000711e+00,3.000000000000000888e+00,-2.716092467308044434e-01,1.770497113466262817e-01
4.800000000000000711e+00,3.000000000000000888e+00,-2.644734978675842285e-01,1.753642261028289795e-01
4.800000000000000711e+00,3.000000000000000888e+00,-2.573377490043640137e-01,1.726202070713043213e-01
4.800000000000000711e+00,3.000000000000000888e+00,-2.502020597457885742e-01,1.702617853879928589e-01
4.800000000000000711e+00,3.000000000000000888e+00,-2.430663704872131348e-01,1.678949743509292603e-01
4.800000000000000711e+00,3.000000000000000888e+00,-2.359306216239929199e-01,1.653480976819992065e-01
4.800000000000000711e+00,3.000000000000000888e+00,-2.287948727607727051e-01,1.629062891006469727e-01
4.800000000000000711e+00,3.000000000000000888e+00,-2.216591835021972656e-01,1.588671207427978516e-01
4.800000000000000711e+00,3.000000000000000888e+00,-2.145234942436218262e-01,1.573090404272079468e-01
4.800000000000000711e+00,3.000000000000000888e+00,-2.073877453804016113e-01,1.532721072435379028e-01
4.800000000000000711e+00,3.000000000000000888e+00,-2.002519965171813965e-01,1.511567831039428711e-01
4.800000000000000711e+00,3.000000000000000888e+00,-1.931163072586059570e-01,1.497642248868942261e-01
4.800000000000000711e+00,3.000000000000000888e+00,-1.859806180000305176e-01,1.471557021141052246e-01
4.800000000000000711e+00,3.000000000000000888e+00,-1.788448691368103027e-01,1.443497091531753540e-01
4.800000000000000711e+00,3.000000000000000888e+00,-1.717091202735900879e-01,1.410624980926513672e-01
4.800000000000000711e+00,3.000000000000000888e+00,-1.645734310150146484e-01,1.387311965227127075e-01
4.800000000000000711e+00,3.000000000000000888e+00,-1.574377417564392090e-01,1.360760331153869629e-01
4.800000000000000711e+00,3.000000000000000888e+00,-1.503019928932189941e-01,1.333290636539459229e-01
4.800000000000000711e+00,3.000000000000000888e+00,-1.431662440299987793e-01,1.316534727811813354e-01
4.800000000000000711e+00,3.000000000000000888e+00,-1.360305547714233398e-01,1.286184787750244141e-01
4.800000000000000711e+00,3.000000000000000888e+00,-1.288948655128479004e-01,1.268689781427383423e-01
4.800000000000000711e+00,3.000000000000000888e+00,-1.217591166496276855e-01,1.241642236709594727e-01
4.800000000000000711e+00,3.000000000000000888e+00,-1.146233677864074707e-01,1.202408149838447571e-01
4.800000000000000711e+00,3.000000000000000888e+00,-1.074876189231872559e-01,1.194037273526191711e-01
4.800000000000000711e+00,3.000000000000000888e+00,-1.003519296646118164e-01,1.181432679295539856e-01
4.800000000000000711e+00,3.000000000000000888e+00,-9.321624040603637695e-02,1.145326942205429077e-01
4.800000000000000711e+00,3.000000000000000888e+00,-8.608049154281616211e-02,1.126599237322807312e-01
4.800000000000000711e+00,3.000000000000000888e+00,-7.894474267959594727e-02,1.113642230629920959e-01
4.800000000000000711e+00,3.000000000000000888e+00,-7.180905342102050781e-02,1.069713011384010315e-01
4.800000000000000711e+00,3.000000000000000888e+00,-6.467336416244506836e-02,1.059066876769065857e-01
4.800000000000000711e+00,3.000000000000000888e+00,-5.753761529922485352e-02,1.035910919308662415e-01
4.800000000000000711e+00,3.000000000000000888e+00,-5.040186643600463867e-02,1.002807244658470154e-01
4.800000000000000711e+00,3.000000000000000888e+00,-4.326617717742919922e-02,9.928307682275772095e-02
4.800000000000000711e+00,3.000000000000000888e+00,-3.613048791885375977e-02,9.779683500528335571e-02
4.800000000000000711e+00,3.000000000000000888e+00,-2.899473905563354492e-02,9.458254277706146240e-02
4.800000000000000711e+00,3.000000000000000888e+00,-2.185899019241333008e-02,9.315271675586700439e-02
4.800000000000000711e+00,3.000000000000000888e+00,-1.472330093383789062e-02,9.216422587633132935e-02
4.800000000000000711e+00,3.000000000000000888e+00,-7.587611675262451172e-03,8.857194334268569946e-02
4.800000000000000711e+00,3.000000000000000888e+00,-4.518628120422363281e-04,8.735001087188720703e-02
4.800000000000000711e+00,3.000000000000000888e+00,6.683886051177978516e-03,8.678751438856124878e-02
4.800000000000000711e+00,3.000000000000000888e+00,1.381957530975341797e-02,8.576422184705734253e-02
4.800000000000000711e+00,3.000000000000000888e+00,2.095526456832885742e-02,8.260165899991989136e-02
4.800000000000000711e+00,3.000000000000000888e+00,2.809101343154907227e-02,8.197166025638580322e-02
4.800000000000000711e+00,3.000000000000000888e+00,3.522676229476928711e-02,8.067470043897628784e-02
4.800000000000000711e+00,3.000000000000000888e+00,4.236245155334472656e-02,8.007982373237609863e-02
4.800000000000000711e+00,3.000000000000000888e+00,4.949814081192016602e-02,7.936422526836395264e-02
4.800000000000000711e+00,3.000000000000000888e+00,5.663388967514038086e-02,7.633948326110839844e-02
4.800000000000000711e+00,3.000000000000000888e+00,6.376963853836059570e-02,7.553887367248535156e-02
4.800000000000000711e+00,3.000000000000000888e+00,7.090532779693603516e-02,7.581596821546554565e-02
4.800000000000000711e+00,3.000000000000000888e+00,7.804101705551147461e-02,7.508682459592819214e-02
4.800000000000000711e+00,3.000000000000000888e+00,8.517676591873168945e-02,7.412657141685485840e-02
4.800000000000000711e+00,3.000000000000000888e+00,9.231251478195190430e-02,7.303368300199508667e-02
4.800000000000000711e+00,3.000000000000000888e+00,9.944820404052734375e-02,7.315572351217269897e-02
4.800000000000000711e+00,3.000000000000000888e+00,1.065838932991027832e-01,7.321388274431228638e-02
4.800000000000000711e+00,3.000000000000000888e+00,1.137196421623229980e-01,7.193108648061752319e-02
4.800000000000000711e+00,3.000000000000000888e+00,1.208553910255432129e-01,7.036691904067993164e-02
4.800000000000000711e+00,3.000000000000000888e+00,1.279910802841186523e-01,6.924642622470855713e-02
4.800000000000000711e+00,3.000000000000000888e+00,1.351267695426940918e-01,6.814009696245193481e-02
4.800000000000000711e+00,3.000000000000000888e+00,1.422625184059143066e-01,6.804611533880233765e-02
4.800000000000000711e+00,3.000000000000000888e+00,1.493982672691345215e-01,6.740016490221023560e-02
4.800000000000000711e+00,3.000000000000000888e+00,1.565339565277099609e-01,6.549677252769470215e-02
4.800000000000000711e+00,3.000000000000000888e+00,1.636696457862854004e-01,6.373865902423858643e-02
4.800000000000000711e+00,3.000000000000000888e+00,1.708053946495056152e-01,6.251336634159088135e-02
4.800000000000000711e+00,3.000000000000000888e+00,1.779411435127258301e-01,6.162519380450248718e-02
4.800000000000000711e+00,3.000000000000000888e+00,1.850768327713012695e-01,6.079997494816780090e-02
4.800000000000000711e+00,3.000000000000000888e+00,1.922125220298767090e-01,5.903759598731994629e-02
4.800000000000000711e+00,3.000000000000000888e+00,1.993482708930969238e-01,5.679531395435333252e-02
4.800000000000000711e+00,3.000000000000000888e+00,2.064840197563171387e-01,5.542707443237304688e-02
4.800000000000000711e+00,3.000000000000000888e+00,2.136197090148925781e-01,5.405335873365402222e-02
4.800000000000000711e+00,3.000000000000000888e+00,2.207553982734680176e-01,5.094210430979728699e-02
4.800000000000000711e+00,3.000000000000000888e+00,2.278911471366882324e-01,4.989001527428627014e-02
4.800000000000000711e+00,3.000000000000000888e+00,2.350268959999084473e-01,4.912838712334632874e-02
4.800000000000000711e+00,3.000000000000000888e+00,2.421625852584838867e-01,4.818472266197204590e-02
4.800000000000000711e+00,3.000000000000000888e+00,2.492982745170593262e-01,4.573788493871688843e-02
4.800000000000000711e+00,3.000000000000000888e+00,2.564340233802795410e-01,4.397996515035629272e-02
4.800000000000000711e+00,3.000000000000000888e+00,2.635697722434997559e-01,4.213499277830123901e-02
4.800000000000000711e+00,3.000000000000000888e+00,2.707054615020751953e-01,3.959078714251518250e-02
4.800000000000000711e+00,3.000000000000000888e+00,2.778411507606506348e-01,3.606556355953216553e-02
4.800000000000000711e+00,3.000000000000000888e+00,2.849768996238708496e-01,3.456422314047813416e-02
4.800000000000000711e+00,3.000000000000000888e+00,2.921126484870910645e-01,3.001277334988117218e-02
4.800000000000000711e+00,3.000000000000000888e+00,2.992483377456665039e-01,2.526529319584369659e-02
