time_s,relative_time_after_impact_s,x_m,y_positive_m,y_negative_m
1.800000000000000044e+00,0.000000000000000000e+00,-1.484542489051818848e+00,9.162490069866180420e-02,-9.162490069866180420e-02
1.800000000000000044e+00,0.000000000000000000e+00,-1.478542566299438477e+00,1.167428046464920044e-01,-1.167428046464920044e-01
1.800000000000000044e+00,0.000000000000000000e+00,-1.472542762756347656e+00,1.243011653423309326e-01,-1.243011653423309326e-01
1.800000000000000044e+00,0.000000000000000000e+00,-1.466542959213256836e+00,1.316144764423370361e-01,-1.316144764423370361e-01
1.800000000000000044e+00,0.000000000000000000e+00,-1.460543155670166016e+00,1.356118172407150269e-01,-1.356118172407150269e-01
1.800000000000000044e+00,0.000000000000000000e+00,-1.454543232917785645e+00,1.370338499546051025e-01,-1.370338499546051025e-01
1.800000000000000044e+00,0.000000000000000000e+00,-1.448543429374694824e+00,1.356628835201263428e-01,-1.356628835201263428e-01
1.800000000000000044e+00,0.000000000000000000e+00,-1.442543506622314453e+00,1.374771595001220703e-01,-1.374771595001220703e-01
1.800000000000000044e+00,0.000000000000000000e+00,-1.436543703079223633e+00,1.380470991134643555e-01,-1.380470991134643555e-01
1.800000000000000044e+00,0.000000000000000000e+00,-1.430543899536132812e+00,1.378519386053085327e-01,-1.378519386053085327e-01
1.800000000000000044e+00,0.000000000000000000e+00,-1.424544095993041992e+00,1.406663656234741211e-01,-1.406663656234741211e-01
1.800000000000000044e+00,0.000000000000000000e+00,-1.418544173240661621e+00,1.407346427440643311e-01,-1.407346427440643311e-01
1.800000000000000044e+00,0.000000000000000000e+00,-1.412544369697570801e+00,1.401409208774566650e-01,-1.401409208774566650e-01
1.800000000000000044e+00,0.000000000000000000e+00,-1.406544446945190430e+00,1.432120651006698608e-01,-1.432120651006698608e-01
1.800000000000000044e+00,0.000000000000000000e+00,-1.400544643402099609e+00,1.408603787422180176e-01,-1.408603787422180176e-01
1.800000000000000044e+00,0.000000000000000000e+00,-1.394544839859008789e+00,1.456878036260604858e-01,-1.456878036260604858e-01
1.800000000000000044e+00,0.000000000000000000e+00,-1.388544917106628418e+00,1.446340382099151611e-01,-1.446340382099151611e-01
1.800000000000000044e+00,0.000000000000000000e+00,-1.382545113563537598e+00,1.435382217168807983e-01,-1.435382217168807983e-01
1.800000000000000044e+00,0.000000000000000000e+00,-1.376545190811157227e+00,1.424347162246704102e-01,-1.424347162246704102e-01
1.800000000000000044e+00,0.000000000000000000e+00,-1.370545387268066406e+00,1.448826342821121216e-01,-1.448826342821121216e-01
1.800000000000000044e+00,0.000000000000000000e+00,-1.364545583724975586e+00,1.424755752086639404e-01,-1.424755752086639404e-01
1.800000000000000044e+00,0.000000000000000000e+00,-1.358545780181884766e+00,1.438302844762802124e-01,-1.438302844762802124e-01
1.800000000000000044e+00,0.000000000000000000e+00,-1.352545857429504395e+00,1.426194757223129272e-01,-1.426194757223129272e-01
1.800000000000000044e+00,0.000000000000000000e+00,-1.346546053886413574e+00,1.471105068922042847e-01,-1.471105068922042847e-01
1.800000000000000044e+00,0.000000000000000000e+00,-1.340546131134033203e+00,1.430562585592269897e-01,-1.430562585592269897e-01
1.800000000000000044e+00,0.000000000000000000e+00,-1.334546327590942383e+00,1.443950831890106201e-01,-1.443950831890106201e-01
1.800000000000000044e+00,0.000000000000000000e+00,-1.328546524047851562e+00,1.452764123678207397e-01,-1.452764123678207397e-01
1.800000000000000044e+00,0.000000000000000000e+00,-1.322546720504760742e+00,1.421311199665069580e-01,-1.421311199665069580e-01
1.800000000000000044e+00,0.000000000000000000e+00,-1.316546797752380371e+00,1.448813229799270630e-01,-1.448813229799270630e-01
1.800000000000000044e+00,0.000000000000000000e+00,-1.310546994209289551e+00,1.466032713651657104e-01,-1.466032713651657104e-01
1.800000000000000044e+00,0.000000000000000000e+00,-1.304547071456909180e+00,1.439982205629348755e-01,-1.439982205629348755e-01
1.800000000000000044e+00,0.000000000000000000e+00,-1.298547267913818359e+00,1.473263949155807495e-01,-1.473263949155807495e-01
1.800000000000000044e+00,0.000000000000000000e+00,-1.292547464370727539e+00,1.454208046197891235e-01,-1.454208046197891235e-01
1.800000000000000044e+00,0.000000000000000000e+00,-1.286547541618347168e+00,1.427650153636932373e-01,-1.427650153636932373e-01
1.800000000000000044e+00,0.000000000000000000e+00,-1.280547738075256348e+00,1.468286812305450439e-01,-1.468286812305450439e-01
1.800000000000000044e+00,0.000000000000000000e+00,-1.274547934532165527e+00,1.416884511709213257e-01,-1.416884511709213257e-01
1.800000000000000044e+00,0.000000000000000000e+00,-1.268548011779785156e+00,1.447816193103790283e-01,-1.447816193103790283e-01
1.800000000000000044e+00,0.000000000000000000e+00,-1.262548208236694336e+00,1.432525664567947388e-01,-1.432525664567947388e-01
1.800000000000000044e+00,0.000000000000000000e+00,-1.256548404693603516e+00,1.439769417047500610e-01,-1.439769417047500610e-01
1.800000000000000044e+00,0.000000000000000000e+00,-1.250548481941223145e+00,1.425336152315139771e-01,-1.425336152315139771e-01
1.800000000000000044e+00,0.000000000000000000e+00,-1.244548678398132324e+00,1.451281458139419556e-01,-1.451281458139419556e-01
1.800000000000000044e+00,0.000000000000000000e+00,-1.238548874855041504e+00,1.426500976085662842e-01,-1.426500976085662842e-01
1.800000000000000044e+00,0.000000000000000000e+00,-1.232548952102661133e+00,1.474799066781997681e-01,-1.474799066781997681e-01
1.800000000000000044e+00,0.000000000000000000e+00,-1.226549148559570312e+00,1.447661072015762329e-01,-1.447661072015762329e-01
1.800000000000000044e+00,0.000000000000000000e+00,-1.220549345016479492e+00,1.424611955881118774e-01,-1.424611955881118774e-01
1.800000000000000044e+00,0.000000000000000000e+00,-1.214549422264099121e+00,1.438069939613342285e-01,-1.438069939613342285e-01
1.800000000000000044e+00,0.000000000000000000e+00,-1.208549618721008301e+00,1.419015973806381226e-01,-1.419015973806381226e-01
1.800000000000000044e+00,0.000000000000000000e+00,-1.202549695968627930e+00,1.430684030055999756e-01,-1.430684030055999756e-01
1.800000000000000044e+00,0.000000000000000000e+00,-1.196549892425537109e+00,1.435876637697219849e-01,-1.435876637697219849e-01
1.800000000000000044e+00,0.000000000000000000e+00,-1.190550088882446289e+00,1.443261504173278809e-01,-1.443261504173278809e-01
1.800000000000000044e+00,0.000000000000000000e+00,-1.184550166130065918e+00,1.419248729944229126e-01,-1.419248729944229126e-01
1.800000000000000044e+00,0.000000000000000000e+00,-1.178550362586975098e+00,1.434339731931686401e-01,-1.434339731931686401e-01
1.800000000000000044e+00,0.000000000000000000e+00,-1.172550559043884277e+00,1.436390280723571777e-01,-1.436390280723571777e-01
1.800000000000000044e+00,0.000000000000000000e+00,-1.166550636291503906e+00,1.452622562646865845e-01,-1.452622562646865845e-01
1.800000000000000044e+00,0.000000000000000000e+00,-1.160550832748413086e+00,1.413681507110595703e-01,-1.413681507110595703e-01
1.800000000000000044e+00,0.000000000000000000e+00,-1.154551029205322266e+00,1.437998414039611816e-01,-1.437998414039611816e-01
1.800000000000000044e+00,0.000000000000000000e+00,-1.148551106452941895e+00,1.415551602840423584e-01,-1.415551602840423584e-01
1.800000000000000044e+00,0.000000000000000000e+00,-1.142551302909851074e+00,1.423878669738769531e-01,-1.423878669738769531e-01
1.800000000000000044e+00,0.000000000000000000e+00,-1.136551499366760254e+00,1.414564400911331177e-01,-1.414564400911331177e-01
1.800000000000000044e+00,0.000000000000000000e+00,-1.130551576614379883e+00,1.429487168788909912e-01,-1.429487168788909912e-01
1.800000000000000044e+00,0.000000000000000000e+00,-1.124551773071289062e+00,1.414999663829803467e-01,-1.414999663829803467e-01
1.800000000000000044e+00,0.000000000000000000e+00,-1.118551969528198242e+00,1.427624821662902832e-01,-1.427624821662902832e-01
1.800000000000000044e+00,0.000000000000000000e+00,-1.112552046775817871e+00,1.415360122919082642e-01,-1.415360122919082642e-01
1.800000000000000044e+00,0.000000000000000000e+00,-1.106552243232727051e+00,1.418024003505706787e-01,-1.418024003505706787e-01
1.800000000000000044e+00,0.000000000000000000e+00,-1.100552439689636230e+00,1.427329778671264648e-01,-1.427329778671264648e-01
1.800000000000000044e+00,0.000000000000000000e+00,-1.094552516937255859e+00,1.419865787029266357e-01,-1.419865787029266357e-01
1.800000000000000044e+00,0.000000000000000000e+00,-1.088552713394165039e+00,1.415787190198898315e-01,-1.415787190198898315e-01
1.800000000000000044e+00,0.000000000000000000e+00,-1.082552909851074219e+00,1.414301395416259766e-01,-1.414301395416259766e-01
1.800000000000000044e+00,0.000000000000000000e+00,-1.076552987098693848e+00,1.417174786329269409e-01,-1.417174786329269409e-01
1.800000000000000044e+00,0.000000000000000000e+00,-1.070553183555603027e+00,1.417377889156341553e-01,-1.417377889156341553e-01
1.800000000000000044e+00,0.000000000000000000e+00,-1.064553260803222656e+00,1.417986005544662476e-01,-1.417986005544662476e-01
1.800000000000000044e+00,0.000000000000000000e+00,-1.058553457260131836e+00,1.416586488485336304e-01,-1.416586488485336304e-01
1.800000000000000044e+00,0.000000000000000000e+00,-1.052553653717041016e+00,1.418125480413436890e-01,-1.418125480413436890e-01
1.800000000000000044e+00,0.000000000000000000e+00,-1.046553730964660645e+00,1.416082084178924561e-01,-1.416082084178924561e-01
1.800000000000000044e+00,0.000000000000000000e+00,-1.040553927421569824e+00,1.412041485309600830e-01,-1.412041485309600830e-01
1.800000000000000044e+00,0.000000000000000000e+00,-1.034554123878479004e+00,1.420809328556060791e-01,-1.420809328556060791e-01
1.800000000000000044e+00,0.000000000000000000e+00,-1.028554201126098633e+00,1.409664601087570190e-01,-1.409664601087570190e-01
1.800000000000000044e+00,0.000000000000000000e+00,-1.022554397583007812e+00,1.416533440351486206e-01,-1.416533440351486206e-01
1.800000000000000044e+00,0.000000000000000000e+00,-1.016554594039916992e+00,1.414956897497177124e-01,-1.414956897497177124e-01
1.800000000000000044e+00,0.000000000000000000e+00,-1.010554671287536621e+00,1.412363648414611816e-01,-1.412363648414611816e-01
1.800000000000000044e+00,0.000000000000000000e+00,-1.004554867744445801e+00,1.418472379446029663e-01,-1.418472379446029663e-01
1.800000000000000044e+00,0.000000000000000000e+00,-9.985550642013549805e-01,1.410977393388748169e-01,-1.410977393388748169e-01
1.800000000000000044e+00,0.000000000000000000e+00,-9.925551414489746094e-01,1.418927162885665894e-01,-1.418927162885665894e-01
1.800000000000000044e+00,0.000000000000000000e+00,-9.865553379058837891e-01,1.411554813385009766e-01,-1.411554813385009766e-01
1.800000000000000044e+00,0.000000000000000000e+00,-9.805555343627929688e-01,1.411351561546325684e-01,-1.411351561546325684e-01
1.800000000000000044e+00,0.000000000000000000e+00,-9.745556116104125977e-01,1.416191905736923218e-01,-1.416191905736923218e-01
1.800000000000000044e+00,0.000000000000000000e+00,-9.685558080673217773e-01,1.409435272216796875e-01,-1.409435272216796875e-01
1.800000000000000044e+00,0.000000000000000000e+00,-9.625560045242309570e-01,1.406706869602203369e-01,-1.406706869602203369e-01
1.800000000000000044e+00,0.000000000000000000e+00,-9.565560817718505859e-01,1.407812982797622681e-01,-1.407812982797622681e-01
1.800000000000000044e+00,0.000000000000000000e+00,-9.505562782287597656e-01,1.410944610834121704e-01,-1.410944610834121704e-01
1.800000000000000044e+00,0.000000000000000000e+00,-9.445564150810241699e-01,1.408504098653793335e-01,-1.408504098653793335e-01
1.800000000000000044e+00,0.000000000000000000e+00,-9.385565519332885742e-01,1.408178657293319702e-01,-1.408178657293319702e-01
1.800000000000000044e+00,0.000000000000000000e+00,-9.325567483901977539e-01,1.414535492658615112e-01,-1.414535492658615112e-01
1.800000000000000044e+00,0.000000000000000000e+00,-9.265568852424621582e-01,1.415027081966400146e-01,-1.415027081966400146e-01
1.800000000000000044e+00,0.000000000000000000e+00,-9.205570220947265625e-01,1.411614865064620972e-01,-1.411614865064620972e-01
1.800000000000000044e+00,0.000000000000000000e+00,-9.145572185516357422e-01,1.414510458707809448e-01,-1.414510458707809448e-01
1.800000000000000044e+00,0.000000000000000000e+00,-9.085573554039001465e-01,1.414588987827301025e-01,-1.414588987827301025e-01
1.800000000000000044e+00,0.000000000000000000e+00,-9.025574922561645508e-01,1.414514034986495972e-01,-1.414514034986495972e-01
1.800000000000000044e+00,0.000000000000000000e+00,-8.965576887130737305e-01,1.408180445432662964e-01,-1.408180445432662964e-01
1.800000000000000044e+00,0.000000000000000000e+00,-8.905577659606933594e-01,1.410884261131286621e-01,-1.410884261131286621e-01
1.800000000000000044e+00,0.000000000000000000e+00,-8.845579624176025391e-01,1.412386298179626465e-01,-1.412386298179626465e-01
1.800000000000000044e+00,0.000000000000000000e+00,-8.785581588745117188e-01,1.412409543991088867e-01,-1.412409543991088867e-01
1.800000000000000044e+00,0.000000000000000000e+00,-8.725582361221313477e-01,1.414558142423629761e-01,-1.414558142423629761e-01
1.800000000000000044e+00,0.000000000000000000e+00,-8.665584325790405273e-01,1.412369906902313232e-01,-1.412369906902313232e-01
1.800000000000000044e+00,0.000000000000000000e+00,-8.605586290359497070e-01,1.415235996246337891e-01,-1.415235996246337891e-01
1.800000000000000044e+00,0.000000000000000000e+00,-8.545587062835693359e-01,1.413813233375549316e-01,-1.413813233375549316e-01
1.800000000000000044e+00,0.000000000000000000e+00,-8.485589027404785156e-01,1.411187797784805298e-01,-1.411187797784805298e-01
1.800000000000000044e+00,0.000000000000000000e+00,-8.425590991973876953e-01,1.406232714653015137e-01,-1.406232714653015137e-01
1.800000000000000044e+00,0.000000000000000000e+00,-8.365591764450073242e-01,1.414134800434112549e-01,-1.414134800434112549e-01
1.800000000000000044e+00,0.000000000000000000e+00,-8.305593729019165039e-01,1.408765763044357300e-01,-1.408765763044357300e-01
1.800000000000000044e+00,0.000000000000000000e+00,-8.245595693588256836e-01,1.411617547273635864e-01,-1.411617547273635864e-01
1.800000000000000044e+00,0.000000000000000000e+00,-8.185596466064453125e-01,1.412680149078369141e-01,-1.412680149078369141e-01
1.800000000000000044e+00,0.000000000000000000e+00,-8.125598430633544922e-01,1.411897391080856323e-01,-1.411897391080856323e-01
1.800000000000000044e+00,0.000000000000000000e+00,-8.065599799156188965e-01,1.410916447639465332e-01,-1.410916447639465332e-01
1.800000000000000044e+00,0.000000000000000000e+00,-8.005601167678833008e-01,1.411450654268264771e-01,-1.411450654268264771e-01
1.800000000000000044e+00,0.000000000000000000e+00,-7.945603132247924805e-01,1.412699073553085327e-01,-1.412699073553085327e-01
1.800000000000000044e+00,0.000000000000000000e+00,-7.885604500770568848e-01,1.409843862056732178e-01,-1.409843862056732178e-01
1.800000000000000044e+00,0.000000000000000000e+00,-7.825605869293212891e-01,1.408480852842330933e-01,-1.408480852842330933e-01
1.800000000000000044e+00,0.000000000000000000e+00,-7.765607833862304688e-01,1.416640579700469971e-01,-1.416640579700469971e-01
1.800000000000000044e+00,0.000000000000000000e+00,-7.705609202384948730e-01,1.408935338258743286e-01,-1.408935338258743286e-01
1.800000000000000044e+00,0.000000000000000000e+00,-7.645610570907592773e-01,1.411946564912796021e-01,-1.411946564912796021e-01
1.800000000000000044e+00,0.000000000000000000e+00,-7.585612535476684570e-01,1.408026665449142456e-01,-1.408026665449142456e-01
1.800000000000000044e+00,0.000000000000000000e+00,-7.525613307952880859e-01,1.408418416976928711e-01,-1.408418416976928711e-01
1.800000000000000044e+00,0.000000000000000000e+00,-7.465615272521972656e-01,1.412711739540100098e-01,-1.412711739540100098e-01
1.800000000000000044e+00,0.000000000000000000e+00,-7.405617237091064453e-01,1.413056403398513794e-01,-1.413056403398513794e-01
1.800000000000000044e+00,0.000000000000000000e+00,-7.345618009567260742e-01,1.408647596836090088e-01,-1.408647596836090088e-01
1.800000000000000044e+00,0.000000000000000000e+00,-7.285619974136352539e-01,1.418921053409576416e-01,-1.418921053409576416e-01
1.800000000000000044e+00,0.000000000000000000e+00,-7.225621938705444336e-01,1.412026733160018921e-01,-1.412026733160018921e-01
1.800000000000000044e+00,0.000000000000000000e+00,-7.165622711181640625e-01,1.408974528312683105e-01,-1.408974528312683105e-01
1.800000000000000044e+00,0.000000000000000000e+00,-7.105624675750732422e-01,1.411170363426208496e-01,-1.411170363426208496e-01
1.800000000000000044e+00,0.000000000000000000e+00,-7.045626640319824219e-01,1.415171921253204346e-01,-1.415171921253204346e-01
1.800000000000000044e+00,0.000000000000000000e+00,-6.985627412796020508e-01,1.412577480077743530e-01,-1.412577480077743530e-01
1.800000000000000044e+00,0.000000000000000000e+00,-6.925629377365112305e-01,1.409001052379608154e-01,-1.409001052379608154e-01
1.800000000000000044e+00,0.000000000000000000e+00,-6.865631341934204102e-01,1.408515423536300659e-01,-1.408515423536300659e-01
1.800000000000000044e+00,0.000000000000000000e+00,-6.805632114410400391e-01,1.410620212554931641e-01,-1.410620212554931641e-01
1.800000000000000044e+00,0.000000000000000000e+00,-6.745634078979492188e-01,1.409056335687637329e-01,-1.409056335687637329e-01
1.800000000000000044e+00,0.000000000000000000e+00,-6.685635447502136230e-01,1.410949975252151489e-01,-1.410949975252151489e-01
1.800000000000000044e+00,0.000000000000000000e+00,-6.625636816024780273e-01,1.409699916839599609e-01,-1.409699916839599609e-01
1.800000000000000044e+00,0.000000000000000000e+00,-6.565638780593872070e-01,1.413429826498031616e-01,-1.413429826498031616e-01
1.800000000000000044e+00,0.000000000000000000e+00,-6.505640149116516113e-01,1.408578753471374512e-01,-1.408578753471374512e-01
1.800000000000000044e+00,0.000000000000000000e+00,-6.445641517639160156e-01,1.413616538047790527e-01,-1.413616538047790527e-01
1.800000000000000044e+00,0.000000000000000000e+00,-6.385643482208251953e-01,1.409214586019515991e-01,-1.409214586019515991e-01
1.800000000000000044e+00,0.000000000000000000e+00,-6.325644850730895996e-01,1.407745629549026489e-01,-1.407745629549026489e-01
1.800000000000000044e+00,0.000000000000000000e+00,-6.265646219253540039e-01,1.409824639558792114e-01,-1.409824639558792114e-01
1.800000000000000044e+00,0.000000000000000000e+00,-6.205648183822631836e-01,1.413934230804443359e-01,-1.413934230804443359e-01
1.800000000000000044e+00,0.000000000000000000e+00,-6.145648956298828125e-01,1.409267634153366089e-01,-1.409267634153366089e-01
1.800000000000000044e+00,0.000000000000000000e+00,-6.085650920867919922e-01,1.413725912570953369e-01,-1.413725912570953369e-01
1.800000000000000044e+00,0.000000000000000000e+00,-6.025652885437011719e-01,1.409788280725479126e-01,-1.409788280725479126e-01
1.800000000000000044e+00,0.000000000000000000e+00,-5.965653657913208008e-01,1.408805996179580688e-01,-1.408805996179580688e-01
1.800000000000000044e+00,0.000000000000000000e+00,-5.905655622482299805e-01,1.409421414136886597e-01,-1.409421414136886597e-01
1.800000000000000044e+00,0.000000000000000000e+00,-5.845657587051391602e-01,1.408320516347885132e-01,-1.408320516347885132e-01
1.800000000000000044e+00,0.000000000000000000e+00,-5.785658359527587891e-01,1.407299041748046875e-01,-1.407299041748046875e-01
1.800000000000000044e+00,0.000000000000000000e+00,-5.725660324096679688e-01,1.404534876346588135e-01,-1.404534876346588135e-01
1.800000000000000044e+00,0.000000000000000000e+00,-5.665662288665771484e-01,1.408367753028869629e-01,-1.408367753028869629e-01
1.800000000000000044e+00,0.000000000000000000e+00,-5.605663061141967773e-01,1.406347900629043579e-01,-1.406347900629043579e-01
1.800000000000000044e+00,0.000000000000000000e+00,-5.545665025711059570e-01,1.409166455268859863e-01,-1.409166455268859863e-01
1.800000000000000044e+00,0.000000000000000000e+00,-5.485666990280151367e-01,1.405466496944427490e-01,-1.405466496944427490e-01
1.800000000000000044e+00,0.000000000000000000e+00,-5.425667762756347656e-01,1.410749107599258423e-01,-1.410749107599258423e-01
1.800000000000000044e+00,0.000000000000000000e+00,-5.365669727325439453e-01,1.409617066383361816e-01,-1.409617066383361816e-01
1.800000000000000044e+00,0.000000000000000000e+00,-5.305671095848083496e-01,1.407627165317535400e-01,-1.407627165317535400e-01
1.800000000000000044e+00,0.000000000000000000e+00,-5.245672464370727539e-01,1.408995687961578369e-01,-1.408995687961578369e-01
1.800000000000000044e+00,0.000000000000000000e+00,-5.185674428939819336e-01,1.404536664485931396e-01,-1.404536664485931396e-01
1.800000000000000044e+00,0.000000000000000000e+00,-5.125675797462463379e-01,1.406306475400924683e-01,-1.406306475400924683e-01
1.800000000000000044e+00,0.000000000000000000e+00,-5.065677165985107422e-01,1.396852880716323853e-01,-1.396852880716323853e-01
1.800000000000000044e+00,0.000000000000000000e+00,-5.005679130554199219e-01,1.397924274206161499e-01,-1.397924274206161499e-01
1.800000000000000044e+00,0.000000000000000000e+00,-4.945680499076843262e-01,1.400045603513717651e-01,-1.400045603513717651e-01
1.800000000000000044e+00,0.000000000000000000e+00,-4.885682165622711182e-01,1.400622427463531494e-01,-1.400622427463531494e-01
1.800000000000000044e+00,0.000000000000000000e+00,-4.825683832168579102e-01,1.391076147556304932e-01,-1.391076147556304932e-01
1.800000000000000044e+00,0.000000000000000000e+00,-4.765685200691223145e-01,1.398987323045730591e-01,-1.398987323045730591e-01
1.800000000000000044e+00,0.000000000000000000e+00,-4.705686569213867188e-01,1.393729299306869507e-01,-1.393729299306869507e-01
1.800000000000000044e+00,0.000000000000000000e+00,-4.645688533782958984e-01,1.397425681352615356e-01,-1.397425681352615356e-01
1.800000000000000044e+00,0.000000000000000000e+00,-4.585689902305603027e-01,1.393267363309860229e-01,-1.393267363309860229e-01
1.800000000000000044e+00,0.000000000000000000e+00,-4.525691270828247070e-01,1.404661536216735840e-01,-1.404661536216735840e-01
1.800000000000000044e+00,0.000000000000000000e+00,-4.465693235397338867e-01,1.381354331970214844e-01,-1.381354331970214844e-01
1.800000000000000044e+00,0.000000000000000000e+00,-4.405694603919982910e-01,1.408421099185943604e-01,-1.408421099185943604e-01
1.800000000000000044e+00,0.000000000000000000e+00,-4.345695972442626953e-01,1.411273628473281860e-01,-1.411273628473281860e-01
1.800000000000000044e+00,0.000000000000000000e+00,-4.285697340965270996e-01,1.399488151073455811e-01,-1.399488151073455811e-01
1.800000000000000044e+00,0.000000000000000000e+00,-4.225698709487915039e-01,1.400806009769439697e-01,-1.400806009769439697e-01
1.800000000000000044e+00,0.000000000000000000e+00,-4.165700674057006836e-01,1.385403275489807129e-01,-1.385403275489807129e-01
1.800000000000000044e+00,0.000000000000000000e+00,-4.105702042579650879e-01,1.407478898763656616e-01,-1.407478898763656616e-01
1.800000000000000044e+00,0.000000000000000000e+00,-4.045703411102294922e-01,1.373696923255920410e-01,-1.373696923255920410e-01
1.800000000000000044e+00,0.000000000000000000e+00,-3.985705375671386719e-01,1.384017616510391235e-01,-1.384017616510391235e-01
1.800000000000000044e+00,0.000000000000000000e+00,-3.925706744194030762e-01,1.393834799528121948e-01,-1.393834799528121948e-01
1.800000000000000044e+00,0.000000000000000000e+00,-3.865708112716674805e-01,1.394126117229461670e-01,-1.394126117229461670e-01
1.800000000000000044e+00,0.000000000000000000e+00,-3.805710077285766602e-01,1.378255039453506470e-01,-1.378255039453506470e-01
1.800000000000000044e+00,0.000000000000000000e+00,-3.745711445808410645e-01,1.400948762893676758e-01,-1.400948762893676758e-01
1.800000000000000044e+00,0.000000000000000000e+00,-3.685712814331054688e-01,1.392254680395126343e-01,-1.392254680395126343e-01
1.800000000000000044e+00,0.000000000000000000e+00,-3.625714778900146484e-01,1.397754251956939697e-01,-1.397754251956939697e-01
1.800000000000000044e+00,0.000000000000000000e+00,-3.565716147422790527e-01,1.392102688550949097e-01,-1.392102688550949097e-01
1.800000000000000044e+00,0.000000000000000000e+00,-3.505717515945434570e-01,1.407488882541656494e-01,-1.407488882541656494e-01
1.800000000000000044e+00,0.000000000000000000e+00,-3.445719480514526367e-01,1.394455432891845703e-01,-1.394455432891845703e-01
1.800000000000000044e+00,0.000000000000000000e+00,-3.385720849037170410e-01,1.401375383138656616e-01,-1.401375383138656616e-01
1.800000000000000044e+00,0.000000000000000000e+00,-3.325722217559814453e-01,1.398892253637313843e-01,-1.398892253637313843e-01
1.800000000000000044e+00,0.000000000000000000e+00,-3.265724182128906250e-01,1.397898942232131958e-01,-1.397898942232131958e-01
1.800000000000000044e+00,0.000000000000000000e+00,-3.205725550651550293e-01,1.387804448604583740e-01,-1.387804448604583740e-01
1.800000000000000044e+00,0.000000000000000000e+00,-3.145726919174194336e-01,1.379804611206054688e-01,-1.379804611206054688e-01
1.800000000000000044e+00,0.000000000000000000e+00,-3.085728883743286133e-01,1.371804326772689819e-01,-1.371804326772689819e-01
1.800000000000000044e+00,0.000000000000000000e+00,-3.025730252265930176e-01,1.374439448118209839e-01,-1.374439448118209839e-01
1.800000000000000044e+00,0.000000000000000000e+00,-2.965731620788574219e-01,1.383975446224212646e-01,-1.383975446224212646e-01
1.800000000000000044e+00,0.000000000000000000e+00,-2.905732989311218262e-01,1.383271813392639160e-01,-1.383271813392639160e-01
1.800000000000000044e+00,0.000000000000000000e+00,-2.845734357833862305e-01,1.373307853937149048e-01,-1.373307853937149048e-01
1.800000000000000044e+00,0.000000000000000000e+00,-2.785736322402954102e-01,1.390058100223541260e-01,-1.390058100223541260e-01
1.800000000000000044e+00,0.000000000000000000e+00,-2.725737690925598145e-01,1.369806528091430664e-01,-1.369806528091430664e-01
1.800000000000000044e+00,0.000000000000000000e+00,-2.665739059448242188e-01,1.383211016654968262e-01,-1.383211016654968262e-01
1.800000000000000044e+00,0.000000000000000000e+00,-2.605741024017333984e-01,1.378376632928848267e-01,-1.378376632928848267e-01
1.800000000000000044e+00,0.000000000000000000e+00,-2.545742392539978027e-01,1.366979628801345825e-01,-1.366979628801345825e-01
1.800000000000000044e+00,0.000000000000000000e+00,-2.485743761062622070e-01,1.373109072446823120e-01,-1.373109072446823120e-01
1.800000000000000044e+00,0.000000000000000000e+00,-2.425745725631713867e-01,1.377343237400054932e-01,-1.377343237400054932e-01
1.800000000000000044e+00,0.000000000000000000e+00,-2.365747094154357910e-01,1.389563977718353271e-01,-1.389563977718353271e-01
1.800000000000000044e+00,0.000000000000000000e+00,-2.305748462677001953e-01,1.369564682245254517e-01,-1.369564682245254517e-01
1.800000000000000044e+00,0.000000000000000000e+00,-2.245750427246093750e-01,1.363348066806793213e-01,-1.363348066806793213e-01
1.800000000000000044e+00,0.000000000000000000e+00,-2.185751795768737793e-01,1.372620165348052979e-01,-1.372620165348052979e-01
1.800000000000000044e+00,0.000000000000000000e+00,-2.125753164291381836e-01,1.367312073707580566e-01,-1.367312073707580566e-01
1.800000000000000044e+00,0.000000000000000000e+00,-2.065755128860473633e-01,1.372506618499755859e-01,-1.372506618499755859e-01
1.800000000000000044e+00,0.000000000000000000e+00,-2.005756497383117676e-01,1.380723863840103149e-01,-1.380723863840103149e-01
1.800000000000000044e+00,0.000000000000000000e+00,-1.945757865905761719e-01,1.361250728368759155e-01,-1.361250728368759155e-01
1.800000000000000044e+00,0.000000000000000000e+00,-1.885759830474853516e-01,1.370224654674530029e-01,-1.370224654674530029e-01
1.800000000000000044e+00,0.000000000000000000e+00,-1.825761198997497559e-01,1.367833316326141357e-01,-1.367833316326141357e-01
1.800000000000000044e+00,0.000000000000000000e+00,-1.765762567520141602e-01,1.377604305744171143e-01,-1.377604305744171143e-01
1.800000000000000044e+00,0.000000000000000000e+00,-1.705764532089233398e-01,1.365947574377059937e-01,-1.365947574377059937e-01
1.800000000000000044e+00,0.000000000000000000e+00,-1.645765900611877441e-01,1.376952379941940308e-01,-1.376952379941940308e-01
1.800000000000000044e+00,0.000000000000000000e+00,-1.585767269134521484e-01,1.374582648277282715e-01,-1.374582648277282715e-01
1.800000000000000044e+00,0.000000000000000000e+00,-1.525768637657165527e-01,1.374037563800811768e-01,-1.374037563800811768e-01
1.800000000000000044e+00,0.000000000000000000e+00,-1.465770006179809570e-01,1.362965255975723267e-01,-1.362965255975723267e-01
1.800000000000000044e+00,0.000000000000000000e+00,-1.405771970748901367e-01,1.366327702999114990e-01,-1.366327702999114990e-01
1.800000000000000044e+00,0.000000000000000000e+00,-1.345773339271545410e-01,1.368074119091033936e-01,-1.368074119091033936e-01
1.800000000000000044e+00,0.000000000000000000e+00,-1.285774707794189453e-01,1.372861713171005249e-01,-1.372861713171005249e-01
1.800000000000000044e+00,0.000000000000000000e+00,-1.225776672363281250e-01,1.370401233434677124e-01,-1.370401233434677124e-01
1.800000000000000044e+00,0.000000000000000000e+00,-1.165778040885925293e-01,1.371469646692276001e-01,-1.371469646692276001e-01
1.800000000000000044e+00,0.000000000000000000e+00,-1.105779409408569336e-01,1.371517926454544067e-01,-1.371517926454544067e-01
1.800000000000000044e+00,0.000000000000000000e+00,-1.045781373977661133e-01,1.367911249399185181e-01,-1.367911249399185181e-01
1.800000000000000044e+00,0.000000000000000000e+00,-9.857827425003051758e-02,1.367637366056442261e-01,-1.367637366056442261e-01
1.800000000000000044e+00,0.000000000000000000e+00,-9.257841110229492188e-02,1.369169354438781738e-01,-1.369169354438781738e-01
1.800000000000000044e+00,0.000000000000000000e+00,-8.657860755920410156e-02,1.369484215974807739e-01,-1.369484215974807739e-01
1.800000000000000044e+00,0.000000000000000000e+00,-8.057874441146850586e-02,1.368882209062576294e-01,-1.368882209062576294e-01
1.800000000000000044e+00,0.000000000000000000e+00,-7.457888126373291016e-02,1.361701935529708862e-01,-1.361701935529708862e-01
1.800000000000000044e+00,0.000000000000000000e+00,-6.857907772064208984e-02,1.362805068492889404e-01,-1.362805068492889404e-01
1.800000000000000044e+00,0.000000000000000000e+00,-6.257921457290649414e-02,1.355848610401153564e-01,-1.355848610401153564e-01
1.800000000000000044e+00,0.000000000000000000e+00,-5.657935142517089844e-02,1.369900405406951904e-01,-1.369900405406951904e-01
1.800000000000000044e+00,0.000000000000000000e+00,-5.057954788208007812e-02,1.362460553646087646e-01,-1.362460553646087646e-01
1.800000000000000044e+00,0.000000000000000000e+00,-4.457968473434448242e-02,1.361445784568786621e-01,-1.361445784568786621e-01
1.800000000000000044e+00,0.000000000000000000e+00,-3.857982158660888672e-02,1.336827427148818970e-01,-1.336827427148818970e-01
1.800000000000000044e+00,0.000000000000000000e+00,-3.258001804351806641e-02,1.304028630256652832e-01,-1.304028630256652832e-01
1.800000000000000044e+00,0.000000000000000000e+00,-2.658015489578247070e-02,1.263581663370132446e-01,-1.263581663370132446e-01
1.800000000000000044e+00,0.000000000000000000e+00,-2.058029174804687500e-02,1.162387058138847351e-01,-1.162387058138847351e-01
1.800000000000000044e+00,0.000000000000000000e+00,-1.458042860031127930e-02,1.136859357357025146e-01,-1.136859357357025146e-01
1.800000000000000044e+00,0.000000000000000000e+00,-8.580565452575683594e-03,1.008584275841712952e-01,-1.008584275841712952e-01
1.800000000000000044e+00,0.000000000000000000e+00,-2.580761909484863281e-03,9.104637801647186279e-02,-9.104637801647186279e-02
1.800000000000000044e+00,0.000000000000000000e+00,3.419101238250732422e-03,7.519370317459106445e-02,-7.519370317459106445e-02
1.800000000000000044e+00,0.000000000000000000e+00,9.418942034244537354e-03,5.671644210815429688e-02,-5.671644210815429688e-02
2.200000000000000178e+00,4.000000000000001332e-01,-1.482565879821777344e+00,1.087896078824996948e-01,-1.087896078824996948e-01
2.200000000000000178e+00,4.000000000000001332e-01,-1.476106882095336914e+00,1.244572028517723083e-01,-1.244572028517723083e-01
2.200000000000000178e+00,4.000000000000001332e-01,-1.469647884368896484e+00,1.312239766120910645e-01,-1.312239766120910645e-01
2.200000000000000178e+00,4.000000000000001332e-01,-1.463188767433166504e+00,1.354491114616394043e-01,-1.354491114616394043e-01
2.200000000000000178e+00,4.000000000000001332e-01,-1.456729650497436523e+00,1.353515535593032837e-01,-1.353515535593032837e-01
2.200000000000000178e+00,4.000000000000001332e-01,-1.450270652770996094e+00,1.373359560966491699e-01,-1.373359560966491699e-01
2.200000000000000178e+00,4.000000000000001332e-01,-1.443811535835266113e+00,1.366207748651504517e-01,-1.366207748651504517e-01
2.200000000000000178e+00,4.000000000000001332e-01,-1.437352418899536133e+00,1.382187306880950928e-01,-1.382187306880950928e-01
2.200000000000000178e+00,4.000000000000001332e-01,-1.430893421173095703e+00,1.374794393777847290e-01,-1.374794393777847290e-01
2.200000000000000178e+00,4.000000000000001332e-01,-1.424434423446655273e+00,1.412434130907058716e-01,-1.412434130907058716e-01
2.200000000000000178e+00,4.000000000000001332e-01,-1.417975187301635742e+00,1.407967358827590942e-01,-1.407967358827590942e-01
2.200000000000000178e+00,4.000000000000001332e-01,-1.411516189575195312e+00,1.447039693593978882e-01,-1.447039693593978882e-01
2.200000000000000178e+00,4.000000000000001332e-01,-1.405057191848754883e+00,1.430462002754211426e-01,-1.430462002754211426e-01
2.200000000000000178e+00,4.000000000000001332e-01,-1.398598074913024902e+00,1.453827619552612305e-01,-1.453827619552612305e-01
2.200000000000000178e+00,4.000000000000001332e-01,-1.392138957977294922e+00,1.424656659364700317e-01,-1.424656659364700317e-01
2.200000000000000178e+00,4.000000000000001332e-01,-1.385679960250854492e+00,1.459972262382507324e-01,-1.459972262382507324e-01
2.200000000000000178e+00,4.000000000000001332e-01,-1.379220843315124512e+00,1.418867260217666626e-01,-1.418867260217666626e-01
2.200000000000000178e+00,4.000000000000001332e-01,-1.372761726379394531e+00,1.459519565105438232e-01,-1.459519565105438232e-01
2.200000000000000178e+00,4.000000000000001332e-01,-1.366302728652954102e+00,1.423818618059158325e-01,-1.423818618059158325e-01
2.200000000000000178e+00,4.000000000000001332e-01,-1.359843611717224121e+00,1.453229635953903198e-01,-1.453229635953903198e-01
2.200000000000000178e+00,4.000000000000001332e-01,-1.353384494781494141e+00,1.436754167079925537e-01,-1.436754167079925537e-01
2.200000000000000178e+00,4.000000000000001332e-01,-1.346925497055053711e+00,1.463747918605804443e-01,-1.463747918605804443e-01
2.200000000000000178e+00,4.000000000000001332e-01,-1.340466499328613281e+00,1.460047513246536255e-01,-1.460047513246536255e-01
2.200000000000000178e+00,4.000000000000001332e-01,-1.334007382392883301e+00,1.419126093387603760e-01,-1.419126093387603760e-01
2.200000000000000178e+00,4.000000000000001332e-01,-1.327548265457153320e+00,1.448248028755187988e-01,-1.448248028755187988e-01
2.200000000000000178e+00,4.000000000000001332e-01,-1.321089267730712891e+00,1.441457122564315796e-01,-1.441457122564315796e-01
2.200000000000000178e+00,4.000000000000001332e-01,-1.314630150794982910e+00,1.435080319643020630e-01,-1.435080319643020630e-01
2.200000000000000178e+00,4.000000000000001332e-01,-1.308171033859252930e+00,1.473474204540252686e-01,-1.473474204540252686e-01
2.200000000000000178e+00,4.000000000000001332e-01,-1.301712036132812500e+00,1.434704959392547607e-01,-1.434704959392547607e-01
2.200000000000000178e+00,4.000000000000001332e-01,-1.295252919197082520e+00,1.476250737905502319e-01,-1.476250737905502319e-01
2.200000000000000178e+00,4.000000000000001332e-01,-1.288793802261352539e+00,1.419354677200317383e-01,-1.419354677200317383e-01
2.200000000000000178e+00,4.000000000000001332e-01,-1.282334804534912109e+00,1.473367065191268921e-01,-1.473367065191268921e-01
2.200000000000000178e+00,4.000000000000001332e-01,-1.275875806808471680e+00,1.431091129779815674e-01,-1.431091129779815674e-01
2.200000000000000178e+00,4.000000000000001332e-01,-1.269416570663452148e+00,1.441125720739364624e-01,-1.441125720739364624e-01
2.200000000000000178e+00,4.000000000000001332e-01,-1.262957572937011719e+00,1.429350972175598145e-01,-1.429350972175598145e-01
2.200000000000000178e+00,4.000000000000001332e-01,-1.256498575210571289e+00,1.435208320617675781e-01,-1.435208320617675781e-01
2.200000000000000178e+00,4.000000000000001332e-01,-1.250039458274841309e+00,1.423657238483428955e-01,-1.423657238483428955e-01
2.200000000000000178e+00,4.000000000000001332e-01,-1.243580341339111328e+00,1.463382095098495483e-01,-1.463382095098495483e-01
2.200000000000000178e+00,4.000000000000001332e-01,-1.237121343612670898e+00,1.435120403766632080e-01,-1.435120403766632080e-01
2.200000000000000178e+00,4.000000000000001332e-01,-1.230662226676940918e+00,1.479814499616622925e-01,-1.479814499616622925e-01
2.200000000000000178e+00,4.000000000000001332e-01,-1.224203109741210938e+00,1.444288641214370728e-01,-1.444288641214370728e-01
2.200000000000000178e+00,4.000000000000001332e-01,-1.217744112014770508e+00,1.422411799430847168e-01,-1.422411799430847168e-01
2.200000000000000178e+00,4.000000000000001332e-01,-1.211284995079040527e+00,1.449911892414093018e-01,-1.449911892414093018e-01
2.200000000000000178e+00,4.000000000000001332e-01,-1.204825878143310547e+00,1.431772559881210327e-01,-1.431772559881210327e-01
2.200000000000000178e+00,4.000000000000001332e-01,-1.198366880416870117e+00,1.443367749452590942e-01,-1.443367749452590942e-01
2.200000000000000178e+00,4.000000000000001332e-01,-1.191907882690429688e+00,1.441031545400619507e-01,-1.441031545400619507e-01
2.200000000000000178e+00,4.000000000000001332e-01,-1.185448765754699707e+00,1.416519135236740112e-01,-1.416519135236740112e-01
2.200000000000000178e+00,4.000000000000001332e-01,-1.178989648818969727e+00,1.429596990346908569e-01,-1.429596990346908569e-01
2.200000000000000178e+00,4.000000000000001332e-01,-1.172530651092529297e+00,1.450421512126922607e-01,-1.450421512126922607e-01
2.200000000000000178e+00,4.000000000000001332e-01,-1.166071534156799316e+00,1.417360007762908936e-01,-1.417360007762908936e-01
2.200000000000000178e+00,4.000000000000001332e-01,-1.159612417221069336e+00,1.412207633256912231e-01,-1.412207633256912231e-01
2.200000000000000178e+00,4.000000000000001332e-01,-1.153153419494628906e+00,1.430909633636474609e-01,-1.430909633636474609e-01
2.200000000000000178e+00,4.000000000000001332e-01,-1.146694302558898926e+00,1.412777602672576904e-01,-1.412777602672576904e-01
2.200000000000000178e+00,4.000000000000001332e-01,-1.140235185623168945e+00,1.419947296380996704e-01,-1.419947296380996704e-01
2.200000000000000178e+00,4.000000000000001332e-01,-1.133776187896728516e+00,1.428248733282089233e-01,-1.428248733282089233e-01
2.200000000000000178e+00,4.000000000000001332e-01,-1.127317190170288086e+00,1.417293548583984375e-01,-1.417293548583984375e-01
2.200000000000000178e+00,4.000000000000001332e-01,-1.120858073234558105e+00,1.427727639675140381e-01,-1.427727639675140381e-01
2.200000000000000178e+00,4.000000000000001332e-01,-1.114398956298828125e+00,1.414482593536376953e-01,-1.414482593536376953e-01
2.200000000000000178e+00,4.000000000000001332e-01,-1.107939958572387695e+00,1.414134800434112549e-01,-1.414134800434112549e-01
2.200000000000000178e+00,4.000000000000001332e-01,-1.101480841636657715e+00,1.429397910833358765e-01,-1.429397910833358765e-01
2.200000000000000178e+00,4.000000000000001332e-01,-1.095021724700927734e+00,1.417082101106643677e-01,-1.417082101106643677e-01
2.200000000000000178e+00,4.000000000000001332e-01,-1.088562726974487305e+00,1.415101140737533569e-01,-1.415101140737533569e-01
2.200000000000000178e+00,4.000000000000001332e-01,-1.082103610038757324e+00,1.412898600101470947e-01,-1.412898600101470947e-01
2.200000000000000178e+00,4.000000000000001332e-01,-1.075644493103027344e+00,1.413353830575942993e-01,-1.413353830575942993e-01
2.200000000000000178e+00,4.000000000000001332e-01,-1.069185495376586914e+00,1.414819359779357910e-01,-1.414819359779357910e-01
2.200000000000000178e+00,4.000000000000001332e-01,-1.062726497650146484e+00,1.415729075670242310e-01,-1.415729075670242310e-01
2.200000000000000178e+00,4.000000000000001332e-01,-1.056267380714416504e+00,1.415085047483444214e-01,-1.415085047483444214e-01
2.200000000000000178e+00,4.000000000000001332e-01,-1.049808263778686523e+00,1.418749243021011353e-01,-1.418749243021011353e-01
2.200000000000000178e+00,4.000000000000001332e-01,-1.043349266052246094e+00,1.415361315011978149e-01,-1.415361315011978149e-01
2.200000000000000178e+00,4.000000000000001332e-01,-1.036890149116516113e+00,1.416861712932586670e-01,-1.416861712932586670e-01
2.200000000000000178e+00,4.000000000000001332e-01,-1.030431032180786133e+00,1.417718231678009033e-01,-1.417718231678009033e-01
2.200000000000000178e+00,4.000000000000001332e-01,-1.023972034454345703e+00,1.409622430801391602e-01,-1.409622430801391602e-01
2.200000000000000178e+00,4.000000000000001332e-01,-1.017512917518615723e+00,1.408849954605102539e-01,-1.408849954605102539e-01
2.200000000000000178e+00,4.000000000000001332e-01,-1.011053800582885742e+00,1.415628790855407715e-01,-1.415628790855407715e-01
2.200000000000000178e+00,4.000000000000001332e-01,-1.004594802856445312e+00,1.419986039400100708e-01,-1.419986039400100708e-01
2.200000000000000178e+00,4.000000000000001332e-01,-9.981356859207153320e-01,1.410996615886688232e-01,-1.410996615886688232e-01
2.200000000000000178e+00,4.000000000000001332e-01,-9.916766881942749023e-01,1.407134979963302612e-01,-1.407134979963302612e-01
2.200000000000000178e+00,4.000000000000001332e-01,-9.852175712585449219e-01,1.412266641855239868e-01,-1.412266641855239868e-01
2.200000000000000178e+00,4.000000000000001332e-01,-9.787585139274597168e-01,1.412156373262405396e-01,-1.412156373262405396e-01
2.200000000000000178e+00,4.000000000000001332e-01,-9.722994565963745117e-01,1.415364295244216919e-01,-1.415364295244216919e-01
2.200000000000000178e+00,4.000000000000001332e-01,-9.658403396606445312e-01,1.407357901334762573e-01,-1.407357901334762573e-01
2.200000000000000178e+00,4.000000000000001332e-01,-9.593813419342041016e-01,1.411106884479522705e-01,-1.411106884479522705e-01
2.200000000000000178e+00,4.000000000000001332e-01,-9.529222249984741211e-01,1.408352851867675781e-01,-1.408352851867675781e-01
2.200000000000000178e+00,4.000000000000001332e-01,-9.464631080627441406e-01,1.413011103868484497e-01,-1.413011103868484497e-01
2.200000000000000178e+00,4.000000000000001332e-01,-9.400041103363037109e-01,1.409464329481124878e-01,-1.409464329481124878e-01
2.200000000000000178e+00,4.000000000000001332e-01,-9.335449934005737305e-01,1.413401365280151367e-01,-1.413401365280151367e-01
2.200000000000000178e+00,4.000000000000001332e-01,-9.270859956741333008e-01,1.406784951686859131e-01,-1.406784951686859131e-01
2.200000000000000178e+00,4.000000000000001332e-01,-9.206268787384033203e-01,1.413206905126571655e-01,-1.413206905126571655e-01
2.200000000000000178e+00,4.000000000000001332e-01,-9.141677618026733398e-01,1.417530179023742676e-01,-1.417530179023742676e-01
2.200000000000000178e+00,4.000000000000001332e-01,-9.077087640762329102e-01,1.408173292875289917e-01,-1.408173292875289917e-01
2.200000000000000178e+00,4.000000000000001332e-01,-9.012496471405029297e-01,1.415279954671859741e-01,-1.415279954671859741e-01
2.200000000000000178e+00,4.000000000000001332e-01,-8.947906494140625000e-01,1.409560441970825195e-01,-1.409560441970825195e-01
2.200000000000000178e+00,4.000000000000001332e-01,-8.883315324783325195e-01,1.412771493196487427e-01,-1.412771493196487427e-01
2.200000000000000178e+00,4.000000000000001332e-01,-8.818724155426025391e-01,1.411634385585784912e-01,-1.411634385585784912e-01
2.200000000000000178e+00,4.000000000000001332e-01,-8.754134178161621094e-01,1.407712697982788086e-01,-1.407712697982788086e-01
2.200000000000000178e+00,4.000000000000001332e-01,-8.689543008804321289e-01,1.411832720041275024e-01,-1.411832720041275024e-01
2.200000000000000178e+00,4.000000000000001332e-01,-8.624953031539916992e-01,1.406725198030471802e-01,-1.406725198030471802e-01
2.200000000000000178e+00,4.000000000000001332e-01,-8.560361862182617188e-01,1.413792669773101807e-01,-1.413792669773101807e-01
2.200000000000000178e+00,4.000000000000001332e-01,-8.495770692825317383e-01,1.412068605422973633e-01,-1.412068605422973633e-01
2.200000000000000178e+00,4.000000000000001332e-01,-8.431180715560913086e-01,1.412924081087112427e-01,-1.412924081087112427e-01
2.200000000000000178e+00,4.000000000000001332e-01,-8.366589546203613281e-01,1.409019231796264648e-01,-1.409019231796264648e-01
2.200000000000000178e+00,4.000000000000001332e-01,-8.301998972892761230e-01,1.412937194108963013e-01,-1.412937194108963013e-01
2.200000000000000178e+00,4.000000000000001332e-01,-8.237408399581909180e-01,1.410837769508361816e-01,-1.410837769508361816e-01
2.200000000000000178e+00,4.000000000000001332e-01,-8.172817230224609375e-01,1.416419446468353271e-01,-1.416419446468353271e-01
2.200000000000000178e+00,4.000000000000001332e-01,-8.108227252960205078e-01,1.406232565641403198e-01,-1.406232565641403198e-01
2.200000000000000178e+00,4.000000000000001332e-01,-8.043636083602905273e-01,1.410677433013916016e-01,-1.410677433013916016e-01
2.200000000000000178e+00,4.000000000000001332e-01,-7.979045510292053223e-01,1.414458751678466797e-01,-1.414458751678466797e-01
2.200000000000000178e+00,4.000000000000001332e-01,-7.914454936981201172e-01,1.408352255821228027e-01,-1.408352255821228027e-01
2.200000000000000178e+00,4.000000000000001332e-01,-7.849863767623901367e-01,1.414129137992858887e-01,-1.414129137992858887e-01
2.200000000000000178e+00,4.000000000000001332e-01,-7.785273790359497070e-01,1.409182548522949219e-01,-1.409182548522949219e-01
2.200000000000000178e+00,4.000000000000001332e-01,-7.720682621002197266e-01,1.414652168750762939e-01,-1.414652168750762939e-01
2.200000000000000178e+00,4.000000000000001332e-01,-7.656092047691345215e-01,1.415390670299530029e-01,-1.415390670299530029e-01
2.200000000000000178e+00,4.000000000000001332e-01,-7.591501474380493164e-01,1.408976018428802490e-01,-1.408976018428802490e-01
2.200000000000000178e+00,4.000000000000001332e-01,-7.526910305023193359e-01,1.409893482923507690e-01,-1.409893482923507690e-01
2.200000000000000178e+00,4.000000000000001332e-01,-7.462320327758789062e-01,1.411717236042022705e-01,-1.411717236042022705e-01
2.200000000000000178e+00,4.000000000000001332e-01,-7.397729158401489258e-01,1.411151587963104248e-01,-1.411151587963104248e-01
2.200000000000000178e+00,4.000000000000001332e-01,-7.333138585090637207e-01,1.409294009208679199e-01,-1.409294009208679199e-01
2.200000000000000178e+00,4.000000000000001332e-01,-7.268548011779785156e-01,1.410568058490753174e-01,-1.410568058490753174e-01
2.200000000000000178e+00,4.000000000000001332e-01,-7.203956842422485352e-01,1.415171772241592407e-01,-1.415171772241592407e-01
2.200000000000000178e+00,4.000000000000001332e-01,-7.139366865158081055e-01,1.412656754255294800e-01,-1.412656754255294800e-01
2.200000000000000178e+00,4.000000000000001332e-01,-7.074775695800781250e-01,1.405425518751144409e-01,-1.405425518751144409e-01
2.200000000000000178e+00,4.000000000000001332e-01,-7.010184526443481445e-01,1.407717317342758179e-01,-1.407717317342758179e-01
2.200000000000000178e+00,4.000000000000001332e-01,-6.945594549179077148e-01,1.408645212650299072e-01,-1.408645212650299072e-01
2.200000000000000178e+00,4.000000000000001332e-01,-6.881003379821777344e-01,1.411742717027664185e-01,-1.411742717027664185e-01
2.200000000000000178e+00,4.000000000000001332e-01,-6.816413402557373047e-01,1.407026499509811401e-01,-1.407026499509811401e-01
2.200000000000000178e+00,4.000000000000001332e-01,-6.751822233200073242e-01,1.409199535846710205e-01,-1.409199535846710205e-01
2.200000000000000178e+00,4.000000000000001332e-01,-6.687231063842773438e-01,1.410228312015533447e-01,-1.410228312015533447e-01
2.200000000000000178e+00,4.000000000000001332e-01,-6.622641086578369141e-01,1.410357803106307983e-01,-1.410357803106307983e-01
2.200000000000000178e+00,4.000000000000001332e-01,-6.558049917221069336e-01,1.411152333021163940e-01,-1.411152333021163940e-01
2.200000000000000178e+00,4.000000000000001332e-01,-6.493459939956665039e-01,1.412422508001327515e-01,-1.412422508001327515e-01
2.200000000000000178e+00,4.000000000000001332e-01,-6.428868770599365234e-01,1.411875784397125244e-01,-1.411875784397125244e-01
2.200000000000000178e+00,4.000000000000001332e-01,-6.364277601242065430e-01,1.408378630876541138e-01,-1.408378630876541138e-01
2.200000000000000178e+00,4.000000000000001332e-01,-6.299687623977661133e-01,1.411317288875579834e-01,-1.411317288875579834e-01
2.200000000000000178e+00,4.000000000000001332e-01,-6.235096454620361328e-01,1.411807984113693237e-01,-1.411807984113693237e-01
2.200000000000000178e+00,4.000000000000001332e-01,-6.170506477355957031e-01,1.410659253597259521e-01,-1.410659253597259521e-01
2.200000000000000178e+00,4.000000000000001332e-01,-6.105915307998657227e-01,1.411410570144653320e-01,-1.411410570144653320e-01
2.200000000000000178e+00,4.000000000000001332e-01,-6.041324138641357422e-01,1.413674801588058472e-01,-1.413674801588058472e-01
2.200000000000000178e+00,4.000000000000001332e-01,-5.976734161376953125e-01,1.411559283733367920e-01,-1.411559283733367920e-01
2.200000000000000178e+00,4.000000000000001332e-01,-5.912142992019653320e-01,1.410528421401977539e-01,-1.410528421401977539e-01
2.200000000000000178e+00,4.000000000000001332e-01,-5.847552418708801270e-01,1.410812288522720337e-01,-1.410812288522720337e-01
2.200000000000000178e+00,4.000000000000001332e-01,-5.782961845397949219e-01,1.405682861804962158e-01,-1.405682861804962158e-01
2.200000000000000178e+00,4.000000000000001332e-01,-5.718370676040649414e-01,1.409898996353149414e-01,-1.409898996353149414e-01
2.200000000000000178e+00,4.000000000000001332e-01,-5.653780698776245117e-01,1.410997509956359863e-01,-1.410997509956359863e-01
2.200000000000000178e+00,4.000000000000001332e-01,-5.589189529418945312e-01,1.405791789293289185e-01,-1.405791789293289185e-01
2.200000000000000178e+00,4.000000000000001332e-01,-5.524598956108093262e-01,1.407766193151473999e-01,-1.407766193151473999e-01
2.200000000000000178e+00,4.000000000000001332e-01,-5.460008382797241211e-01,1.411938965320587158e-01,-1.411938965320587158e-01
2.200000000000000178e+00,4.000000000000001332e-01,-5.395417213439941406e-01,1.405272781848907471e-01,-1.405272781848907471e-01
2.200000000000000178e+00,4.000000000000001332e-01,-5.330827236175537109e-01,1.408609300851821899e-01,-1.408609300851821899e-01
2.200000000000000178e+00,4.000000000000001332e-01,-5.266236066818237305e-01,1.409332007169723511e-01,-1.409332007169723511e-01
2.200000000000000178e+00,4.000000000000001332e-01,-5.201645493507385254e-01,1.411612629890441895e-01,-1.411612629890441895e-01
2.200000000000000178e+00,4.000000000000001332e-01,-5.137054920196533203e-01,1.408134698867797852e-01,-1.408134698867797852e-01
2.200000000000000178e+00,4.000000000000001332e-01,-5.072463750839233398e-01,1.407971084117889404e-01,-1.407971084117889404e-01
2.200000000000000178e+00,4.000000000000001332e-01,-5.007873773574829102e-01,1.406660825014114380e-01,-1.406660825014114380e-01
2.200000000000000178e+00,4.000000000000001332e-01,-4.943282902240753174e-01,1.405187994241714478e-01,-1.405187994241714478e-01
2.200000000000000178e+00,4.000000000000001332e-01,-4.878692030906677246e-01,1.408189833164215088e-01,-1.408189833164215088e-01
2.200000000000000178e+00,4.000000000000001332e-01,-4.814101457595825195e-01,1.403411179780960083e-01,-1.403411179780960083e-01
2.200000000000000178e+00,4.000000000000001332e-01,-4.749510884284973145e-01,1.403449475765228271e-01,-1.403449475765228271e-01
2.200000000000000178e+00,4.000000000000001332e-01,-4.684919714927673340e-01,1.404569447040557861e-01,-1.404569447040557861e-01
2.200000000000000178e+00,4.000000000000001332e-01,-4.620329141616821289e-01,1.405844539403915405e-01,-1.405844539403915405e-01
2.200000000000000178e+00,4.000000000000001332e-01,-4.555738568305969238e-01,1.401176899671554565e-01,-1.401176899671554565e-01
2.200000000000000178e+00,4.000000000000001332e-01,-4.491147994995117188e-01,1.410284340381622314e-01,-1.410284340381622314e-01
2.200000000000000178e+00,4.000000000000001332e-01,-4.426557421684265137e-01,1.408522576093673706e-01,-1.408522576093673706e-01
2.200000000000000178e+00,4.000000000000001332e-01,-4.361966252326965332e-01,1.406017243862152100e-01,-1.406017243862152100e-01
2.200000000000000178e+00,4.000000000000001332e-01,-4.297375679016113281e-01,1.401329189538955688e-01,-1.401329189538955688e-01
2.200000000000000178e+00,4.000000000000001332e-01,-4.232785105705261230e-01,1.402321755886077881e-01,-1.402321755886077881e-01
2.200000000000000178e+00,4.000000000000001332e-01,-4.168193936347961426e-01,1.401799172163009644e-01,-1.401799172163009644e-01
2.200000000000000178e+00,4.000000000000001332e-01,-4.103603363037109375e-01,1.394952684640884399e-01,-1.394952684640884399e-01
2.200000000000000178e+00,4.000000000000001332e-01,-4.039012789726257324e-01,1.402358561754226685e-01,-1.402358561754226685e-01
2.200000000000000178e+00,4.000000000000001332e-01,-3.974422216415405273e-01,1.401960700750350952e-01,-1.401960700750350952e-01
2.200000000000000178e+00,4.000000000000001332e-01,-3.909831643104553223e-01,1.404278576374053955e-01,-1.404278576374053955e-01
2.200000000000000178e+00,4.000000000000001332e-01,-3.845240473747253418e-01,1.404942125082015991e-01,-1.404942125082015991e-01
2.200000000000000178e+00,4.000000000000001332e-01,-3.780649900436401367e-01,1.402790397405624390e-01,-1.402790397405624390e-01
2.200000000000000178e+00,4.000000000000001332e-01,-3.716059327125549316e-01,1.403211504220962524e-01,-1.403211504220962524e-01
2.200000000000000178e+00,4.000000000000001332e-01,-3.651468753814697266e-01,1.406115740537643433e-01,-1.406115740537643433e-01
2.200000000000000178e+00,4.000000000000001332e-01,-3.586878180503845215e-01,1.403432786464691162e-01,-1.403432786464691162e-01
2.200000000000000178e+00,4.000000000000001332e-01,-3.522287011146545410e-01,1.400502026081085205e-01,-1.400502026081085205e-01
2.200000000000000178e+00,4.000000000000001332e-01,-3.457696437835693359e-01,1.401487737894058228e-01,-1.401487737894058228e-01
2.200000000000000178e+00,4.000000000000001332e-01,-3.393105864524841309e-01,1.409061700105667114e-01,-1.409061700105667114e-01
2.200000000000000178e+00,4.000000000000001332e-01,-3.328515291213989258e-01,1.405228823423385620e-01,-1.405228823423385620e-01
2.200000000000000178e+00,4.000000000000001332e-01,-3.263924717903137207e-01,1.388245224952697754e-01,-1.388245224952697754e-01
2.200000000000000178e+00,4.000000000000001332e-01,-3.199333548545837402e-01,1.404758691787719727e-01,-1.404758691787719727e-01
2.200000000000000178e+00,4.000000000000001332e-01,-3.134742975234985352e-01,1.373075991868972778e-01,-1.373075991868972778e-01
2.200000000000000178e+00,4.000000000000001332e-01,-3.070152401924133301e-01,1.391199827194213867e-01,-1.391199827194213867e-01
2.200000000000000178e+00,4.000000000000001332e-01,-3.005561828613281250e-01,1.386537253856658936e-01,-1.386537253856658936e-01
2.200000000000000178e+00,4.000000000000001332e-01,-2.940971255302429199e-01,1.372558027505874634e-01,-1.372558027505874634e-01
2.200000000000000178e+00,4.000000000000001332e-01,-2.876380085945129395e-01,1.378395855426788330e-01,-1.378395855426788330e-01
2.200000000000000178e+00,4.000000000000001332e-01,-2.811789512634277344e-01,1.384750604629516602e-01,-1.384750604629516602e-01
2.200000000000000178e+00,4.000000000000001332e-01,-2.747198939323425293e-01,1.377920061349868774e-01,-1.377920061349868774e-01
2.200000000000000178e+00,4.000000000000001332e-01,-2.682608366012573242e-01,1.376836001873016357e-01,-1.376836001873016357e-01
2.200000000000000178e+00,4.000000000000001332e-01,-2.618017792701721191e-01,1.368973255157470703e-01,-1.368973255157470703e-01
2.200000000000000178e+00,4.000000000000001332e-01,-2.553426623344421387e-01,1.388690024614334106e-01,-1.388690024614334106e-01
2.200000000000000178e+00,4.000000000000001332e-01,-2.488836050033569336e-01,1.391502618789672852e-01,-1.391502618789672852e-01
2.200000000000000178e+00,4.000000000000001332e-01,-2.424245476722717285e-01,1.378929316997528076e-01,-1.378929316997528076e-01
2.200000000000000178e+00,4.000000000000001332e-01,-2.359654903411865234e-01,1.378937363624572754e-01,-1.378937363624572754e-01
2.200000000000000178e+00,4.000000000000001332e-01,-2.295064330101013184e-01,1.399948298931121826e-01,-1.399948298931121826e-01
2.200000000000000178e+00,4.000000000000001332e-01,-2.230473160743713379e-01,1.370317637920379639e-01,-1.370317637920379639e-01
2.200000000000000178e+00,4.000000000000001332e-01,-2.165882587432861328e-01,1.382160037755966187e-01,-1.382160037755966187e-01
2.200000000000000178e+00,4.000000000000001332e-01,-2.101292014122009277e-01,1.396398246288299561e-01,-1.396398246288299561e-01
2.200000000000000178e+00,4.000000000000001332e-01,-2.036701440811157227e-01,1.362243592739105225e-01,-1.362243592739105225e-01
2.200000000000000178e+00,4.000000000000001332e-01,-1.972110867500305176e-01,1.376483142375946045e-01,-1.376483142375946045e-01
2.200000000000000178e+00,4.000000000000001332e-01,-1.907519698143005371e-01,1.388498991727828979e-01,-1.388498991727828979e-01
2.200000000000000178e+00,4.000000000000001332e-01,-1.842929124832153320e-01,1.366505920886993408e-01,-1.366505920886993408e-01
2.200000000000000178e+00,4.000000000000001332e-01,-1.778338551521301270e-01,1.368416845798492432e-01,-1.368416845798492432e-01
2.200000000000000178e+00,4.000000000000001332e-01,-1.713747382164001465e-01,1.370706558227539062e-01,-1.370706558227539062e-01
2.200000000000000178e+00,4.000000000000001332e-01,-1.649156808853149414e-01,1.374454200267791748e-01,-1.374454200267791748e-01
2.200000000000000178e+00,4.000000000000001332e-01,-1.584566235542297363e-01,1.362285912036895752e-01,-1.362285912036895752e-01
2.200000000000000178e+00,4.000000000000001332e-01,-1.519975662231445312e-01,1.365255862474441528e-01,-1.365255862474441528e-01
2.200000000000000178e+00,4.000000000000001332e-01,-1.455385088920593262e-01,1.366975009441375732e-01,-1.366975009441375732e-01
2.200000000000000178e+00,4.000000000000001332e-01,-1.390793919563293457e-01,1.367404460906982422e-01,-1.367404460906982422e-01
2.200000000000000178e+00,4.000000000000001332e-01,-1.326203346252441406e-01,1.367295533418655396e-01,-1.367295533418655396e-01
2.200000000000000178e+00,4.000000000000001332e-01,-1.261612772941589355e-01,1.369944810867309570e-01,-1.369944810867309570e-01
2.200000000000000178e+00,4.000000000000001332e-01,-1.197022199630737305e-01,1.375802457332611084e-01,-1.375802457332611084e-01
2.200000000000000178e+00,4.000000000000001332e-01,-1.132431626319885254e-01,1.372491419315338135e-01,-1.372491419315338135e-01
2.200000000000000178e+00,4.000000000000001332e-01,-1.067840456962585449e-01,1.362494677305221558e-01,-1.362494677305221558e-01
2.200000000000000178e+00,4.000000000000001332e-01,-1.003249883651733398e-01,1.373578608036041260e-01,-1.373578608036041260e-01
2.200000000000000178e+00,4.000000000000001332e-01,-9.386593103408813477e-02,1.376793682575225830e-01,-1.376793682575225830e-01
2.200000000000000178e+00,4.000000000000001332e-01,-8.740687370300292969e-02,1.367346048355102539e-01,-1.367346048355102539e-01
2.200000000000000178e+00,4.000000000000001332e-01,-8.094781637191772461e-02,1.371027827262878418e-01,-1.371027827262878418e-01
2.200000000000000178e+00,4.000000000000001332e-01,-7.448869943618774414e-02,1.374261081218719482e-01,-1.374261081218719482e-01
2.200000000000000178e+00,4.000000000000001332e-01,-6.802964210510253906e-02,1.367856711149215698e-01,-1.367856711149215698e-01
2.200000000000000178e+00,4.000000000000001332e-01,-6.157058477401733398e-02,1.361192315816879272e-01,-1.361192315816879272e-01
2.200000000000000178e+00,4.000000000000001332e-01,-5.511152744293212891e-02,1.365380287170410156e-01,-1.365380287170410156e-01
2.200000000000000178e+00,4.000000000000001332e-01,-4.865247011184692383e-02,1.369012147188186646e-01,-1.369012147188186646e-01
2.200000000000000178e+00,4.000000000000001332e-01,-4.219335317611694336e-02,1.375153660774230957e-01,-1.375153660774230957e-01
2.200000000000000178e+00,4.000000000000001332e-01,-3.573429584503173828e-02,1.373735964298248291e-01,-1.373735964298248291e-01
2.200000000000000178e+00,4.000000000000001332e-01,-2.927523851394653320e-02,1.370885074138641357e-01,-1.370885074138641357e-01
2.200000000000000178e+00,4.000000000000001332e-01,-2.281618118286132812e-02,1.373759955167770386e-01,-1.373759955167770386e-01
2.200000000000000178e+00,4.000000000000001332e-01,-1.635712385177612305e-02,1.375853866338729858e-01,-1.375853866338729858e-01
2.200000000000000178e+00,4.000000000000001332e-01,-9.898006916046142578e-03,1.373746842145919800e-01,-1.373746842145919800e-01
2.200000000000000178e+00,4.000000000000001332e-01,-3.438949584960937500e-03,1.367342770099639893e-01,-1.367342770099639893e-01
2.200000000000000178e+00,4.000000000000001332e-01,3.020107746124267578e-03,1.373528242111206055e-01,-1.373528242111206055e-01
2.200000000000000178e+00,4.000000000000001332e-01,9.479165077209472656e-03,1.373779922723770142e-01,-1.373779922723770142e-01
2.200000000000000178e+00,4.000000000000001332e-01,1.593822240829467773e-02,1.393576264381408691e-01,-1.393576264381408691e-01
2.200000000000000178e+00,4.000000000000001332e-01,2.239733934402465820e-02,1.420945674180984497e-01,-1.420945674180984497e-01
2.200000000000000178e+00,4.000000000000001332e-01,2.885639667510986328e-02,1.490435600280761719e-01,-1.490435600280761719e-01
2.200000000000000178e+00,4.000000000000001332e-01,3.531545400619506836e-02,1.526030004024505615e-01,-1.526030004024505615e-01
2.200000000000000178e+00,4.000000000000001332e-01,4.177451133728027344e-02,1.556334793567657471e-01,-1.556334793567657471e-01
2.200000000000000178e+00,4.000000000000001332e-01,4.823356866836547852e-02,1.586085855960845947e-01,-1.586085855960845947e-01
2.200000000000000178e+00,4.000000000000001332e-01,5.469268560409545898e-02,1.591435372829437256e-01,-1.591435372829437256e-01
2.200000000000000178e+00,4.000000000000001332e-01,6.115174293518066406e-02,1.561368256807327271e-01,-1.561368256807327271e-01
2.200000000000000178e+00,4.000000000000001332e-01,6.761080026626586914e-02,1.563830226659774780e-01,-1.563830226659774780e-01
2.200000000000000178e+00,4.000000000000001332e-01,7.406991720199584961e-02,1.552075445652008057e-01,-1.552075445652008057e-01
2.200000000000000178e+00,4.000000000000001332e-01,8.052897453308105469e-02,1.489865928888320923e-01,-1.489865928888320923e-01
2.200000000000000178e+00,4.000000000000001332e-01,8.698803186416625977e-02,1.420807838439941406e-01,-1.420807838439941406e-01
2.200000000000000178e+00,4.000000000000001332e-01,9.344708919525146484e-02,1.290756613016128540e-01,-1.290756613016128540e-01
2.200000000000000178e+00,4.000000000000001332e-01,9.990614652633666992e-02,1.238258779048919678e-01,-1.238258779048919678e-01
2.200000000000000178e+00,4.000000000000001332e-01,1.063652634620666504e-01,1.135525554418563843e-01,-1.135525554418563843e-01
2.200000000000000178e+00,4.000000000000001332e-01,1.128243207931518555e-01,9.598475694656372070e-02,-9.598475694656372070e-02
2.200000000000000178e+00,4.000000000000001332e-01,1.192833781242370605e-01,7.914394140243530273e-02,-7.914394140243530273e-02
2.200000000000000178e+00,4.000000000000001332e-01,1.257424354553222656e-01,5.435883998870849609e-02,-5.435883998870849609e-02
2.600000000000000089e+00,8.000000000000000444e-01,-1.480978012084960938e+00,1.091606020927429199e-01,-1.091606020927429199e-01
2.600000000000000089e+00,8.000000000000000444e-01,-1.474251270294189453e+00,1.246907114982604980e-01,-1.246907114982604980e-01
2.600000000000000089e+00,8.000000000000000444e-01,-1.467524290084838867e+00,1.320112496614456177e-01,-1.320112496614456177e-01
2.600000000000000089e+00,8.000000000000000444e-01,-1.460797548294067383e+00,1.354437917470932007e-01,-1.354437917470932007e-01
2.600000000000000089e+00,8.000000000000000444e-01,-1.454070568084716797e+00,1.373874098062515259e-01,-1.373874098062515259e-01
2.600000000000000089e+00,8.000000000000000444e-01,-1.447343826293945312e+00,1.376639902591705322e-01,-1.376639902591705322e-01
2.600000000000000089e+00,8.000000000000000444e-01,-1.440616846084594727e+00,1.367662250995635986e-01,-1.367662250995635986e-01
2.600000000000000089e+00,8.000000000000000444e-01,-1.433890104293823242e+00,1.383609920740127563e-01,-1.383609920740127563e-01
2.600000000000000089e+00,8.000000000000000444e-01,-1.427163124084472656e+00,1.370948851108551025e-01,-1.370948851108551025e-01
2.600000000000000089e+00,8.000000000000000444e-01,-1.420436382293701172e+00,1.418761014938354492e-01,-1.418761014938354492e-01
2.600000000000000089e+00,8.000000000000000444e-01,-1.413709402084350586e+00,1.408282518386840820e-01,-1.408282518386840820e-01
2.600000000000000089e+00,8.000000000000000444e-01,-1.406982660293579102e+00,1.459570676088333130e-01,-1.459570676088333130e-01
2.600000000000000089e+00,8.000000000000000444e-01,-1.400255680084228516e+00,1.454393416643142700e-01,-1.454393416643142700e-01
2.600000000000000089e+00,8.000000000000000444e-01,-1.393528938293457031e+00,1.428628414869308472e-01,-1.428628414869308472e-01
2.600000000000000089e+00,8.000000000000000444e-01,-1.386801958084106445e+00,1.465505063533782959e-01,-1.465505063533782959e-01
2.600000000000000089e+00,8.000000000000000444e-01,-1.380075216293334961e+00,1.423029750585556030e-01,-1.423029750585556030e-01
2.600000000000000089e+00,8.000000000000000444e-01,-1.373348236083984375e+00,1.460249423980712891e-01,-1.460249423980712891e-01
2.600000000000000089e+00,8.000000000000000444e-01,-1.366621494293212891e+00,1.422491818666458130e-01,-1.422491818666458130e-01
2.600000000000000089e+00,8.000000000000000444e-01,-1.359894514083862305e+00,1.454844176769256592e-01,-1.454844176769256592e-01
2.600000000000000089e+00,8.000000000000000444e-01,-1.353167772293090820e+00,1.455601304769515991e-01,-1.455601304769515991e-01
2.600000000000000089e+00,8.000000000000000444e-01,-1.346440792083740234e+00,1.466555744409561157e-01,-1.466555744409561157e-01
2.600000000000000089e+00,8.000000000000000444e-01,-1.339714050292968750e+00,1.465592682361602783e-01,-1.465592682361602783e-01
2.600000000000000089e+00,8.000000000000000444e-01,-1.332987070083618164e+00,1.434284150600433350e-01,-1.434284150600433350e-01
2.600000000000000089e+00,8.000000000000000444e-01,-1.326260328292846680e+00,1.438715606927871704e-01,-1.438715606927871704e-01
2.600000000000000089e+00,8.000000000000000444e-01,-1.319533348083496094e+00,1.450950950384140015e-01,-1.450950950384140015e-01
2.600000000000000089e+00,8.000000000000000444e-01,-1.312806606292724609e+00,1.482659131288528442e-01,-1.482659131288528442e-01
2.600000000000000089e+00,8.000000000000000444e-01,-1.306079626083374023e+00,1.433161497116088867e-01,-1.433161497116088867e-01
2.600000000000000089e+00,8.000000000000000444e-01,-1.299352884292602539e+00,1.441302448511123657e-01,-1.441302448511123657e-01
2.600000000000000089e+00,8.000000000000000444e-01,-1.292625904083251953e+00,1.467134952545166016e-01,-1.467134952545166016e-01
2.600000000000000089e+00,8.000000000000000444e-01,-1.285899162292480469e+00,1.419450938701629639e-01,-1.419450938701629639e-01
2.600000000000000089e+00,8.000000000000000444e-01,-1.279172182083129883e+00,1.481011807918548584e-01,-1.481011807918548584e-01
2.600000000000000089e+00,8.000000000000000444e-01,-1.272445440292358398e+00,1.413853466510772705e-01,-1.413853466510772705e-01
2.600000000000000089e+00,8.000000000000000444e-01,-1.265718460083007812e+00,1.437287330627441406e-01,-1.437287330627441406e-01
2.600000000000000089e+00,8.000000000000000444e-01,-1.258991718292236328e+00,1.437287926673889160e-01,-1.437287926673889160e-01
2.600000000000000089e+00,8.000000000000000444e-01,-1.252264738082885742e+00,1.419073790311813354e-01,-1.419073790311813354e-01
2.600000000000000089e+00,8.000000000000000444e-01,-1.245537996292114258e+00,1.462857872247695923e-01,-1.462857872247695923e-01
2.600000000000000089e+00,8.000000000000000444e-01,-1.238811016082763672e+00,1.422563642263412476e-01,-1.422563642263412476e-01
2.600000000000000089e+00,8.000000000000000444e-01,-1.232084274291992188e+00,1.482662409543991089e-01,-1.482662409543991089e-01
2.600000000000000089e+00,8.000000000000000444e-01,-1.225357294082641602e+00,1.440425068140029907e-01,-1.440425068140029907e-01
2.600000000000000089e+00,8.000000000000000444e-01,-1.218630552291870117e+00,1.421361714601516724e-01,-1.421361714601516724e-01
2.600000000000000089e+00,8.000000000000000444e-01,-1.211903572082519531e+00,1.457533687353134155e-01,-1.457533687353134155e-01
2.600000000000000089e+00,8.000000000000000444e-01,-1.205176830291748047e+00,1.440784186124801636e-01,-1.440784186124801636e-01
2.600000000000000089e+00,8.000000000000000444e-01,-1.198449850082397461e+00,1.443881988525390625e-01,-1.443881988525390625e-01
2.600000000000000089e+00,8.000000000000000444e-01,-1.191723108291625977e+00,1.440133899450302124e-01,-1.440133899450302124e-01
2.600000000000000089e+00,8.000000000000000444e-01,-1.184996128082275391e+00,1.414337903261184692e-01,-1.414337903261184692e-01
2.600000000000000089e+00,8.000000000000000444e-01,-1.178269386291503906e+00,1.428664922714233398e-01,-1.428664922714233398e-01
2.600000000000000089e+00,8.000000000000000444e-01,-1.171542406082153320e+00,1.440011262893676758e-01,-1.440011262893676758e-01
2.600000000000000089e+00,8.000000000000000444e-01,-1.164815664291381836e+00,1.417666375637054443e-01,-1.417666375637054443e-01
2.600000000000000089e+00,8.000000000000000444e-01,-1.158088803291320801e+00,1.419370472431182861e-01,-1.419370472431182861e-01
2.600000000000000089e+00,8.000000000000000444e-01,-1.151361942291259766e+00,1.426686346530914307e-01,-1.426686346530914307e-01
2.600000000000000089e+00,8.000000000000000444e-01,-1.144635081291198730e+00,1.416080445051193237e-01,-1.416080445051193237e-01
2.600000000000000089e+00,8.000000000000000444e-01,-1.137908220291137695e+00,1.416018754243850708e-01,-1.416018754243850708e-01
2.600000000000000089e+00,8.000000000000000444e-01,-1.131181359291076660e+00,1.428864002227783203e-01,-1.428864002227783203e-01
2.600000000000000089e+00,8.000000000000000444e-01,-1.124454498291015625e+00,1.418434530496597290e-01,-1.418434530496597290e-01
2.600000000000000089e+00,8.000000000000000444e-01,-1.117727637290954590e+00,1.417972445487976074e-01,-1.417972445487976074e-01
2.600000000000000089e+00,8.000000000000000444e-01,-1.111000776290893555e+00,1.414963304996490479e-01,-1.414963304996490479e-01
2.600000000000000089e+00,8.000000000000000444e-01,-1.104273915290832520e+00,1.416851878166198730e-01,-1.416851878166198730e-01
2.600000000000000089e+00,8.000000000000000444e-01,-1.097547054290771484e+00,1.421792805194854736e-01,-1.421792805194854736e-01
2.600000000000000089e+00,8.000000000000000444e-01,-1.090820193290710449e+00,1.415686607360839844e-01,-1.415686607360839844e-01
2.600000000000000089e+00,8.000000000000000444e-01,-1.084093332290649414e+00,1.415883302688598633e-01,-1.415883302688598633e-01
2.600000000000000089e+00,8.000000000000000444e-01,-1.077366471290588379e+00,1.416351497173309326e-01,-1.416351497173309326e-01
2.600000000000000089e+00,8.000000000000000444e-01,-1.070639610290527344e+00,1.410725861787796021e-01,-1.410725861787796021e-01
2.600000000000000089e+00,8.000000000000000444e-01,-1.063912749290466309e+00,1.413943469524383545e-01,-1.413943469524383545e-01
2.600000000000000089e+00,8.000000000000000444e-01,-1.057185888290405273e+00,1.414343863725662231e-01,-1.414343863725662231e-01
2.600000000000000089e+00,8.000000000000000444e-01,-1.050459027290344238e+00,1.410421878099441528e-01,-1.410421878099441528e-01
2.600000000000000089e+00,8.000000000000000444e-01,-1.043732166290283203e+00,1.410974413156509399e-01,-1.410974413156509399e-01
2.600000000000000089e+00,8.000000000000000444e-01,-1.037005305290222168e+00,1.416360288858413696e-01,-1.416360288858413696e-01
2.600000000000000089e+00,8.000000000000000444e-01,-1.030278444290161133e+00,1.415830850601196289e-01,-1.415830850601196289e-01
2.600000000000000089e+00,8.000000000000000444e-01,-1.023551583290100098e+00,1.414303034543991089e-01,-1.414303034543991089e-01
2.600000000000000089e+00,8.000000000000000444e-01,-1.016824722290039062e+00,1.412118226289749146e-01,-1.412118226289749146e-01
2.600000000000000089e+00,8.000000000000000444e-01,-1.010097861289978027e+00,1.411853432655334473e-01,-1.411853432655334473e-01
2.600000000000000089e+00,8.000000000000000444e-01,-1.003371000289916992e+00,1.411868929862976074e-01,-1.411868929862976074e-01
2.600000000000000089e+00,8.000000000000000444e-01,-9.966441392898559570e-01,1.421773135662078857e-01,-1.421773135662078857e-01
2.600000000000000089e+00,8.000000000000000444e-01,-9.899172782897949219e-01,1.411439627408981323e-01,-1.411439627408981323e-01
2.600000000000000089e+00,8.000000000000000444e-01,-9.831904172897338867e-01,1.408898532390594482e-01,-1.408898532390594482e-01
2.600000000000000089e+00,8.000000000000000444e-01,-9.764635562896728516e-01,1.411786675453186035e-01,-1.411786675453186035e-01
2.600000000000000089e+00,8.000000000000000444e-01,-9.697366952896118164e-01,1.410581022500991821e-01,-1.410581022500991821e-01
2.600000000000000089e+00,8.000000000000000444e-01,-9.630098342895507812e-01,1.408397555351257324e-01,-1.408397555351257324e-01
2.600000000000000089e+00,8.000000000000000444e-01,-9.562829732894897461e-01,1.411968469619750977e-01,-1.411968469619750977e-01
2.600000000000000089e+00,8.000000000000000444e-01,-9.495561122894287109e-01,1.404702067375183105e-01,-1.404702067375183105e-01
2.600000000000000089e+00,8.000000000000000444e-01,-9.428292512893676758e-01,1.411720961332321167e-01,-1.411720961332321167e-01
2.600000000000000089e+00,8.000000000000000444e-01,-9.361023902893066406e-01,1.408089399337768555e-01,-1.408089399337768555e-01
2.600000000000000089e+00,8.000000000000000444e-01,-9.293755292892456055e-01,1.410464793443679810e-01,-1.410464793443679810e-01
2.600000000000000089e+00,8.000000000000000444e-01,-9.226486682891845703e-01,1.409640163183212280e-01,-1.409640163183212280e-01
2.600000000000000089e+00,8.000000000000000444e-01,-9.159218072891235352e-01,1.405891925096511841e-01,-1.405891925096511841e-01
2.600000000000000089e+00,8.000000000000000444e-01,-9.091949462890625000e-01,1.413977295160293579e-01,-1.413977295160293579e-01
2.600000000000000089e+00,8.000000000000000444e-01,-9.024680852890014648e-01,1.412569433450698853e-01,-1.412569433450698853e-01
2.600000000000000089e+00,8.000000000000000444e-01,-8.957412242889404297e-01,1.407832503318786621e-01,-1.407832503318786621e-01
2.600000000000000089e+00,8.000000000000000444e-01,-8.890143632888793945e-01,1.406840384006500244e-01,-1.406840384006500244e-01
2.600000000000000089e+00,8.000000000000000444e-01,-8.822875022888183594e-01,1.409969329833984375e-01,-1.409969329833984375e-01
2.600000000000000089e+00,8.000000000000000444e-01,-8.755606412887573242e-01,1.408225446939468384e-01,-1.408225446939468384e-01
2.600000000000000089e+00,8.000000000000000444e-01,-8.688337802886962891e-01,1.408456712961196899e-01,-1.408456712961196899e-01
2.600000000000000089e+00,8.000000000000000444e-01,-8.621069192886352539e-01,1.408974975347518921e-01,-1.408974975347518921e-01
2.600000000000000089e+00,8.000000000000000444e-01,-8.553800582885742188e-01,1.410038471221923828e-01,-1.410038471221923828e-01
2.600000000000000089e+00,8.000000000000000444e-01,-8.486531972885131836e-01,1.411761492490768433e-01,-1.411761492490768433e-01
2.600000000000000089e+00,8.000000000000000444e-01,-8.419263362884521484e-01,1.410500258207321167e-01,-1.410500258207321167e-01
2.600000000000000089e+00,8.000000000000000444e-01,-8.351995348930358887e-01,1.411792337894439697e-01,-1.411792337894439697e-01
2.600000000000000089e+00,8.000000000000000444e-01,-8.284726738929748535e-01,1.408210098743438721e-01,-1.408210098743438721e-01
2.600000000000000089e+00,8.000000000000000444e-01,-8.217458128929138184e-01,1.412177085876464844e-01,-1.412177085876464844e-01
2.600000000000000089e+00,8.000000000000000444e-01,-8.150189518928527832e-01,1.419037580490112305e-01,-1.419037580490112305e-01
2.600000000000000089e+00,8.000000000000000444e-01,-8.082920908927917480e-01,1.414626389741897583e-01,-1.414626389741897583e-01
2.600000000000000089e+00,8.000000000000000444e-01,-8.015652298927307129e-01,1.408608704805374146e-01,-1.408608704805374146e-01
2.600000000000000089e+00,8.000000000000000444e-01,-7.948383688926696777e-01,1.414076238870620728e-01,-1.414076238870620728e-01
2.600000000000000089e+00,8.000000000000000444e-01,-7.881115078926086426e-01,1.406889408826828003e-01,-1.406889408826828003e-01
2.600000000000000089e+00,8.000000000000000444e-01,-7.813846468925476074e-01,1.401970684528350830e-01,-1.401970684528350830e-01
2.600000000000000089e+00,8.000000000000000444e-01,-7.746577858924865723e-01,1.410165280103683472e-01,-1.410165280103683472e-01
2.600000000000000089e+00,8.000000000000000444e-01,-7.679309248924255371e-01,1.413147002458572388e-01,-1.413147002458572388e-01
2.600000000000000089e+00,8.000000000000000444e-01,-7.612040638923645020e-01,1.412347704172134399e-01,-1.412347704172134399e-01
2.600000000000000089e+00,8.000000000000000444e-01,-7.544772028923034668e-01,1.413092315196990967e-01,-1.413092315196990967e-01
2.600000000000000089e+00,8.000000000000000444e-01,-7.477503418922424316e-01,1.408632099628448486e-01,-1.408632099628448486e-01
2.600000000000000089e+00,8.000000000000000444e-01,-7.410234808921813965e-01,1.408731639385223389e-01,-1.408731639385223389e-01
2.600000000000000089e+00,8.000000000000000444e-01,-7.342966198921203613e-01,1.411027163267135620e-01,-1.411027163267135620e-01
2.600000000000000089e+00,8.000000000000000444e-01,-7.275697588920593262e-01,1.407771259546279907e-01,-1.407771259546279907e-01
2.600000000000000089e+00,8.000000000000000444e-01,-7.208428978919982910e-01,1.409110724925994873e-01,-1.409110724925994873e-01
2.600000000000000089e+00,8.000000000000000444e-01,-7.141160368919372559e-01,1.412134915590286255e-01,-1.412134915590286255e-01
2.600000000000000089e+00,8.000000000000000444e-01,-7.073891758918762207e-01,1.410945355892181396e-01,-1.410945355892181396e-01
2.600000000000000089e+00,8.000000000000000444e-01,-7.006623148918151855e-01,1.407754719257354736e-01,-1.407754719257354736e-01
2.600000000000000089e+00,8.000000000000000444e-01,-6.939354538917541504e-01,1.408761590719223022e-01,-1.408761590719223022e-01
2.600000000000000089e+00,8.000000000000000444e-01,-6.872085928916931152e-01,1.409987360239028931e-01,-1.409987360239028931e-01
2.600000000000000089e+00,8.000000000000000444e-01,-6.804817318916320801e-01,1.410579234361648560e-01,-1.410579234361648560e-01
2.600000000000000089e+00,8.000000000000000444e-01,-6.737548708915710449e-01,1.410559713840484619e-01,-1.410559713840484619e-01
2.600000000000000089e+00,8.000000000000000444e-01,-6.670280098915100098e-01,1.407694667577743530e-01,-1.407694667577743530e-01
2.600000000000000089e+00,8.000000000000000444e-01,-6.603011488914489746e-01,1.408526003360748291e-01,-1.408526003360748291e-01
2.600000000000000089e+00,8.000000000000000444e-01,-6.535742878913879395e-01,1.405759453773498535e-01,-1.405759453773498535e-01
2.600000000000000089e+00,8.000000000000000444e-01,-6.468474268913269043e-01,1.413947045803070068e-01,-1.413947045803070068e-01
2.600000000000000089e+00,8.000000000000000444e-01,-6.401205658912658691e-01,1.407261937856674194e-01,-1.407261937856674194e-01
2.600000000000000089e+00,8.000000000000000444e-01,-6.333937048912048340e-01,1.409472376108169556e-01,-1.409472376108169556e-01
2.600000000000000089e+00,8.000000000000000444e-01,-6.266668438911437988e-01,1.405907571315765381e-01,-1.405907571315765381e-01
2.600000000000000089e+00,8.000000000000000444e-01,-6.199399828910827637e-01,1.407236456871032715e-01,-1.407236456871032715e-01
2.600000000000000089e+00,8.000000000000000444e-01,-6.132131218910217285e-01,1.413302272558212280e-01,-1.413302272558212280e-01
2.600000000000000089e+00,8.000000000000000444e-01,-6.064862608909606934e-01,1.412781476974487305e-01,-1.412781476974487305e-01
2.600000000000000089e+00,8.000000000000000444e-01,-5.997593998908996582e-01,1.410356760025024414e-01,-1.410356760025024414e-01
2.600000000000000089e+00,8.000000000000000444e-01,-5.930325388908386230e-01,1.410805732011795044e-01,-1.410805732011795044e-01
2.600000000000000089e+00,8.000000000000000444e-01,-5.863056778907775879e-01,1.409515589475631714e-01,-1.409515589475631714e-01
2.600000000000000089e+00,8.000000000000000444e-01,-5.795788168907165527e-01,1.407180726528167725e-01,-1.407180726528167725e-01
2.600000000000000089e+00,8.000000000000000444e-01,-5.728519558906555176e-01,1.410875320434570312e-01,-1.410875320434570312e-01
2.600000000000000089e+00,8.000000000000000444e-01,-5.661250948905944824e-01,1.409064531326293945e-01,-1.409064531326293945e-01
2.600000000000000089e+00,8.000000000000000444e-01,-5.593982338905334473e-01,1.407623142004013062e-01,-1.407623142004013062e-01
2.600000000000000089e+00,8.000000000000000444e-01,-5.526713728904724121e-01,1.409416049718856812e-01,-1.409416049718856812e-01
2.600000000000000089e+00,8.000000000000000444e-01,-5.459445118904113770e-01,1.410484313964843750e-01,-1.410484313964843750e-01
2.600000000000000089e+00,8.000000000000000444e-01,-5.392176508903503418e-01,1.411249339580535889e-01,-1.411249339580535889e-01
2.600000000000000089e+00,8.000000000000000444e-01,-5.324907898902893066e-01,1.411769390106201172e-01,-1.411769390106201172e-01
2.600000000000000089e+00,8.000000000000000444e-01,-5.257639288902282715e-01,1.409209221601486206e-01,-1.409209221601486206e-01
2.600000000000000089e+00,8.000000000000000444e-01,-5.190370678901672363e-01,1.413028240203857422e-01,-1.413028240203857422e-01
2.600000000000000089e+00,8.000000000000000444e-01,-5.123102068901062012e-01,1.410472542047500610e-01,-1.410472542047500610e-01
2.600000000000000089e+00,8.000000000000000444e-01,-5.055833458900451660e-01,1.409894376993179321e-01,-1.409894376993179321e-01
2.600000000000000089e+00,8.000000000000000444e-01,-4.988564848899841309e-01,1.405105441808700562e-01,-1.405105441808700562e-01
2.600000000000000089e+00,8.000000000000000444e-01,-4.921296238899230957e-01,1.409360617399215698e-01,-1.409360617399215698e-01
2.600000000000000089e+00,8.000000000000000444e-01,-4.854027628898620605e-01,1.412535756826400757e-01,-1.412535756826400757e-01
2.600000000000000089e+00,8.000000000000000444e-01,-4.786759018898010254e-01,1.407592147588729858e-01,-1.407592147588729858e-01
2.600000000000000089e+00,8.000000000000000444e-01,-4.719490408897399902e-01,1.405929625034332275e-01,-1.405929625034332275e-01
2.600000000000000089e+00,8.000000000000000444e-01,-4.652221798896789551e-01,1.405480206012725830e-01,-1.405480206012725830e-01
2.600000000000000089e+00,8.000000000000000444e-01,-4.584953188896179199e-01,1.408594995737075806e-01,-1.408594995737075806e-01
2.600000000000000089e+00,8.000000000000000444e-01,-4.517684578895568848e-01,1.411112844944000244e-01,-1.411112844944000244e-01
2.600000000000000089e+00,8.000000000000000444e-01,-4.450415968894958496e-01,1.410549432039260864e-01,-1.410549432039260864e-01
2.600000000000000089e+00,8.000000000000000444e-01,-4.383147358894348145e-01,1.409733593463897705e-01,-1.409733593463897705e-01
2.600000000000000089e+00,8.000000000000000444e-01,-4.315878748893737793e-01,1.409212946891784668e-01,-1.409212946891784668e-01
2.600000000000000089e+00,8.000000000000000444e-01,-4.248610138893127441e-01,1.406999677419662476e-01,-1.406999677419662476e-01
2.600000000000000089e+00,8.000000000000000444e-01,-4.181341528892517090e-01,1.410524845123291016e-01,-1.410524845123291016e-01
2.600000000000000089e+00,8.000000000000000444e-01,-4.114072918891906738e-01,1.403692960739135742e-01,-1.403692960739135742e-01
2.600000000000000089e+00,8.000000000000000444e-01,-4.046804308891296387e-01,1.407905071973800659e-01,-1.407905071973800659e-01
2.600000000000000089e+00,8.000000000000000444e-01,-3.979535698890686035e-01,1.402763575315475464e-01,-1.402763575315475464e-01
2.600000000000000089e+00,8.000000000000000444e-01,-3.912267088890075684e-01,1.397839039564132690e-01,-1.397839039564132690e-01
2.600000000000000089e+00,8.000000000000000444e-01,-3.844998478889465332e-01,1.410429626703262329e-01,-1.410429626703262329e-01
2.600000000000000089e+00,8.000000000000000444e-01,-3.777729868888854980e-01,1.405692994594573975e-01,-1.405692994594573975e-01
2.600000000000000089e+00,8.000000000000000444e-01,-3.710461258888244629e-01,1.407613307237625122e-01,-1.407613307237625122e-01
2.600000000000000089e+00,8.000000000000000444e-01,-3.643192648887634277e-01,1.412440687417984009e-01,-1.412440687417984009e-01
2.600000000000000089e+00,8.000000000000000444e-01,-3.575924038887023926e-01,1.403200328350067139e-01,-1.403200328350067139e-01
2.600000000000000089e+00,8.000000000000000444e-01,-3.508655428886413574e-01,1.405821144580841064e-01,-1.405821144580841064e-01
2.600000000000000089e+00,8.000000000000000444e-01,-3.441386818885803223e-01,1.404032260179519653e-01,-1.404032260179519653e-01
2.600000000000000089e+00,8.000000000000000444e-01,-3.374118208885192871e-01,1.409946680068969727e-01,-1.409946680068969727e-01
2.600000000000000089e+00,8.000000000000000444e-01,-3.306849598884582520e-01,1.399907171726226807e-01,-1.399907171726226807e-01
2.600000000000000089e+00,8.000000000000000444e-01,-3.239580988883972168e-01,1.402002871036529541e-01,-1.402002871036529541e-01
2.600000000000000089e+00,8.000000000000000444e-01,-3.172312378883361816e-01,1.403054893016815186e-01,-1.403054893016815186e-01
2.600000000000000089e+00,8.000000000000000444e-01,-3.105043768882751465e-01,1.398853808641433716e-01,-1.398853808641433716e-01
2.600000000000000089e+00,8.000000000000000444e-01,-3.037775158882141113e-01,1.393200755119323730e-01,-1.393200755119323730e-01
2.600000000000000089e+00,8.000000000000000444e-01,-2.970506548881530762e-01,1.387535035610198975e-01,-1.387535035610198975e-01
2.600000000000000089e+00,8.000000000000000444e-01,-2.903237938880920410e-01,1.389562934637069702e-01,-1.389562934637069702e-01
2.600000000000000089e+00,8.000000000000000444e-01,-2.835969328880310059e-01,1.385725289583206177e-01,-1.385725289583206177e-01
2.600000000000000089e+00,8.000000000000000444e-01,-2.768700718879699707e-01,1.377685815095901489e-01,-1.377685815095901489e-01
2.600000000000000089e+00,8.000000000000000444e-01,-2.701432108879089355e-01,1.385820209980010986e-01,-1.385820209980010986e-01
2.600000000000000089e+00,8.000000000000000444e-01,-2.634163498878479004e-01,1.396347433328628540e-01,-1.396347433328628540e-01
2.600000000000000089e+00,8.000000000000000444e-01,-2.566894888877868652e-01,1.381021738052368164e-01,-1.381021738052368164e-01
2.600000000000000089e+00,8.000000000000000444e-01,-2.499626278877258301e-01,1.384839117527008057e-01,-1.384839117527008057e-01
2.600000000000000089e+00,8.000000000000000444e-01,-2.432357668876647949e-01,1.398338973522186279e-01,-1.398338973522186279e-01
2.600000000000000089e+00,8.000000000000000444e-01,-2.365089058876037598e-01,1.399720311164855957e-01,-1.399720311164855957e-01
2.600000000000000089e+00,8.000000000000000444e-01,-2.297820448875427246e-01,1.386698484420776367e-01,-1.386698484420776367e-01
2.600000000000000089e+00,8.000000000000000444e-01,-2.230551838874816895e-01,1.372200101613998413e-01,-1.372200101613998413e-01
2.600000000000000089e+00,8.000000000000000444e-01,-2.163283228874206543e-01,1.402899026870727539e-01,-1.402899026870727539e-01
2.600000000000000089e+00,8.000000000000000444e-01,-2.096014618873596191e-01,1.393992602825164795e-01,-1.393992602825164795e-01
2.600000000000000089e+00,8.000000000000000444e-01,-2.028746008872985840e-01,1.374077647924423218e-01,-1.374077647924423218e-01
2.600000000000000089e+00,8.000000000000000444e-01,-1.961477994918823242e-01,1.399607956409454346e-01,-1.399607956409454346e-01
2.600000000000000089e+00,8.000000000000000444e-01,-1.894209980964660645e-01,1.371202170848846436e-01,-1.371202170848846436e-01
2.600000000000000089e+00,8.000000000000000444e-01,-1.826941370964050293e-01,1.372486203908920288e-01,-1.372486203908920288e-01
2.600000000000000089e+00,8.000000000000000444e-01,-1.759672760963439941e-01,1.391692757606506348e-01,-1.391692757606506348e-01
2.600000000000000089e+00,8.000000000000000444e-01,-1.692404150962829590e-01,1.380101293325424194e-01,-1.380101293325424194e-01
2.600000000000000089e+00,8.000000000000000444e-01,-1.625135540962219238e-01,1.380212754011154175e-01,-1.380212754011154175e-01
2.600000000000000089e+00,8.000000000000000444e-01,-1.557866930961608887e-01,1.373680233955383301e-01,-1.373680233955383301e-01
2.600000000000000089e+00,8.000000000000000444e-01,-1.490598320960998535e-01,1.384307444095611572e-01,-1.384307444095611572e-01
2.600000000000000089e+00,8.000000000000000444e-01,-1.423329710960388184e-01,1.377079635858535767e-01,-1.377079635858535767e-01
2.600000000000000089e+00,8.000000000000000444e-01,-1.356061100959777832e-01,1.371271014213562012e-01,-1.371271014213562012e-01
2.600000000000000089e+00,8.000000000000000444e-01,-1.288792490959167480e-01,1.370311677455902100e-01,-1.370311677455902100e-01
2.600000000000000089e+00,8.000000000000000444e-01,-1.221523880958557129e-01,1.371404081583023071e-01,-1.371404081583023071e-01
2.600000000000000089e+00,8.000000000000000444e-01,-1.154255270957946777e-01,1.366565674543380737e-01,-1.366565674543380737e-01
2.600000000000000089e+00,8.000000000000000444e-01,-1.086986660957336426e-01,1.369952559471130371e-01,-1.369952559471130371e-01
2.600000000000000089e+00,8.000000000000000444e-01,-1.019718050956726074e-01,1.371324956417083740e-01,-1.371324956417083740e-01
2.600000000000000089e+00,8.000000000000000444e-01,-9.524494409561157227e-02,1.375757306814193726e-01,-1.375757306814193726e-01
2.600000000000000089e+00,8.000000000000000444e-01,-8.851808309555053711e-02,1.366569846868515015e-01,-1.366569846868515015e-01
2.600000000000000089e+00,8.000000000000000444e-01,-8.179122209548950195e-02,1.375674456357955933e-01,-1.375674456357955933e-01
2.600000000000000089e+00,8.000000000000000444e-01,-7.506436109542846680e-02,1.372428536415100098e-01,-1.372428536415100098e-01
2.600000000000000089e+00,8.000000000000000444e-01,-6.833750009536743164e-02,1.367297470569610596e-01,-1.367297470569610596e-01
2.600000000000000089e+00,8.000000000000000444e-01,-6.161063909530639648e-02,1.378558725118637085e-01,-1.378558725118637085e-01
2.600000000000000089e+00,8.000000000000000444e-01,-5.488377809524536133e-02,1.369690150022506714e-01,-1.369690150022506714e-01
2.600000000000000089e+00,8.000000000000000444e-01,-4.815691709518432617e-02,1.375225782394409180e-01,-1.375225782394409180e-01
2.600000000000000089e+00,8.000000000000000444e-01,-4.143005609512329102e-02,1.373871862888336182e-01,-1.373871862888336182e-01
2.600000000000000089e+00,8.000000000000000444e-01,-3.470319509506225586e-02,1.366620808839797974e-01,-1.366620808839797974e-01
2.600000000000000089e+00,8.000000000000000444e-01,-2.797633409500122070e-02,1.367768049240112305e-01,-1.367768049240112305e-01
2.600000000000000089e+00,8.000000000000000444e-01,-2.124947309494018555e-02,1.376978754997253418e-01,-1.376978754997253418e-01
2.600000000000000089e+00,8.000000000000000444e-01,-1.452261209487915039e-02,1.369305551052093506e-01,-1.369305551052093506e-01
2.600000000000000089e+00,8.000000000000000444e-01,-7.795751094818115234e-03,1.378884315490722656e-01,-1.378884315490722656e-01
2.600000000000000089e+00,8.000000000000000444e-01,-1.068890094757080078e-03,1.374533176422119141e-01,-1.374533176422119141e-01
2.600000000000000089e+00,8.000000000000000444e-01,5.657970905303955078e-03,1.380440294742584229e-01,-1.380440294742584229e-01
2.600000000000000089e+00,8.000000000000000444e-01,1.238483190536499023e-02,1.396269053220748901e-01,-1.396269053220748901e-01
2.600000000000000089e+00,8.000000000000000444e-01,1.911169290542602539e-02,1.426727324724197388e-01,-1.426727324724197388e-01
2.600000000000000089e+00,8.000000000000000444e-01,2.583855390548706055e-02,1.537495702505111694e-01,-1.537495702505111694e-01
2.600000000000000089e+00,8.000000000000000444e-01,3.256541490554809570e-02,1.685282289981842041e-01,-1.685282289981842041e-01
2.600000000000000089e+00,8.000000000000000444e-01,3.929227590560913086e-02,1.785630583763122559e-01,-1.785630583763122559e-01
2.600000000000000089e+00,8.000000000000000444e-01,4.601913690567016602e-02,1.850275397300720215e-01,-1.850275397300720215e-01
2.600000000000000089e+00,8.000000000000000444e-01,5.274599790573120117e-02,1.882290691137313843e-01,-1.882290691137313843e-01
2.600000000000000089e+00,8.000000000000000444e-01,5.947285890579223633e-02,1.886514723300933838e-01,-1.886514723300933838e-01
2.600000000000000089e+00,8.000000000000000444e-01,6.619971990585327148e-02,1.945632696151733398e-01,-1.945632696151733398e-01
2.600000000000000089e+00,8.000000000000000444e-01,7.292658090591430664e-02,1.963699609041213989e-01,-1.963699609041213989e-01
2.600000000000000089e+00,8.000000000000000444e-01,7.965344190597534180e-02,1.963906735181808472e-01,-1.963906735181808472e-01
2.600000000000000089e+00,8.000000000000000444e-01,8.638030290603637695e-02,1.958335191011428833e-01,-1.958335191011428833e-01
2.600000000000000089e+00,8.000000000000000444e-01,9.310716390609741211e-02,1.938820332288742065e-01,-1.938820332288742065e-01
2.600000000000000089e+00,8.000000000000000444e-01,9.983402490615844727e-02,1.928513646125793457e-01,-1.928513646125793457e-01
2.600000000000000089e+00,8.000000000000000444e-01,1.065608859062194824e-01,1.919689029455184937e-01,-1.919689029455184937e-01
2.600000000000000089e+00,8.000000000000000444e-01,1.132877469062805176e-01,1.843009293079376221e-01,-1.843009293079376221e-01
2.600000000000000089e+00,8.000000000000000444e-01,1.200146079063415527e-01,1.824735403060913086e-01,-1.824735403060913086e-01
2.600000000000000089e+00,8.000000000000000444e-01,1.267414689064025879e-01,1.808373928070068359e-01,-1.808373928070068359e-01
2.600000000000000089e+00,8.000000000000000444e-01,1.334683299064636230e-01,1.731352657079696655e-01,-1.731352657079696655e-01
2.600000000000000089e+00,8.000000000000000444e-01,1.401951909065246582e-01,1.651865392923355103e-01,-1.651865392923355103e-01
2.600000000000000089e+00,8.000000000000000444e-01,1.469220519065856934e-01,1.585315018892288208e-01,-1.585315018892288208e-01
2.600000000000000089e+00,8.000000000000000444e-01,1.536489129066467285e-01,1.472260802984237671e-01,-1.472260802984237671e-01
2.600000000000000089e+00,8.000000000000000444e-01,1.603757739067077637e-01,1.403702795505523682e-01,-1.403702795505523682e-01
2.600000000000000089e+00,8.000000000000000444e-01,1.671026349067687988e-01,1.251993924379348755e-01,-1.251993924379348755e-01
2.600000000000000089e+00,8.000000000000000444e-01,1.738294959068298340e-01,1.098793447017669678e-01,-1.098793447017669678e-01
2.600000000000000089e+00,8.000000000000000444e-01,1.805563569068908691e-01,9.731503576040267944e-02,-9.731503576040267944e-02
2.600000000000000089e+00,8.000000000000000444e-01,1.872832179069519043e-01,7.927182316780090332e-02,-7.927182316780090332e-02
2.600000000000000089e+00,8.000000000000000444e-01,1.940100789070129395e-01,5.043675750494003296e-02,-5.043675750494003296e-02
3.000000000000000000e+00,1.199999999999999956e+00,-1.479747295379638672e+00,1.175992488861083984e-01,-1.175992488861083984e-01
3.000000000000000000e+00,1.199999999999999956e+00,-1.472862362861633301e+00,1.249282285571098328e-01,-1.249282285571098328e-01
3.000000000000000000e+00,1.199999999999999956e+00,-1.465977430343627930e+00,1.323357522487640381e-01,-1.323357522487640381e-01
3.000000000000000000e+00,1.199999999999999956e+00,-1.459092617034912109e+00,1.361545175313949585e-01,-1.361545175313949585e-01
3.000000000000000000e+00,1.199999999999999956e+00,-1.452207803726196289e+00,1.377529054880142212e-01,-1.377529054880142212e-01
3.000000000000000000e+00,1.199999999999999956e+00,-1.445322871208190918e+00,1.368575394153594971e-01,-1.368575394153594971e-01
3.000000000000000000e+00,1.199999999999999956e+00,-1.438437938690185547e+00,1.366491168737411499e-01,-1.366491168737411499e-01
3.000000000000000000e+00,1.199999999999999956e+00,-1.431553125381469727e+00,1.386972665786743164e-01,-1.386972665786743164e-01
3.000000000000000000e+00,1.199999999999999956e+00,-1.424668312072753906e+00,1.427512317895889282e-01,-1.427512317895889282e-01
3.000000000000000000e+00,1.199999999999999956e+00,-1.417783379554748535e+00,1.409142762422561646e-01,-1.409142762422561646e-01
3.000000000000000000e+00,1.199999999999999956e+00,-1.410898447036743164e+00,1.468127220869064331e-01,-1.468127220869064331e-01
3.000000000000000000e+00,1.199999999999999956e+00,-1.404013633728027344e+00,1.418198049068450928e-01,-1.418198049068450928e-01
3.000000000000000000e+00,1.199999999999999956e+00,-1.397128701210021973e+00,1.462961435317993164e-01,-1.462961435317993164e-01
3.000000000000000000e+00,1.199999999999999956e+00,-1.390243768692016602e+00,1.459878534078598022e-01,-1.459878534078598022e-01
3.000000000000000000e+00,1.199999999999999956e+00,-1.383358955383300781e+00,1.442734301090240479e-01,-1.442734301090240479e-01
3.000000000000000000e+00,1.199999999999999956e+00,-1.376474142074584961e+00,1.425718069076538086e-01,-1.425718069076538086e-01
3.000000000000000000e+00,1.199999999999999956e+00,-1.369589209556579590e+00,1.467044949531555176e-01,-1.467044949531555176e-01
3.000000000000000000e+00,1.199999999999999956e+00,-1.362704277038574219e+00,1.419533044099807739e-01,-1.419533044099807739e-01
3.000000000000000000e+00,1.199999999999999956e+00,-1.355819463729858398e+00,1.466480046510696411e-01,-1.466480046510696411e-01
3.000000000000000000e+00,1.199999999999999956e+00,-1.348934650421142578e+00,1.418200880289077759e-01,-1.418200880289077759e-01
3.000000000000000000e+00,1.199999999999999956e+00,-1.342049717903137207e+00,1.473132520914077759e-01,-1.473132520914077759e-01
3.000000000000000000e+00,1.199999999999999956e+00,-1.335164785385131836e+00,1.442203521728515625e-01,-1.442203521728515625e-01
3.000000000000000000e+00,1.199999999999999956e+00,-1.328279972076416016e+00,1.444132030010223389e-01,-1.444132030010223389e-01
3.000000000000000000e+00,1.199999999999999956e+00,-1.321395039558410645e+00,1.442750543355941772e-01,-1.442750543355941772e-01
3.000000000000000000e+00,1.199999999999999956e+00,-1.314510107040405273e+00,1.421285420656204224e-01,-1.421285420656204224e-01
3.000000000000000000e+00,1.199999999999999956e+00,-1.307625293731689453e+00,1.483296155929565430e-01,-1.483296155929565430e-01
3.000000000000000000e+00,1.199999999999999956e+00,-1.300740480422973633e+00,1.413939893245697021e-01,-1.413939893245697021e-01
3.000000000000000000e+00,1.199999999999999956e+00,-1.293855547904968262e+00,1.453797668218612671e-01,-1.453797668218612671e-01
3.000000000000000000e+00,1.199999999999999956e+00,-1.286970615386962891e+00,1.421639919281005859e-01,-1.421639919281005859e-01
3.000000000000000000e+00,1.199999999999999956e+00,-1.280085802078247070e+00,1.486166119575500488e-01,-1.486166119575500488e-01
3.000000000000000000e+00,1.199999999999999956e+00,-1.273200988769531250e+00,1.413127928972244263e-01,-1.413127928972244263e-01
3.000000000000000000e+00,1.199999999999999956e+00,-1.266316056251525879e+00,1.439201980829238892e-01,-1.439201980829238892e-01
3.000000000000000000e+00,1.199999999999999956e+00,-1.259431123733520508e+00,1.426381766796112061e-01,-1.426381766796112061e-01
3.000000000000000000e+00,1.199999999999999956e+00,-1.252546310424804688e+00,1.421767324209213257e-01,-1.421767324209213257e-01
3.000000000000000000e+00,1.199999999999999956e+00,-1.245661377906799316e+00,1.447110325098037720e-01,-1.447110325098037720e-01
3.000000000000000000e+00,1.199999999999999956e+00,-1.238776564598083496e+00,1.419700980186462402e-01,-1.419700980186462402e-01
3.000000000000000000e+00,1.199999999999999956e+00,-1.231891632080078125e+00,1.417763084173202515e-01,-1.417763084173202515e-01
3.000000000000000000e+00,1.199999999999999956e+00,-1.225006818771362305e+00,1.484333276748657227e-01,-1.484333276748657227e-01
3.000000000000000000e+00,1.199999999999999956e+00,-1.218121886253356934e+00,1.420011073350906372e-01,-1.420011073350906372e-01
3.000000000000000000e+00,1.199999999999999956e+00,-1.211236953735351562e+00,1.444917768239974976e-01,-1.444917768239974976e-01
3.000000000000000000e+00,1.199999999999999956e+00,-1.204352140426635742e+00,1.447914987802505493e-01,-1.447914987802505493e-01
3.000000000000000000e+00,1.199999999999999956e+00,-1.197467327117919922e+00,1.428307145833969116e-01,-1.428307145833969116e-01
3.000000000000000000e+00,1.199999999999999956e+00,-1.190582394599914551e+00,1.436900794506072998e-01,-1.436900794506072998e-01
3.000000000000000000e+00,1.199999999999999956e+00,-1.183697462081909180e+00,1.411000937223434448e-01,-1.411000937223434448e-01
3.000000000000000000e+00,1.199999999999999956e+00,-1.176812648773193359e+00,1.429623961448669434e-01,-1.429623961448669434e-01
3.000000000000000000e+00,1.199999999999999956e+00,-1.169927716255187988e+00,1.425521373748779297e-01,-1.425521373748779297e-01
3.000000000000000000e+00,1.199999999999999956e+00,-1.163042902946472168e+00,1.422386914491653442e-01,-1.422386914491653442e-01
3.000000000000000000e+00,1.199999999999999956e+00,-1.156157970428466797e+00,1.415961384773254395e-01,-1.415961384773254395e-01
3.000000000000000000e+00,1.199999999999999956e+00,-1.149273157119750977e+00,1.444405168294906616e-01,-1.444405168294906616e-01
3.000000000000000000e+00,1.199999999999999956e+00,-1.142388224601745605e+00,1.417614966630935669e-01,-1.417614966630935669e-01
3.000000000000000000e+00,1.199999999999999956e+00,-1.135503292083740234e+00,1.425639688968658447e-01,-1.425639688968658447e-01
3.000000000000000000e+00,1.199999999999999956e+00,-1.128618478775024414e+00,1.409619748592376709e-01,-1.409619748592376709e-01
3.000000000000000000e+00,1.199999999999999956e+00,-1.121733665466308594e+00,1.414867937564849854e-01,-1.414867937564849854e-01
3.000000000000000000e+00,1.199999999999999956e+00,-1.114848732948303223e+00,1.418748199939727783e-01,-1.418748199939727783e-01
3.000000000000000000e+00,1.199999999999999956e+00,-1.107963800430297852e+00,1.414806395769119263e-01,-1.414806395769119263e-01
3.000000000000000000e+00,1.199999999999999956e+00,-1.101078987121582031e+00,1.423080563545227051e-01,-1.423080563545227051e-01
3.000000000000000000e+00,1.199999999999999956e+00,-1.094194054603576660e+00,1.409467607736587524e-01,-1.409467607736587524e-01
3.000000000000000000e+00,1.199999999999999956e+00,-1.087309241294860840e+00,1.417791992425918579e-01,-1.417791992425918579e-01
3.000000000000000000e+00,1.199999999999999956e+00,-1.080424308776855469e+00,1.409181803464889526e-01,-1.409181803464889526e-01
3.000000000000000000e+00,1.199999999999999956e+00,-1.073539495468139648e+00,1.409209519624710083e-01,-1.409209519624710083e-01
3.000000000000000000e+00,1.199999999999999956e+00,-1.066654562950134277e+00,1.410288661718368530e-01,-1.410288661718368530e-01
3.000000000000000000e+00,1.199999999999999956e+00,-1.059769630432128906e+00,1.413385123014450073e-01,-1.413385123014450073e-01
3.000000000000000000e+00,1.199999999999999956e+00,-1.052884817123413086e+00,1.415929794311523438e-01,-1.415929794311523438e-01
3.000000000000000000e+00,1.199999999999999956e+00,-1.046000003814697266e+00,1.412307024002075195e-01,-1.412307024002075195e-01
3.000000000000000000e+00,1.199999999999999956e+00,-1.039115071296691895e+00,1.409211009740829468e-01,-1.409211009740829468e-01
3.000000000000000000e+00,1.199999999999999956e+00,-1.032230138778686523e+00,1.415362954139709473e-01,-1.415362954139709473e-01
3.000000000000000000e+00,1.199999999999999956e+00,-1.025345325469970703e+00,1.412864625453948975e-01,-1.412864625453948975e-01
3.000000000000000000e+00,1.199999999999999956e+00,-1.018460392951965332e+00,1.416428238153457642e-01,-1.416428238153457642e-01
3.000000000000000000e+00,1.199999999999999956e+00,-1.011575579643249512e+00,1.409098803997039795e-01,-1.409098803997039795e-01
3.000000000000000000e+00,1.199999999999999956e+00,-1.004690647125244141e+00,1.409269571304321289e-01,-1.409269571304321289e-01
3.000000000000000000e+00,1.199999999999999956e+00,-9.978058338165283203e-01,1.411794573068618774e-01,-1.411794573068618774e-01
3.000000000000000000e+00,1.199999999999999956e+00,-9.909209012985229492e-01,1.411672681570053101e-01,-1.411672681570053101e-01
3.000000000000000000e+00,1.199999999999999956e+00,-9.840360879898071289e-01,1.411728709936141968e-01,-1.411728709936141968e-01
3.000000000000000000e+00,1.199999999999999956e+00,-9.771511554718017578e-01,1.406095176935195923e-01,-1.406095176935195923e-01
3.000000000000000000e+00,1.199999999999999956e+00,-9.702663421630859375e-01,1.408437937498092651e-01,-1.408437937498092651e-01
3.000000000000000000e+00,1.199999999999999956e+00,-9.633814096450805664e-01,1.410676985979080200e-01,-1.410676985979080200e-01
3.000000000000000000e+00,1.199999999999999956e+00,-9.564964771270751953e-01,1.412994414567947388e-01,-1.412994414567947388e-01
3.000000000000000000e+00,1.199999999999999956e+00,-9.496116638183593750e-01,1.409801840782165527e-01,-1.409801840782165527e-01
3.000000000000000000e+00,1.199999999999999956e+00,-9.427267313003540039e-01,1.405510604381561279e-01,-1.405510604381561279e-01
3.000000000000000000e+00,1.199999999999999956e+00,-9.358419179916381836e-01,1.411859989166259766e-01,-1.411859989166259766e-01
3.000000000000000000e+00,1.199999999999999956e+00,-9.289569854736328125e-01,1.410519182682037354e-01,-1.410519182682037354e-01
3.000000000000000000e+00,1.199999999999999956e+00,-9.220721721649169922e-01,1.410279870033264160e-01,-1.410279870033264160e-01
3.000000000000000000e+00,1.199999999999999956e+00,-9.151872396469116211e-01,1.408033221960067749e-01,-1.408033221960067749e-01
3.000000000000000000e+00,1.199999999999999956e+00,-9.083024263381958008e-01,1.408582776784896851e-01,-1.408582776784896851e-01
3.000000000000000000e+00,1.199999999999999956e+00,-9.014174938201904297e-01,1.412086784839630127e-01,-1.412086784839630127e-01
3.000000000000000000e+00,1.199999999999999956e+00,-8.945326805114746094e-01,1.408978253602981567e-01,-1.408978253602981567e-01
3.000000000000000000e+00,1.199999999999999956e+00,-8.876477479934692383e-01,1.416189968585968018e-01,-1.416189968585968018e-01
3.000000000000000000e+00,1.199999999999999956e+00,-8.807628750801086426e-01,1.408695429563522339e-01,-1.408695429563522339e-01
3.000000000000000000e+00,1.199999999999999956e+00,-8.738780021667480469e-01,1.412854939699172974e-01,-1.412854939699172974e-01
3.000000000000000000e+00,1.199999999999999956e+00,-8.669930696487426758e-01,1.409037560224533081e-01,-1.409037560224533081e-01
3.000000000000000000e+00,1.199999999999999956e+00,-8.601082563400268555e-01,1.408431231975555420e-01,-1.408431231975555420e-01
3.000000000000000000e+00,1.199999999999999956e+00,-8.532233238220214844e-01,1.406742483377456665e-01,-1.406742483377456665e-01
3.000000000000000000e+00,1.199999999999999956e+00,-8.463385105133056641e-01,1.405691653490066528e-01,-1.405691653490066528e-01
3.000000000000000000e+00,1.199999999999999956e+00,-8.394535779953002930e-01,1.406733542680740356e-01,-1.406733542680740356e-01
3.000000000000000000e+00,1.199999999999999956e+00,-8.325687646865844727e-01,1.410112231969833374e-01,-1.410112231969833374e-01
3.000000000000000000e+00,1.199999999999999956e+00,-8.256838321685791016e-01,1.415528208017349243e-01,-1.415528208017349243e-01
3.000000000000000000e+00,1.199999999999999956e+00,-8.187990188598632812e-01,1.404709964990615845e-01,-1.404709964990615845e-01
3.000000000000000000e+00,1.199999999999999956e+00,-8.119140863418579102e-01,1.406915634870529175e-01,-1.406915634870529175e-01
3.000000000000000000e+00,1.199999999999999956e+00,-8.050292134284973145e-01,1.416712403297424316e-01,-1.416712403297424316e-01
3.000000000000000000e+00,1.199999999999999956e+00,-7.981443405151367188e-01,1.414353847503662109e-01,-1.414353847503662109e-01
3.000000000000000000e+00,1.199999999999999956e+00,-7.912594079971313477e-01,1.405351608991622925e-01,-1.405351608991622925e-01
3.000000000000000000e+00,1.199999999999999956e+00,-7.843745946884155273e-01,1.413193047046661377e-01,-1.413193047046661377e-01
3.000000000000000000e+00,1.199999999999999956e+00,-7.774896621704101562e-01,1.405155658721923828e-01,-1.405155658721923828e-01
3.000000000000000000e+00,1.199999999999999956e+00,-7.706048488616943359e-01,1.411089748144149780e-01,-1.411089748144149780e-01
3.000000000000000000e+00,1.199999999999999956e+00,-7.637199163436889648e-01,1.404242813587188721e-01,-1.404242813587188721e-01
3.000000000000000000e+00,1.199999999999999956e+00,-7.568351030349731445e-01,1.410241127014160156e-01,-1.410241127014160156e-01
3.000000000000000000e+00,1.199999999999999956e+00,-7.499501705169677734e-01,1.410642564296722412e-01,-1.410642564296722412e-01
3.000000000000000000e+00,1.199999999999999956e+00,-7.430653572082519531e-01,1.408840715885162354e-01,-1.408840715885162354e-01
3.000000000000000000e+00,1.199999999999999956e+00,-7.361804246902465820e-01,1.413950175046920776e-01,-1.413950175046920776e-01
3.000000000000000000e+00,1.199999999999999956e+00,-7.292956113815307617e-01,1.410043984651565552e-01,-1.410043984651565552e-01
3.000000000000000000e+00,1.199999999999999956e+00,-7.224106788635253906e-01,1.406041383743286133e-01,-1.406041383743286133e-01
3.000000000000000000e+00,1.199999999999999956e+00,-7.155257463455200195e-01,1.409412026405334473e-01,-1.409412026405334473e-01
3.000000000000000000e+00,1.199999999999999956e+00,-7.086409330368041992e-01,1.408960074186325073e-01,-1.408960074186325073e-01
3.000000000000000000e+00,1.199999999999999956e+00,-7.017560005187988281e-01,1.415852159261703491e-01,-1.415852159261703491e-01
3.000000000000000000e+00,1.199999999999999956e+00,-6.948711872100830078e-01,1.412945687770843506e-01,-1.412945687770843506e-01
3.000000000000000000e+00,1.199999999999999956e+00,-6.879862546920776367e-01,1.410130858421325684e-01,-1.410130858421325684e-01
3.000000000000000000e+00,1.199999999999999956e+00,-6.811014413833618164e-01,1.410645097494125366e-01,-1.410645097494125366e-01
3.000000000000000000e+00,1.199999999999999956e+00,-6.742165088653564453e-01,1.406149715185165405e-01,-1.406149715185165405e-01
3.000000000000000000e+00,1.199999999999999956e+00,-6.673316955566406250e-01,1.408812105655670166e-01,-1.408812105655670166e-01
3.000000000000000000e+00,1.199999999999999956e+00,-6.604467630386352539e-01,1.410205811262130737e-01,-1.410205811262130737e-01
3.000000000000000000e+00,1.199999999999999956e+00,-6.535619497299194336e-01,1.409641504287719727e-01,-1.409641504287719727e-01
3.000000000000000000e+00,1.199999999999999956e+00,-6.466770172119140625e-01,1.404376775026321411e-01,-1.404376775026321411e-01
3.000000000000000000e+00,1.199999999999999956e+00,-6.397921442985534668e-01,1.412048637866973877e-01,-1.412048637866973877e-01
3.000000000000000000e+00,1.199999999999999956e+00,-6.329072713851928711e-01,1.411408036947250366e-01,-1.411408036947250366e-01
3.000000000000000000e+00,1.199999999999999956e+00,-6.260223388671875000e-01,1.410495340824127197e-01,-1.410495340824127197e-01
3.000000000000000000e+00,1.199999999999999956e+00,-6.191375255584716797e-01,1.406422555446624756e-01,-1.406422555446624756e-01
3.000000000000000000e+00,1.199999999999999956e+00,-6.122525930404663086e-01,1.407421231269836426e-01,-1.407421231269836426e-01
3.000000000000000000e+00,1.199999999999999956e+00,-6.053677797317504883e-01,1.409634351730346680e-01,-1.409634351730346680e-01
3.000000000000000000e+00,1.199999999999999956e+00,-5.984828472137451172e-01,1.411502063274383545e-01,-1.411502063274383545e-01
3.000000000000000000e+00,1.199999999999999956e+00,-5.915980339050292969e-01,1.411248743534088135e-01,-1.411248743534088135e-01
3.000000000000000000e+00,1.199999999999999956e+00,-5.847131013870239258e-01,1.409924924373626709e-01,-1.409924924373626709e-01
3.000000000000000000e+00,1.199999999999999956e+00,-5.778282880783081055e-01,1.413981616497039795e-01,-1.413981616497039795e-01
3.000000000000000000e+00,1.199999999999999956e+00,-5.709433555603027344e-01,1.405753195285797119e-01,-1.405753195285797119e-01
3.000000000000000000e+00,1.199999999999999956e+00,-5.640584826469421387e-01,1.411263793706893921e-01,-1.411263793706893921e-01
3.000000000000000000e+00,1.199999999999999956e+00,-5.571736097335815430e-01,1.408032476902008057e-01,-1.408032476902008057e-01
3.000000000000000000e+00,1.199999999999999956e+00,-5.502886772155761719e-01,1.404174715280532837e-01,-1.404174715280532837e-01
3.000000000000000000e+00,1.199999999999999956e+00,-5.434038639068603516e-01,1.413735449314117432e-01,-1.413735449314117432e-01
3.000000000000000000e+00,1.199999999999999956e+00,-5.365189313888549805e-01,1.410564184188842773e-01,-1.410564184188842773e-01
3.000000000000000000e+00,1.199999999999999956e+00,-5.296341180801391602e-01,1.413932293653488159e-01,-1.413932293653488159e-01
3.000000000000000000e+00,1.199999999999999956e+00,-5.227491855621337891e-01,1.406085044145584106e-01,-1.406085044145584106e-01
3.000000000000000000e+00,1.199999999999999956e+00,-5.158643722534179688e-01,1.409053057432174683e-01,-1.409053057432174683e-01
3.000000000000000000e+00,1.199999999999999956e+00,-5.089794397354125977e-01,1.407702863216400146e-01,-1.407702863216400146e-01
3.000000000000000000e+00,1.199999999999999956e+00,-5.020946264266967773e-01,1.413208991289138794e-01,-1.413208991289138794e-01
3.000000000000000000e+00,1.199999999999999956e+00,-4.952097237110137939e-01,1.409018486738204956e-01,-1.409018486738204956e-01
3.000000000000000000e+00,1.199999999999999956e+00,-4.883248507976531982e-01,1.409670561552047729e-01,-1.409670561552047729e-01
3.000000000000000000e+00,1.199999999999999956e+00,-4.814399778842926025e-01,1.408376544713973999e-01,-1.408376544713973999e-01
3.000000000000000000e+00,1.199999999999999956e+00,-4.745550751686096191e-01,1.406375169754028320e-01,-1.406375169754028320e-01
3.000000000000000000e+00,1.199999999999999956e+00,-4.676702022552490234e-01,1.407878845930099487e-01,-1.407878845930099487e-01
3.000000000000000000e+00,1.199999999999999956e+00,-4.607853293418884277e-01,1.405936777591705322e-01,-1.405936777591705322e-01
3.000000000000000000e+00,1.199999999999999956e+00,-4.539004564285278320e-01,1.405378580093383789e-01,-1.405378580093383789e-01
3.000000000000000000e+00,1.199999999999999956e+00,-4.470155835151672363e-01,1.408290714025497437e-01,-1.408290714025497437e-01
3.000000000000000000e+00,1.199999999999999956e+00,-4.401306509971618652e-01,1.408158838748931885e-01,-1.408158838748931885e-01
3.000000000000000000e+00,1.199999999999999956e+00,-4.332457780838012695e-01,1.410070657730102539e-01,-1.410070657730102539e-01
3.000000000000000000e+00,1.199999999999999956e+00,-4.263609051704406738e-01,1.408235728740692139e-01,-1.408235728740692139e-01
3.000000000000000000e+00,1.199999999999999956e+00,-4.194760322570800781e-01,1.408487558364868164e-01,-1.408487558364868164e-01
3.000000000000000000e+00,1.199999999999999956e+00,-4.125911593437194824e-01,1.412784904241561890e-01,-1.412784904241561890e-01
3.000000000000000000e+00,1.199999999999999956e+00,-4.057062864303588867e-01,1.411400139331817627e-01,-1.411400139331817627e-01
3.000000000000000000e+00,1.199999999999999956e+00,-3.988214135169982910e-01,1.409146636724472046e-01,-1.409146636724472046e-01
3.000000000000000000e+00,1.199999999999999956e+00,-3.919365406036376953e-01,1.403957158327102661e-01,-1.403957158327102661e-01
3.000000000000000000e+00,1.199999999999999956e+00,-3.850516676902770996e-01,1.404416561126708984e-01,-1.404416561126708984e-01
3.000000000000000000e+00,1.199999999999999956e+00,-3.781667947769165039e-01,1.403651833534240723e-01,-1.403651833534240723e-01
3.000000000000000000e+00,1.199999999999999956e+00,-3.712819218635559082e-01,1.406460702419281006e-01,-1.406460702419281006e-01
3.000000000000000000e+00,1.199999999999999956e+00,-3.643969893455505371e-01,1.402853429317474365e-01,-1.402853429317474365e-01
3.000000000000000000e+00,1.199999999999999956e+00,-3.575121164321899414e-01,1.403560042381286621e-01,-1.403560042381286621e-01
3.000000000000000000e+00,1.199999999999999956e+00,-3.506272435188293457e-01,1.408826559782028198e-01,-1.408826559782028198e-01
3.000000000000000000e+00,1.199999999999999956e+00,-3.437423706054687500e-01,1.403894424438476562e-01,-1.403894424438476562e-01
3.000000000000000000e+00,1.199999999999999956e+00,-3.368574976921081543e-01,1.405276954174041748e-01,-1.405276954174041748e-01
3.000000000000000000e+00,1.199999999999999956e+00,-3.299726247787475586e-01,1.409336477518081665e-01,-1.409336477518081665e-01
3.000000000000000000e+00,1.199999999999999956e+00,-3.230877518653869629e-01,1.404692828655242920e-01,-1.404692828655242920e-01
3.000000000000000000e+00,1.199999999999999956e+00,-3.162028789520263672e-01,1.402891576290130615e-01,-1.402891576290130615e-01
3.000000000000000000e+00,1.199999999999999956e+00,-3.093180060386657715e-01,1.402223706245422363e-01,-1.402223706245422363e-01
3.000000000000000000e+00,1.199999999999999956e+00,-3.024331331253051758e-01,1.388835459947586060e-01,-1.388835459947586060e-01
3.000000000000000000e+00,1.199999999999999956e+00,-2.955482602119445801e-01,1.396875530481338501e-01,-1.396875530481338501e-01
3.000000000000000000e+00,1.199999999999999956e+00,-2.886633872985839844e-01,1.392492800951004028e-01,-1.392492800951004028e-01
3.000000000000000000e+00,1.199999999999999956e+00,-2.817785143852233887e-01,1.389071196317672729e-01,-1.389071196317672729e-01
3.000000000000000000e+00,1.199999999999999956e+00,-2.748935818672180176e-01,1.388677805662155151e-01,-1.388677805662155151e-01
3.000000000000000000e+00,1.199999999999999956e+00,-2.680087089538574219e-01,1.391648501157760620e-01,-1.391648501157760620e-01
3.000000000000000000e+00,1.199999999999999956e+00,-2.611238360404968262e-01,1.393062025308609009e-01,-1.393062025308609009e-01
3.000000000000000000e+00,1.199999999999999956e+00,-2.542389631271362305e-01,1.388969421386718750e-01,-1.388969421386718750e-01
3.000000000000000000e+00,1.199999999999999956e+00,-2.473540902137756348e-01,1.376772522926330566e-01,-1.376772522926330566e-01
3.000000000000000000e+00,1.199999999999999956e+00,-2.404692173004150391e-01,1.409192681312561035e-01,-1.409192681312561035e-01
3.000000000000000000e+00,1.199999999999999956e+00,-2.335843443870544434e-01,1.404041200876235962e-01,-1.404041200876235962e-01
3.000000000000000000e+00,1.199999999999999956e+00,-2.266994714736938477e-01,1.399198919534683228e-01,-1.399198919534683228e-01
3.000000000000000000e+00,1.199999999999999956e+00,-2.198145985603332520e-01,1.405976563692092896e-01,-1.405976563692092896e-01
3.000000000000000000e+00,1.199999999999999956e+00,-2.129297256469726562e-01,1.376316249370574951e-01,-1.376316249370574951e-01
3.000000000000000000e+00,1.199999999999999956e+00,-2.060448527336120605e-01,1.391804069280624390e-01,-1.391804069280624390e-01
3.000000000000000000e+00,1.199999999999999956e+00,-1.991599202156066895e-01,1.396085321903228760e-01,-1.396085321903228760e-01
3.000000000000000000e+00,1.199999999999999956e+00,-1.922750473022460938e-01,1.366499215364456177e-01,-1.366499215364456177e-01
3.000000000000000000e+00,1.199999999999999956e+00,-1.853901743888854980e-01,1.389897316694259644e-01,-1.389897316694259644e-01
3.000000000000000000e+00,1.199999999999999956e+00,-1.785053014755249023e-01,1.381376236677169800e-01,-1.381376236677169800e-01
3.000000000000000000e+00,1.199999999999999956e+00,-1.716204285621643066e-01,1.367025524377822876e-01,-1.367025524377822876e-01
3.000000000000000000e+00,1.199999999999999956e+00,-1.647355556488037109e-01,1.391595453023910522e-01,-1.391595453023910522e-01
3.000000000000000000e+00,1.199999999999999956e+00,-1.578506827354431152e-01,1.369998455047607422e-01,-1.369998455047607422e-01
3.000000000000000000e+00,1.199999999999999956e+00,-1.509658098220825195e-01,1.367552280426025391e-01,-1.367552280426025391e-01
3.000000000000000000e+00,1.199999999999999956e+00,-1.440809369087219238e-01,1.383424848318099976e-01,-1.383424848318099976e-01
3.000000000000000000e+00,1.199999999999999956e+00,-1.371960639953613281e-01,1.372778713703155518e-01,-1.372778713703155518e-01
3.000000000000000000e+00,1.199999999999999956e+00,-1.303111910820007324e-01,1.374325156211853027e-01,-1.374325156211853027e-01
3.000000000000000000e+00,1.199999999999999956e+00,-1.234262585639953613e-01,1.387604475021362305e-01,-1.387604475021362305e-01
3.000000000000000000e+00,1.199999999999999956e+00,-1.165413856506347656e-01,1.366606354713439941e-01,-1.366606354713439941e-01
3.000000000000000000e+00,1.199999999999999956e+00,-1.096565127372741699e-01,1.370484381914138794e-01,-1.370484381914138794e-01
3.000000000000000000e+00,1.199999999999999956e+00,-1.027716398239135742e-01,1.370228826999664307e-01,-1.370228826999664307e-01
3.000000000000000000e+00,1.199999999999999956e+00,-9.588676691055297852e-02,1.367323696613311768e-01,-1.367323696613311768e-01
3.000000000000000000e+00,1.199999999999999956e+00,-8.900189399719238281e-02,1.371672004461288452e-01,-1.371672004461288452e-01
3.000000000000000000e+00,1.199999999999999956e+00,-8.211702108383178711e-02,1.374216228723526001e-01,-1.374216228723526001e-01
3.000000000000000000e+00,1.199999999999999956e+00,-7.523214817047119141e-02,1.367537677288055420e-01,-1.367537677288055420e-01
3.000000000000000000e+00,1.199999999999999956e+00,-6.834727525711059570e-02,1.376290321350097656e-01,-1.376290321350097656e-01
3.000000000000000000e+00,1.199999999999999956e+00,-6.146240234375000000e-02,1.368777304887771606e-01,-1.368777304887771606e-01
3.000000000000000000e+00,1.199999999999999956e+00,-5.457752943038940430e-02,1.373502463102340698e-01,-1.373502463102340698e-01
3.000000000000000000e+00,1.199999999999999956e+00,-4.769265651702880859e-02,1.377132982015609741e-01,-1.377132982015609741e-01
3.000000000000000000e+00,1.199999999999999956e+00,-4.080778360366821289e-02,1.367723345756530762e-01,-1.367723345756530762e-01
3.000000000000000000e+00,1.199999999999999956e+00,-3.392285108566284180e-02,1.381558179855346680e-01,-1.381558179855346680e-01
3.000000000000000000e+00,1.199999999999999956e+00,-2.703797817230224609e-02,1.371941268444061279e-01,-1.371941268444061279e-01
3.000000000000000000e+00,1.199999999999999956e+00,-2.015310525894165039e-02,1.369773149490356445e-01,-1.369773149490356445e-01
3.000000000000000000e+00,1.199999999999999956e+00,-1.326823234558105469e-02,1.370978653430938721e-01,-1.370978653430938721e-01
3.000000000000000000e+00,1.199999999999999956e+00,-6.383359432220458984e-03,1.372212916612625122e-01,-1.372212916612625122e-01
3.000000000000000000e+00,1.199999999999999956e+00,5.015134811401367188e-04,1.373122930526733398e-01,-1.373122930526733398e-01
3.000000000000000000e+00,1.199999999999999956e+00,7.386386394500732422e-03,1.382963359355926514e-01,-1.382963359355926514e-01
3.000000000000000000e+00,1.199999999999999956e+00,1.427125930786132812e-02,1.390582621097564697e-01,-1.390582621097564697e-01
3.000000000000000000e+00,1.199999999999999956e+00,2.115613222122192383e-02,1.527308076620101929e-01,-1.527308076620101929e-01
3.000000000000000000e+00,1.199999999999999956e+00,2.804100513458251953e-02,1.925532817840576172e-01,-1.925532817840576172e-01
3.000000000000000000e+00,1.199999999999999956e+00,3.492587804794311523e-02,1.970727294683456421e-01,-1.970727294683456421e-01
3.000000000000000000e+00,1.199999999999999956e+00,4.181081056594848633e-02,2.075270414352416992e-01,-2.075270414352416992e-01
3.000000000000000000e+00,1.199999999999999956e+00,4.869568347930908203e-02,2.093965113162994385e-01,-2.093965113162994385e-01
3.000000000000000000e+00,1.199999999999999956e+00,5.558055639266967773e-02,2.121741026639938354e-01,-2.121741026639938354e-01
3.000000000000000000e+00,1.199999999999999956e+00,6.246542930603027344e-02,2.139451652765274048e-01,-2.139451652765274048e-01
3.000000000000000000e+00,1.199999999999999956e+00,6.935030221939086914e-02,2.190877795219421387e-01,-2.190877795219421387e-01
3.000000000000000000e+00,1.199999999999999956e+00,7.623517513275146484e-02,2.181712090969085693e-01,-2.181712090969085693e-01
3.000000000000000000e+00,1.199999999999999956e+00,8.312004804611206055e-02,2.213646173477172852e-01,-2.213646173477172852e-01
3.000000000000000000e+00,1.199999999999999956e+00,9.000492095947265625e-02,2.217464894056320190e-01,-2.217464894056320190e-01
3.000000000000000000e+00,1.199999999999999956e+00,9.688979387283325195e-02,2.209767103195190430e-01,-2.209767103195190430e-01
3.000000000000000000e+00,1.199999999999999956e+00,1.037746667861938477e-01,2.194938659667968750e-01,-2.194938659667968750e-01
3.000000000000000000e+00,1.199999999999999956e+00,1.106595396995544434e-01,2.187841534614562988e-01,-2.187841534614562988e-01
3.000000000000000000e+00,1.199999999999999956e+00,1.175444722175598145e-01,2.159383445978164673e-01,-2.159383445978164673e-01
3.000000000000000000e+00,1.199999999999999956e+00,1.244293451309204102e-01,2.148146927356719971e-01,-2.148146927356719971e-01
3.000000000000000000e+00,1.199999999999999956e+00,1.313142180442810059e-01,2.104694694280624390e-01,-2.104694694280624390e-01
3.000000000000000000e+00,1.199999999999999956e+00,1.381990909576416016e-01,2.058720737695693970e-01,-2.058720737695693970e-01
3.000000000000000000e+00,1.199999999999999956e+00,1.450839638710021973e-01,2.035508900880813599e-01,-2.035508900880813599e-01
3.000000000000000000e+00,1.199999999999999956e+00,1.519688367843627930e-01,1.982205659151077271e-01,-1.982205659151077271e-01
3.000000000000000000e+00,1.199999999999999956e+00,1.588537096977233887e-01,1.921756714582443237e-01,-1.921756714582443237e-01
3.000000000000000000e+00,1.199999999999999956e+00,1.657385826110839844e-01,1.840447038412094116e-01,-1.840447038412094116e-01
3.000000000000000000e+00,1.199999999999999956e+00,1.726234555244445801e-01,1.796325445175170898e-01,-1.796325445175170898e-01
3.000000000000000000e+00,1.199999999999999956e+00,1.795083284378051758e-01,1.708081960678100586e-01,-1.708081960678100586e-01
3.000000000000000000e+00,1.199999999999999956e+00,1.863932013511657715e-01,1.596691012382507324e-01,-1.596691012382507324e-01
3.000000000000000000e+00,1.199999999999999956e+00,1.932780742645263672e-01,1.517495810985565186e-01,-1.517495810985565186e-01
3.000000000000000000e+00,1.199999999999999956e+00,2.001629471778869629e-01,1.399708837270736694e-01,-1.399708837270736694e-01
3.000000000000000000e+00,1.199999999999999956e+00,2.070478796958923340e-01,1.292621940374374390e-01,-1.292621940374374390e-01
3.000000000000000000e+00,1.199999999999999956e+00,2.139327526092529297e-01,1.137833148241043091e-01,-1.137833148241043091e-01
3.000000000000000000e+00,1.199999999999999956e+00,2.208176255226135254e-01,8.902236819267272949e-02,-8.902236819267272949e-02
3.000000000000000000e+00,1.199999999999999956e+00,2.277024984359741211e-01,7.693549990653991699e-02,-7.693549990653991699e-02
3.000000000000000000e+00,1.199999999999999956e+00,2.345873862504959106e-01,5.488464608788490295e-02,-5.488464608788490295e-02
3.800000000000000266e+00,2.000000000000000000e+00,-1.477864861488342285e+00,1.177628487348556519e-01,-1.177628487348556519e-01
3.800000000000000266e+00,2.000000000000000000e+00,-1.470796942710876465e+00,1.255765408277511597e-01,-1.255765408277511597e-01
3.800000000000000266e+00,2.000000000000000000e+00,-1.463728904724121094e+00,1.358457505702972412e-01,-1.358457505702972412e-01
3.800000000000000266e+00,2.000000000000000000e+00,-1.456660985946655273e+00,1.358669102191925049e-01,-1.358669102191925049e-01
3.800000000000000266e+00,2.000000000000000000e+00,-1.449593067169189453e+00,1.376523375511169434e-01,-1.376523375511169434e-01
3.800000000000000266e+00,2.000000000000000000e+00,-1.442525148391723633e+00,1.375428140163421631e-01,-1.375428140163421631e-01
3.800000000000000266e+00,2.000000000000000000e+00,-1.435457229614257812e+00,1.392483413219451904e-01,-1.392483413219451904e-01
3.800000000000000266e+00,2.000000000000000000e+00,-1.428389310836791992e+00,1.449297368526458740e-01,-1.449297368526458740e-01
3.800000000000000266e+00,2.000000000000000000e+00,-1.421321272850036621e+00,1.430006623268127441e-01,-1.430006623268127441e-01
3.800000000000000266e+00,2.000000000000000000e+00,-1.414253354072570801e+00,1.473436206579208374e-01,-1.473436206579208374e-01
3.800000000000000266e+00,2.000000000000000000e+00,-1.407185435295104980e+00,1.466627717018127441e-01,-1.466627717018127441e-01
3.800000000000000266e+00,2.000000000000000000e+00,-1.400117516517639160e+00,1.462189257144927979e-01,-1.462189257144927979e-01
3.800000000000000266e+00,2.000000000000000000e+00,-1.393049478530883789e+00,1.464931815862655640e-01,-1.464931815862655640e-01
3.800000000000000266e+00,2.000000000000000000e+00,-1.385981559753417969e+00,1.453028768301010132e-01,-1.453028768301010132e-01
3.800000000000000266e+00,2.000000000000000000e+00,-1.378913640975952148e+00,1.412300467491149902e-01,-1.412300467491149902e-01
3.800000000000000266e+00,2.000000000000000000e+00,-1.371845722198486328e+00,1.476318687200546265e-01,-1.476318687200546265e-01
3.800000000000000266e+00,2.000000000000000000e+00,-1.364777803421020508e+00,1.413156241178512573e-01,-1.413156241178512573e-01
3.800000000000000266e+00,2.000000000000000000e+00,-1.357709884643554688e+00,1.477876305580139160e-01,-1.477876305580139160e-01
3.800000000000000266e+00,2.000000000000000000e+00,-1.350641846656799316e+00,1.425789594650268555e-01,-1.425789594650268555e-01
3.800000000000000266e+00,2.000000000000000000e+00,-1.343573927879333496e+00,1.441087424755096436e-01,-1.441087424755096436e-01
3.800000000000000266e+00,2.000000000000000000e+00,-1.336506009101867676e+00,1.485187560319900513e-01,-1.485187560319900513e-01
3.800000000000000266e+00,2.000000000000000000e+00,-1.329438090324401855e+00,1.419223546981811523e-01,-1.419223546981811523e-01
3.800000000000000266e+00,2.000000000000000000e+00,-1.322370052337646484e+00,1.440563052892684937e-01,-1.440563052892684937e-01
3.800000000000000266e+00,2.000000000000000000e+00,-1.315302133560180664e+00,1.477711200714111328e-01,-1.477711200714111328e-01
3.800000000000000266e+00,2.000000000000000000e+00,-1.308234214782714844e+00,1.418831795454025269e-01,-1.418831795454025269e-01
3.800000000000000266e+00,2.000000000000000000e+00,-1.301166296005249023e+00,1.409653872251510620e-01,-1.409653872251510620e-01
3.800000000000000266e+00,2.000000000000000000e+00,-1.294098377227783203e+00,1.431867629289627075e-01,-1.431867629289627075e-01
3.800000000000000266e+00,2.000000000000000000e+00,-1.287030458450317383e+00,1.424750983715057373e-01,-1.424750983715057373e-01
3.800000000000000266e+00,2.000000000000000000e+00,-1.279962420463562012e+00,1.465154737234115601e-01,-1.465154737234115601e-01
3.800000000000000266e+00,2.000000000000000000e+00,-1.272894501686096191e+00,1.414529234170913696e-01,-1.414529234170913696e-01
3.800000000000000266e+00,2.000000000000000000e+00,-1.265826582908630371e+00,1.435122191905975342e-01,-1.435122191905975342e-01
3.800000000000000266e+00,2.000000000000000000e+00,-1.258758664131164551e+00,1.424377560615539551e-01,-1.424377560615539551e-01
3.800000000000000266e+00,2.000000000000000000e+00,-1.251690626144409180e+00,1.422332972288131714e-01,-1.422332972288131714e-01
3.800000000000000266e+00,2.000000000000000000e+00,-1.244622707366943359e+00,1.448514014482498169e-01,-1.448514014482498169e-01
3.800000000000000266e+00,2.000000000000000000e+00,-1.237554788589477539e+00,1.419733017683029175e-01,-1.419733017683029175e-01
3.800000000000000266e+00,2.000000000000000000e+00,-1.230486869812011719e+00,1.435949504375457764e-01,-1.435949504375457764e-01
3.800000000000000266e+00,2.000000000000000000e+00,-1.223418951034545898e+00,1.457547545433044434e-01,-1.457547545433044434e-01
3.800000000000000266e+00,2.000000000000000000e+00,-1.216351032257080078e+00,1.419796645641326904e-01,-1.419796645641326904e-01
3.800000000000000266e+00,2.000000000000000000e+00,-1.209282994270324707e+00,1.419806778430938721e-01,-1.419806778430938721e-01
3.800000000000000266e+00,2.000000000000000000e+00,-1.202215075492858887e+00,1.422708928585052490e-01,-1.422708928585052490e-01
3.800000000000000266e+00,2.000000000000000000e+00,-1.195147156715393066e+00,1.418506503105163574e-01,-1.418506503105163574e-01
3.800000000000000266e+00,2.000000000000000000e+00,-1.188079237937927246e+00,1.434254944324493408e-01,-1.434254944324493408e-01
3.800000000000000266e+00,2.000000000000000000e+00,-1.181011319160461426e+00,1.413507908582687378e-01,-1.413507908582687378e-01
3.800000000000000266e+00,2.000000000000000000e+00,-1.173943281173706055e+00,1.438722461462020874e-01,-1.438722461462020874e-01
3.800000000000000266e+00,2.000000000000000000e+00,-1.166875362396240234e+00,1.424874812364578247e-01,-1.424874812364578247e-01
3.800000000000000266e+00,2.000000000000000000e+00,-1.159807443618774414e+00,1.421791613101959229e-01,-1.421791613101959229e-01
3.800000000000000266e+00,2.000000000000000000e+00,-1.152739524841308594e+00,1.461086124181747437e-01,-1.461086124181747437e-01
3.800000000000000266e+00,2.000000000000000000e+00,-1.145671606063842773e+00,1.409748643636703491e-01,-1.409748643636703491e-01
3.800000000000000266e+00,2.000000000000000000e+00,-1.138603568077087402e+00,1.414861381053924561e-01,-1.414861381053924561e-01
3.800000000000000266e+00,2.000000000000000000e+00,-1.131535649299621582e+00,1.420717686414718628e-01,-1.420717686414718628e-01
3.800000000000000266e+00,2.000000000000000000e+00,-1.124467730522155762e+00,1.416645348072052002e-01,-1.416645348072052002e-01
3.800000000000000266e+00,2.000000000000000000e+00,-1.117399811744689941e+00,1.429155319929122925e-01,-1.429155319929122925e-01
3.800000000000000266e+00,2.000000000000000000e+00,-1.110331892967224121e+00,1.407779008150100708e-01,-1.407779008150100708e-01
3.800000000000000266e+00,2.000000000000000000e+00,-1.103263854980468750e+00,1.412252783775329590e-01,-1.412252783775329590e-01
3.800000000000000266e+00,2.000000000000000000e+00,-1.096195936203002930e+00,1.409019380807876587e-01,-1.409019380807876587e-01
3.800000000000000266e+00,2.000000000000000000e+00,-1.089128017425537109e+00,1.411276459693908691e-01,-1.411276459693908691e-01
3.800000000000000266e+00,2.000000000000000000e+00,-1.082060098648071289e+00,1.416859179735183716e-01,-1.416859179735183716e-01
3.800000000000000266e+00,2.000000000000000000e+00,-1.074992179870605469e+00,1.418773680925369263e-01,-1.418773680925369263e-01
3.800000000000000266e+00,2.000000000000000000e+00,-1.067924141883850098e+00,1.408138275146484375e-01,-1.408138275146484375e-01
3.800000000000000266e+00,2.000000000000000000e+00,-1.060856223106384277e+00,1.410445123910903931e-01,-1.410445123910903931e-01
3.800000000000000266e+00,2.000000000000000000e+00,-1.053788304328918457e+00,1.411702036857604980e-01,-1.411702036857604980e-01
3.800000000000000266e+00,2.000000000000000000e+00,-1.046720385551452637e+00,1.414739787578582764e-01,-1.414739787578582764e-01
3.800000000000000266e+00,2.000000000000000000e+00,-1.039652466773986816e+00,1.411128640174865723e-01,-1.411128640174865723e-01
3.800000000000000266e+00,2.000000000000000000e+00,-1.032584428787231445e+00,1.413413584232330322e-01,-1.413413584232330322e-01
3.800000000000000266e+00,2.000000000000000000e+00,-1.025516510009765625e+00,1.412762254476547241e-01,-1.412762254476547241e-01
3.800000000000000266e+00,2.000000000000000000e+00,-1.018448591232299805e+00,1.414183080196380615e-01,-1.414183080196380615e-01
3.800000000000000266e+00,2.000000000000000000e+00,-1.011380672454833984e+00,1.406845301389694214e-01,-1.406845301389694214e-01
3.800000000000000266e+00,2.000000000000000000e+00,-1.004312753677368164e+00,1.409713923931121826e-01,-1.409713923931121826e-01
3.800000000000000266e+00,2.000000000000000000e+00,-9.972447156906127930e-01,1.412561386823654175e-01,-1.412561386823654175e-01
3.800000000000000266e+00,2.000000000000000000e+00,-9.901767969131469727e-01,1.415435224771499634e-01,-1.415435224771499634e-01
3.800000000000000266e+00,2.000000000000000000e+00,-9.831088781356811523e-01,1.419585794210433960e-01,-1.419585794210433960e-01
3.800000000000000266e+00,2.000000000000000000e+00,-9.760409593582153320e-01,1.420449912548065186e-01,-1.420449912548065186e-01
3.800000000000000266e+00,2.000000000000000000e+00,-9.689729809761047363e-01,1.410095989704132080e-01,-1.410095989704132080e-01
3.800000000000000266e+00,2.000000000000000000e+00,-9.619050621986389160e-01,1.405777931213378906e-01,-1.405777931213378906e-01
3.800000000000000266e+00,2.000000000000000000e+00,-9.548370838165283203e-01,1.410863101482391357e-01,-1.410863101482391357e-01
3.800000000000000266e+00,2.000000000000000000e+00,-9.477691650390625000e-01,1.411635875701904297e-01,-1.411635875701904297e-01
3.800000000000000266e+00,2.000000000000000000e+00,-9.407012462615966797e-01,1.409430354833602905e-01,-1.409430354833602905e-01
3.800000000000000266e+00,2.000000000000000000e+00,-9.336332678794860840e-01,1.406393349170684814e-01,-1.406393349170684814e-01
3.800000000000000266e+00,2.000000000000000000e+00,-9.265653491020202637e-01,1.414912194013595581e-01,-1.414912194013595581e-01
3.800000000000000266e+00,2.000000000000000000e+00,-9.194973707199096680e-01,1.406127214431762695e-01,-1.406127214431762695e-01
3.800000000000000266e+00,2.000000000000000000e+00,-9.124294519424438477e-01,1.415456533432006836e-01,-1.415456533432006836e-01
3.800000000000000266e+00,2.000000000000000000e+00,-9.053615331649780273e-01,1.406853199005126953e-01,-1.406853199005126953e-01
3.800000000000000266e+00,2.000000000000000000e+00,-8.982935547828674316e-01,1.411244869232177734e-01,-1.411244869232177734e-01
3.800000000000000266e+00,2.000000000000000000e+00,-8.912256360054016113e-01,1.411543041467666626e-01,-1.411543041467666626e-01
3.800000000000000266e+00,2.000000000000000000e+00,-8.841576576232910156e-01,1.411186009645462036e-01,-1.411186009645462036e-01
3.800000000000000266e+00,2.000000000000000000e+00,-8.770897388458251953e-01,1.405638009309768677e-01,-1.405638009309768677e-01
3.800000000000000266e+00,2.000000000000000000e+00,-8.700218200683593750e-01,1.414393335580825806e-01,-1.414393335580825806e-01
3.800000000000000266e+00,2.000000000000000000e+00,-8.629538416862487793e-01,1.411219090223312378e-01,-1.411219090223312378e-01
3.800000000000000266e+00,2.000000000000000000e+00,-8.558859229087829590e-01,1.411436349153518677e-01,-1.411436349153518677e-01
3.800000000000000266e+00,2.000000000000000000e+00,-8.488179445266723633e-01,1.414436250925064087e-01,-1.414436250925064087e-01
3.800000000000000266e+00,2.000000000000000000e+00,-8.417500257492065430e-01,1.411520838737487793e-01,-1.411520838737487793e-01
3.800000000000000266e+00,2.000000000000000000e+00,-8.346821069717407227e-01,1.418005079030990601e-01,-1.418005079030990601e-01
3.800000000000000266e+00,2.000000000000000000e+00,-8.276141285896301270e-01,1.410338580608367920e-01,-1.410338580608367920e-01
3.800000000000000266e+00,2.000000000000000000e+00,-8.205462098121643066e-01,1.412105262279510498e-01,-1.412105262279510498e-01
3.800000000000000266e+00,2.000000000000000000e+00,-8.134782314300537109e-01,1.409376859664916992e-01,-1.409376859664916992e-01
3.800000000000000266e+00,2.000000000000000000e+00,-8.064103126525878906e-01,1.410876512527465820e-01,-1.410876512527465820e-01
3.800000000000000266e+00,2.000000000000000000e+00,-7.993423938751220703e-01,1.415177732706069946e-01,-1.415177732706069946e-01
3.800000000000000266e+00,2.000000000000000000e+00,-7.922744154930114746e-01,1.412395387887954712e-01,-1.412395387887954712e-01
3.800000000000000266e+00,2.000000000000000000e+00,-7.852064967155456543e-01,1.414465010166168213e-01,-1.414465010166168213e-01
3.800000000000000266e+00,2.000000000000000000e+00,-7.781385183334350586e-01,1.415751576423645020e-01,-1.415751576423645020e-01
3.800000000000000266e+00,2.000000000000000000e+00,-7.710705995559692383e-01,1.411466747522354126e-01,-1.411466747522354126e-01
3.800000000000000266e+00,2.000000000000000000e+00,-7.640026807785034180e-01,1.409919261932373047e-01,-1.409919261932373047e-01
3.800000000000000266e+00,2.000000000000000000e+00,-7.569347023963928223e-01,1.404903531074523926e-01,-1.404903531074523926e-01
3.800000000000000266e+00,2.000000000000000000e+00,-7.498667836189270020e-01,1.405990570783615112e-01,-1.405990570783615112e-01
3.800000000000000266e+00,2.000000000000000000e+00,-7.427988052368164062e-01,1.405294835567474365e-01,-1.405294835567474365e-01
3.800000000000000266e+00,2.000000000000000000e+00,-7.357308864593505859e-01,1.411228626966476440e-01,-1.411228626966476440e-01
3.800000000000000266e+00,2.000000000000000000e+00,-7.286629676818847656e-01,1.412868648767471313e-01,-1.412868648767471313e-01
3.800000000000000266e+00,2.000000000000000000e+00,-7.215949892997741699e-01,1.407352089881896973e-01,-1.407352089881896973e-01
3.800000000000000266e+00,2.000000000000000000e+00,-7.145270705223083496e-01,1.406760811805725098e-01,-1.406760811805725098e-01
3.800000000000000266e+00,2.000000000000000000e+00,-7.074590921401977539e-01,1.405819058418273926e-01,-1.405819058418273926e-01
3.800000000000000266e+00,2.000000000000000000e+00,-7.003911733627319336e-01,1.409888118505477905e-01,-1.409888118505477905e-01
3.800000000000000266e+00,2.000000000000000000e+00,-6.933232545852661133e-01,1.411299407482147217e-01,-1.411299407482147217e-01
3.800000000000000266e+00,2.000000000000000000e+00,-6.862552762031555176e-01,1.407325565814971924e-01,-1.407325565814971924e-01
3.800000000000000266e+00,2.000000000000000000e+00,-6.791873574256896973e-01,1.408230066299438477e-01,-1.408230066299438477e-01
3.800000000000000266e+00,2.000000000000000000e+00,-6.721193790435791016e-01,1.413316428661346436e-01,-1.413316428661346436e-01
3.800000000000000266e+00,2.000000000000000000e+00,-6.650514602661132812e-01,1.410561501979827881e-01,-1.410561501979827881e-01
3.800000000000000266e+00,2.000000000000000000e+00,-6.579835414886474609e-01,1.409688740968704224e-01,-1.409688740968704224e-01
3.800000000000000266e+00,2.000000000000000000e+00,-6.509155631065368652e-01,1.409617811441421509e-01,-1.409617811441421509e-01
3.800000000000000266e+00,2.000000000000000000e+00,-6.438476443290710449e-01,1.415302306413650513e-01,-1.415302306413650513e-01
3.800000000000000266e+00,2.000000000000000000e+00,-6.367796659469604492e-01,1.408200114965438843e-01,-1.408200114965438843e-01
3.800000000000000266e+00,2.000000000000000000e+00,-6.297117471694946289e-01,1.410212367773056030e-01,-1.410212367773056030e-01
3.800000000000000266e+00,2.000000000000000000e+00,-6.226438283920288086e-01,1.406281739473342896e-01,-1.406281739473342896e-01
3.800000000000000266e+00,2.000000000000000000e+00,-6.155758500099182129e-01,1.409146636724472046e-01,-1.409146636724472046e-01
3.800000000000000266e+00,2.000000000000000000e+00,-6.085079312324523926e-01,1.406187415122985840e-01,-1.406187415122985840e-01
3.800000000000000266e+00,2.000000000000000000e+00,-6.014399528503417969e-01,1.406884640455245972e-01,-1.406884640455245972e-01
3.800000000000000266e+00,2.000000000000000000e+00,-5.943720340728759766e-01,1.410645693540573120e-01,-1.410645693540573120e-01
3.800000000000000266e+00,2.000000000000000000e+00,-5.873041152954101562e-01,1.407350301742553711e-01,-1.407350301742553711e-01
3.800000000000000266e+00,2.000000000000000000e+00,-5.802361369132995605e-01,1.408449709415435791e-01,-1.408449709415435791e-01
3.800000000000000266e+00,2.000000000000000000e+00,-5.731682181358337402e-01,1.407445818185806274e-01,-1.407445818185806274e-01
3.800000000000000266e+00,2.000000000000000000e+00,-5.661002397537231445e-01,1.410498768091201782e-01,-1.410498768091201782e-01
3.800000000000000266e+00,2.000000000000000000e+00,-5.590323209762573242e-01,1.409917175769805908e-01,-1.409917175769805908e-01
3.800000000000000266e+00,2.000000000000000000e+00,-5.519644021987915039e-01,1.409173905849456787e-01,-1.409173905849456787e-01
3.800000000000000266e+00,2.000000000000000000e+00,-5.448964238166809082e-01,1.413096338510513306e-01,-1.413096338510513306e-01
3.800000000000000266e+00,2.000000000000000000e+00,-5.378285050392150879e-01,1.410139650106430054e-01,-1.410139650106430054e-01
3.800000000000000266e+00,2.000000000000000000e+00,-5.307605266571044922e-01,1.410285234451293945e-01,-1.410285234451293945e-01
3.800000000000000266e+00,2.000000000000000000e+00,-5.236926078796386719e-01,1.408293098211288452e-01,-1.408293098211288452e-01
3.800000000000000266e+00,2.000000000000000000e+00,-5.166246891021728516e-01,1.410833746194839478e-01,-1.410833746194839478e-01
3.800000000000000266e+00,2.000000000000000000e+00,-5.095567107200622559e-01,1.405668556690216064e-01,-1.405668556690216064e-01
3.800000000000000266e+00,2.000000000000000000e+00,-5.024887919425964355e-01,1.411395072937011719e-01,-1.411395072937011719e-01
3.800000000000000266e+00,2.000000000000000000e+00,-4.954208433628082275e-01,1.406914740800857544e-01,-1.406914740800857544e-01
3.800000000000000266e+00,2.000000000000000000e+00,-4.883528947830200195e-01,1.411481797695159912e-01,-1.411481797695159912e-01
3.800000000000000266e+00,2.000000000000000000e+00,-4.812849760055541992e-01,1.403530985116958618e-01,-1.403530985116958618e-01
3.800000000000000266e+00,2.000000000000000000e+00,-4.742170572280883789e-01,1.409043818712234497e-01,-1.409043818712234497e-01
3.800000000000000266e+00,2.000000000000000000e+00,-4.671490788459777832e-01,1.406430304050445557e-01,-1.406430304050445557e-01
3.800000000000000266e+00,2.000000000000000000e+00,-4.600811004638671875e-01,1.409095674753189087e-01,-1.409095674753189087e-01
3.800000000000000266e+00,2.000000000000000000e+00,-4.530131816864013672e-01,1.410976201295852661e-01,-1.410976201295852661e-01
3.800000000000000266e+00,2.000000000000000000e+00,-4.459452629089355469e-01,1.408461332321166992e-01,-1.408461332321166992e-01
3.800000000000000266e+00,2.000000000000000000e+00,-4.388773441314697266e-01,1.414106488227844238e-01,-1.414106488227844238e-01
3.800000000000000266e+00,2.000000000000000000e+00,-4.318093657493591309e-01,1.410720199346542358e-01,-1.410720199346542358e-01
3.800000000000000266e+00,2.000000000000000000e+00,-4.247413873672485352e-01,1.413816362619400024e-01,-1.413816362619400024e-01
3.800000000000000266e+00,2.000000000000000000e+00,-4.176734685897827148e-01,1.410582959651947021e-01,-1.410582959651947021e-01
3.800000000000000266e+00,2.000000000000000000e+00,-4.106055498123168945e-01,1.409537792205810547e-01,-1.409537792205810547e-01
3.800000000000000266e+00,2.000000000000000000e+00,-4.035376310348510742e-01,1.408933103084564209e-01,-1.408933103084564209e-01
3.800000000000000266e+00,2.000000000000000000e+00,-3.964696526527404785e-01,1.409024745225906372e-01,-1.409024745225906372e-01
3.800000000000000266e+00,2.000000000000000000e+00,-3.894016742706298828e-01,1.402219831943511963e-01,-1.402219831943511963e-01
3.800000000000000266e+00,2.000000000000000000e+00,-3.823337554931640625e-01,1.406755596399307251e-01,-1.406755596399307251e-01
3.800000000000000266e+00,2.000000000000000000e+00,-3.752658367156982422e-01,1.405940651893615723e-01,-1.405940651893615723e-01
3.800000000000000266e+00,2.000000000000000000e+00,-3.681979179382324219e-01,1.408382952213287354e-01,-1.408382952213287354e-01
3.800000000000000266e+00,2.000000000000000000e+00,-3.611299395561218262e-01,1.407130956649780273e-01,-1.407130956649780273e-01
3.800000000000000266e+00,2.000000000000000000e+00,-3.540619611740112305e-01,1.408421546220779419e-01,-1.408421546220779419e-01
3.800000000000000266e+00,2.000000000000000000e+00,-3.469940423965454102e-01,1.404955387115478516e-01,-1.404955387115478516e-01
3.800000000000000266e+00,2.000000000000000000e+00,-3.399261236190795898e-01,1.411930322647094727e-01,-1.411930322647094727e-01
3.800000000000000266e+00,2.000000000000000000e+00,-3.328582048416137695e-01,1.404159218072891235e-01,-1.404159218072891235e-01
3.800000000000000266e+00,2.000000000000000000e+00,-3.257902264595031738e-01,1.405697613954544067e-01,-1.405697613954544067e-01
3.800000000000000266e+00,2.000000000000000000e+00,-3.187222480773925781e-01,1.404901593923568726e-01,-1.404901593923568726e-01
3.800000000000000266e+00,2.000000000000000000e+00,-3.116543292999267578e-01,1.409215331077575684e-01,-1.409215331077575684e-01
3.800000000000000266e+00,2.000000000000000000e+00,-3.045864105224609375e-01,1.410487592220306396e-01,-1.410487592220306396e-01
3.800000000000000266e+00,2.000000000000000000e+00,-2.975184917449951172e-01,1.408091783523559570e-01,-1.408091783523559570e-01
3.800000000000000266e+00,2.000000000000000000e+00,-2.904505133628845215e-01,1.399688720703125000e-01,-1.399688720703125000e-01
3.800000000000000266e+00,2.000000000000000000e+00,-2.833825349807739258e-01,1.399322152137756348e-01,-1.399322152137756348e-01
3.800000000000000266e+00,2.000000000000000000e+00,-2.763146162033081055e-01,1.401383727788925171e-01,-1.401383727788925171e-01
3.800000000000000266e+00,2.000000000000000000e+00,-2.692466974258422852e-01,1.400882899761199951e-01,-1.400882899761199951e-01
3.800000000000000266e+00,2.000000000000000000e+00,-2.621787786483764648e-01,1.388671547174453735e-01,-1.388671547174453735e-01
3.800000000000000266e+00,2.000000000000000000e+00,-2.551108002662658691e-01,1.399327963590621948e-01,-1.399327963590621948e-01
3.800000000000000266e+00,2.000000000000000000e+00,-2.480428218841552734e-01,1.395795196294784546e-01,-1.395795196294784546e-01
3.800000000000000266e+00,2.000000000000000000e+00,-2.409749031066894531e-01,1.401949971914291382e-01,-1.401949971914291382e-01
3.800000000000000266e+00,2.000000000000000000e+00,-2.339069843292236328e-01,1.393556445837020874e-01,-1.393556445837020874e-01
3.800000000000000266e+00,2.000000000000000000e+00,-2.268390655517578125e-01,1.405915021896362305e-01,-1.405915021896362305e-01
3.800000000000000266e+00,2.000000000000000000e+00,-2.197710871696472168e-01,1.387461572885513306e-01,-1.387461572885513306e-01
3.800000000000000266e+00,2.000000000000000000e+00,-2.127031087875366211e-01,1.406097412109375000e-01,-1.406097412109375000e-01
3.800000000000000266e+00,2.000000000000000000e+00,-2.056351900100708008e-01,1.406301259994506836e-01,-1.406301259994506836e-01
3.800000000000000266e+00,2.000000000000000000e+00,-1.985672712326049805e-01,1.408809870481491089e-01,-1.408809870481491089e-01
3.800000000000000266e+00,2.000000000000000000e+00,-1.914993524551391602e-01,1.403706371784210205e-01,-1.403706371784210205e-01
3.800000000000000266e+00,2.000000000000000000e+00,-1.844313740730285645e-01,1.380520462989807129e-01,-1.380520462989807129e-01
3.800000000000000266e+00,2.000000000000000000e+00,-1.773633956909179688e-01,1.386762410402297974e-01,-1.386762410402297974e-01
3.800000000000000266e+00,2.000000000000000000e+00,-1.702954769134521484e-01,1.382461786270141602e-01,-1.382461786270141602e-01
3.800000000000000266e+00,2.000000000000000000e+00,-1.632275581359863281e-01,1.380327492952346802e-01,-1.380327492952346802e-01
3.800000000000000266e+00,2.000000000000000000e+00,-1.561596393585205078e-01,1.379368901252746582e-01,-1.379368901252746582e-01
3.800000000000000266e+00,2.000000000000000000e+00,-1.490916609764099121e-01,1.378506273031234741e-01,-1.378506273031234741e-01
3.800000000000000266e+00,2.000000000000000000e+00,-1.420236825942993164e-01,1.366774290800094604e-01,-1.366774290800094604e-01
3.800000000000000266e+00,2.000000000000000000e+00,-1.349557638168334961e-01,1.380340158939361572e-01,-1.380340158939361572e-01
3.800000000000000266e+00,2.000000000000000000e+00,-1.278878450393676758e-01,1.385415494441986084e-01,-1.385415494441986084e-01
3.800000000000000266e+00,2.000000000000000000e+00,-1.208199262619018555e-01,1.377281397581100464e-01,-1.377281397581100464e-01
3.800000000000000266e+00,2.000000000000000000e+00,-1.137519478797912598e-01,1.369564831256866455e-01,-1.369564831256866455e-01
3.800000000000000266e+00,2.000000000000000000e+00,-1.066839694976806641e-01,1.387223750352859497e-01,-1.387223750352859497e-01
3.800000000000000266e+00,2.000000000000000000e+00,-9.961605072021484375e-02,1.370484381914138794e-01,-1.370484381914138794e-01
3.800000000000000266e+00,2.000000000000000000e+00,-9.254813194274902344e-02,1.394470483064651489e-01,-1.394470483064651489e-01
3.800000000000000266e+00,2.000000000000000000e+00,-8.548021316528320312e-02,1.372398138046264648e-01,-1.372398138046264648e-01
3.800000000000000266e+00,2.000000000000000000e+00,-7.841223478317260742e-02,1.371547728776931763e-01,-1.371547728776931763e-01
3.800000000000000266e+00,2.000000000000000000e+00,-7.134425640106201172e-02,1.371490955352783203e-01,-1.371490955352783203e-01
3.800000000000000266e+00,2.000000000000000000e+00,-6.427633762359619141e-02,1.371866166591644287e-01,-1.371866166591644287e-01
3.800000000000000266e+00,2.000000000000000000e+00,-5.720841884613037109e-02,1.372710168361663818e-01,-1.372710168361663818e-01
3.800000000000000266e+00,2.000000000000000000e+00,-5.014050006866455078e-02,1.376309245824813843e-01,-1.376309245824813843e-01
3.800000000000000266e+00,2.000000000000000000e+00,-4.307252168655395508e-02,1.370269954204559326e-01,-1.370269954204559326e-01
3.800000000000000266e+00,2.000000000000000000e+00,-3.600454330444335938e-02,1.381934881210327148e-01,-1.381934881210327148e-01
3.800000000000000266e+00,2.000000000000000000e+00,-2.893662452697753906e-02,1.370523124933242798e-01,-1.370523124933242798e-01
3.800000000000000266e+00,2.000000000000000000e+00,-2.186870574951171875e-02,1.377075314521789551e-01,-1.377075314521789551e-01
3.800000000000000266e+00,2.000000000000000000e+00,-1.480078697204589844e-02,1.380798518657684326e-01,-1.380798518657684326e-01
3.800000000000000266e+00,2.000000000000000000e+00,-7.732808589935302734e-03,1.388172209262847900e-01,-1.388172209262847900e-01
3.800000000000000266e+00,2.000000000000000000e+00,-6.648302078247070312e-04,1.381138265132904053e-01,-1.381138265132904053e-01
3.800000000000000266e+00,2.000000000000000000e+00,6.403088569641113281e-03,1.376391053199768066e-01,-1.376391053199768066e-01
3.800000000000000266e+00,2.000000000000000000e+00,1.347100734710693359e-02,2.030268311500549316e-01,-2.030268311500549316e-01
3.800000000000000266e+00,2.000000000000000000e+00,2.053892612457275391e-02,2.189398258924484253e-01,-2.189398258924484253e-01
3.800000000000000266e+00,2.000000000000000000e+00,2.760690450668334961e-02,2.228785306215286255e-01,-2.228785306215286255e-01
3.800000000000000266e+00,2.000000000000000000e+00,3.467488288879394531e-02,2.294890135526657104e-01,-2.294890135526657104e-01
3.800000000000000266e+00,2.000000000000000000e+00,4.174280166625976562e-02,2.377541065216064453e-01,-2.377541065216064453e-01
3.800000000000000266e+00,2.000000000000000000e+00,4.881072044372558594e-02,2.395319491624832153e-01,-2.395319491624832153e-01
3.800000000000000266e+00,2.000000000000000000e+00,5.587863922119140625e-02,2.424355447292327881e-01,-2.424355447292327881e-01
3.800000000000000266e+00,2.000000000000000000e+00,6.294661760330200195e-02,2.434511482715606689e-01,-2.434511482715606689e-01
3.800000000000000266e+00,2.000000000000000000e+00,7.001459598541259766e-02,2.476609498262405396e-01,-2.476609498262405396e-01
3.800000000000000266e+00,2.000000000000000000e+00,7.708251476287841797e-02,2.458083331584930420e-01,-2.458083331584930420e-01
3.800000000000000266e+00,2.000000000000000000e+00,8.415043354034423828e-02,2.502404749393463135e-01,-2.502404749393463135e-01
3.800000000000000266e+00,2.000000000000000000e+00,9.121835231781005859e-02,2.500284910202026367e-01,-2.500284910202026367e-01
3.800000000000000266e+00,2.000000000000000000e+00,9.828633069992065430e-02,2.510139942169189453e-01,-2.510139942169189453e-01
3.800000000000000266e+00,2.000000000000000000e+00,1.053543090820312500e-01,2.478158622980117798e-01,-2.478158622980117798e-01
3.800000000000000266e+00,2.000000000000000000e+00,1.124222278594970703e-01,2.497286498546600342e-01,-2.497286498546600342e-01
3.800000000000000266e+00,2.000000000000000000e+00,1.194901466369628906e-01,2.486648410558700562e-01,-2.486648410558700562e-01
3.800000000000000266e+00,2.000000000000000000e+00,1.265580654144287109e-01,2.484086304903030396e-01,-2.484086304903030396e-01
3.800000000000000266e+00,2.000000000000000000e+00,1.336260437965393066e-01,2.453428059816360474e-01,-2.453428059816360474e-01
3.800000000000000266e+00,2.000000000000000000e+00,1.406940221786499023e-01,2.412217110395431519e-01,-2.412217110395431519e-01
3.800000000000000266e+00,2.000000000000000000e+00,1.477619409561157227e-01,2.373277842998504639e-01,-2.373277842998504639e-01
3.800000000000000266e+00,2.000000000000000000e+00,1.548298597335815430e-01,2.355367094278335571e-01,-2.355367094278335571e-01
3.800000000000000266e+00,2.000000000000000000e+00,1.618977785110473633e-01,2.332904785871505737e-01,-2.332904785871505737e-01
3.800000000000000266e+00,2.000000000000000000e+00,1.689657568931579590e-01,2.279288023710250854e-01,-2.279288023710250854e-01
3.800000000000000266e+00,2.000000000000000000e+00,1.760337352752685547e-01,2.252823263406753540e-01,-2.252823263406753540e-01
3.800000000000000266e+00,2.000000000000000000e+00,1.831016540527343750e-01,2.185428887605667114e-01,-2.185428887605667114e-01
3.800000000000000266e+00,2.000000000000000000e+00,1.901695728302001953e-01,2.118916362524032593e-01,-2.118916362524032593e-01
3.800000000000000266e+00,2.000000000000000000e+00,1.972374916076660156e-01,2.096843868494033813e-01,-2.096843868494033813e-01
3.800000000000000266e+00,2.000000000000000000e+00,2.043054699897766113e-01,2.035331428050994873e-01,-2.035331428050994873e-01
3.800000000000000266e+00,2.000000000000000000e+00,2.113734483718872070e-01,1.921031475067138672e-01,-1.921031475067138672e-01
3.800000000000000266e+00,2.000000000000000000e+00,2.184413671493530273e-01,1.833114027976989746e-01,-1.833114027976989746e-01
3.800000000000000266e+00,2.000000000000000000e+00,2.255092859268188477e-01,1.756702661514282227e-01,-1.756702661514282227e-01
3.800000000000000266e+00,2.000000000000000000e+00,2.325772047042846680e-01,1.619424968957901001e-01,-1.619424968957901001e-01
3.800000000000000266e+00,2.000000000000000000e+00,2.396451830863952637e-01,1.576860398054122925e-01,-1.576860398054122925e-01
3.800000000000000266e+00,2.000000000000000000e+00,2.467131614685058594e-01,1.378259211778640747e-01,-1.378259211778640747e-01
3.800000000000000266e+00,2.000000000000000000e+00,2.537810802459716797e-01,1.314930319786071777e-01,-1.314930319786071777e-01
3.800000000000000266e+00,2.000000000000000000e+00,2.608489990234375000e-01,1.182314977049827576e-01,-1.182314977049827576e-01
3.800000000000000266e+00,2.000000000000000000e+00,2.679169178009033203e-01,9.951457381248474121e-02,-9.951457381248474121e-02
3.800000000000000266e+00,2.000000000000000000e+00,2.749848961830139160e-01,7.153180241584777832e-02,-7.153180241584777832e-02
3.800000000000000266e+00,2.000000000000000000e+00,2.820528745651245117e-01,4.520412907004356384e-02,-4.520412907004356384e-02
4.800000000000000711e+00,3.000000000000000888e+00,-1.476484298706054688e+00,1.181616708636283875e-01,-1.181616708636283875e-01
4.800000000000000711e+00,3.000000000000000888e+00,-1.469278097152709961e+00,1.323798000812530518e-01,-1.323798000812530518e-01
4.800000000000000711e+00,3.000000000000000888e+00,-1.462072014808654785e+00,1.362919956445693970e-01,-1.362919956445693970e-01
4.800000000000000711e+00,3.000000000000000888e+00,-1.454865932464599609e+00,1.363289803266525269e-01,-1.363289803266525269e-01
4.800000000000000711e+00,3.000000000000000888e+00,-1.447659730911254883e+00,1.373430490493774414e-01,-1.373430490493774414e-01
4.800000000000000711e+00,3.000000000000000888e+00,-1.440453529357910156e+00,1.381977945566177368e-01,-1.381977945566177368e-01
4.800000000000000711e+00,3.000000000000000888e+00,-1.433247447013854980e+00,1.466914415359497070e-01,-1.466914415359497070e-01
4.800000000000000711e+00,3.000000000000000888e+00,-1.426041364669799805e+00,1.456756740808486938e-01,-1.456756740808486938e-01
4.800000000000000711e+00,3.000000000000000888e+00,-1.418835163116455078e+00,1.400061249732971191e-01,-1.400061249732971191e-01
4.800000000000000711e+00,3.000000000000000888e+00,-1.411628961563110352e+00,1.478811800479888916e-01,-1.478811800479888916e-01
4.800000000000000711e+00,3.000000000000000888e+00,-1.404422879219055176e+00,1.461437046527862549e-01,-1.461437046527862549e-01
4.800000000000000711e+00,3.000000000000000888e+00,-1.397216796875000000e+00,1.456429958343505859e-01,-1.456429958343505859e-01
4.800000000000000711e+00,3.000000000000000888e+00,-1.390010595321655273e+00,1.465001702308654785e-01,-1.465001702308654785e-01
4.800000000000000711e+00,3.000000000000000888e+00,-1.382804393768310547e+00,1.405933946371078491e-01,-1.405933946371078491e-01
4.800000000000000711e+00,3.000000000000000888e+00,-1.375598311424255371e+00,1.480146944522857666e-01,-1.480146944522857666e-01
4.800000000000000711e+00,3.000000000000000888e+00,-1.368392229080200195e+00,1.480477750301361084e-01,-1.480477750301361084e-01
4.800000000000000711e+00,3.000000000000000888e+00,-1.361186027526855469e+00,1.443984806537628174e-01,-1.443984806537628174e-01
4.800000000000000711e+00,3.000000000000000888e+00,-1.353979825973510742e+00,1.479520350694656372e-01,-1.479520350694656372e-01
4.800000000000000711e+00,3.000000000000000888e+00,-1.346773743629455566e+00,1.426356583833694458e-01,-1.426356583833694458e-01
4.800000000000000711e+00,3.000000000000000888e+00,-1.339567661285400391e+00,1.485172957181930542e-01,-1.485172957181930542e-01
4.800000000000000711e+00,3.000000000000000888e+00,-1.332361459732055664e+00,1.413728892803192139e-01,-1.413728892803192139e-01
4.800000000000000711e+00,3.000000000000000888e+00,-1.325155258178710938e+00,1.458256840705871582e-01,-1.458256840705871582e-01
4.800000000000000711e+00,3.000000000000000888e+00,-1.317949175834655762e+00,1.433336734771728516e-01,-1.433336734771728516e-01
4.800000000000000711e+00,3.000000000000000888e+00,-1.310743093490600586e+00,1.479045450687408447e-01,-1.479045450687408447e-01
4.800000000000000711e+00,3.000000000000000888e+00,-1.303536891937255859e+00,1.416387259960174561e-01,-1.416387259960174561e-01
4.800000000000000711e+00,3.000000000000000888e+00,-1.296330690383911133e+00,1.424615085124969482e-01,-1.424615085124969482e-01
4.800000000000000711e+00,3.000000000000000888e+00,-1.289124608039855957e+00,1.420511007308959961e-01,-1.420511007308959961e-01
4.800000000000000711e+00,3.000000000000000888e+00,-1.281918525695800781e+00,1.472396850585937500e-01,-1.472396850585937500e-01
4.800000000000000711e+00,3.000000000000000888e+00,-1.274712324142456055e+00,1.416134834289550781e-01,-1.416134834289550781e-01
4.800000000000000711e+00,3.000000000000000888e+00,-1.267506122589111328e+00,1.420773714780807495e-01,-1.420773714780807495e-01
4.800000000000000711e+00,3.000000000000000888e+00,-1.260300040245056152e+00,1.429781615734100342e-01,-1.429781615734100342e-01
4.800000000000000711e+00,3.000000000000000888e+00,-1.253093957901000977e+00,1.423396766185760498e-01,-1.423396766185760498e-01
4.800000000000000711e+00,3.000000000000000888e+00,-1.245887756347656250e+00,1.438931524753570557e-01,-1.438931524753570557e-01
4.800000000000000711e+00,3.000000000000000888e+00,-1.238681554794311523e+00,1.459833085536956787e-01,-1.459833085536956787e-01
4.800000000000000711e+00,3.000000000000000888e+00,-1.231475472450256348e+00,1.423591375350952148e-01,-1.423591375350952148e-01
4.800000000000000711e+00,3.000000000000000888e+00,-1.224269270896911621e+00,1.466842740774154663e-01,-1.466842740774154663e-01
4.800000000000000711e+00,3.000000000000000888e+00,-1.217063188552856445e+00,1.413955688476562500e-01,-1.413955688476562500e-01
4.800000000000000711e+00,3.000000000000000888e+00,-1.209856986999511719e+00,1.446671485900878906e-01,-1.446671485900878906e-01
4.800000000000000711e+00,3.000000000000000888e+00,-1.202650904655456543e+00,1.416677534580230713e-01,-1.416677534580230713e-01
4.800000000000000711e+00,3.000000000000000888e+00,-1.195444703102111816e+00,1.449087262153625488e-01,-1.449087262153625488e-01
4.800000000000000711e+00,3.000000000000000888e+00,-1.188238620758056641e+00,1.450496315956115723e-01,-1.450496315956115723e-01
4.800000000000000711e+00,3.000000000000000888e+00,-1.181032419204711914e+00,1.416163444519042969e-01,-1.416163444519042969e-01
4.800000000000000711e+00,3.000000000000000888e+00,-1.173826336860656738e+00,1.440453231334686279e-01,-1.440453231334686279e-01
4.800000000000000711e+00,3.000000000000000888e+00,-1.166620135307312012e+00,1.419073343276977539e-01,-1.419073343276977539e-01
4.800000000000000711e+00,3.000000000000000888e+00,-1.159414052963256836e+00,1.413770020008087158e-01,-1.413770020008087158e-01
4.800000000000000711e+00,3.000000000000000888e+00,-1.152207851409912109e+00,1.451655030250549316e-01,-1.451655030250549316e-01
4.800000000000000711e+00,3.000000000000000888e+00,-1.145001769065856934e+00,1.410235911607742310e-01,-1.410235911607742310e-01
4.800000000000000711e+00,3.000000000000000888e+00,-1.137795567512512207e+00,1.413370817899703979e-01,-1.413370817899703979e-01
4.800000000000000711e+00,3.000000000000000888e+00,-1.130589485168457031e+00,1.426142156124114990e-01,-1.426142156124114990e-01
4.800000000000000711e+00,3.000000000000000888e+00,-1.123383283615112305e+00,1.415394991636276245e-01,-1.415394991636276245e-01
4.800000000000000711e+00,3.000000000000000888e+00,-1.116177201271057129e+00,1.450630277395248413e-01,-1.450630277395248413e-01
4.800000000000000711e+00,3.000000000000000888e+00,-1.108970999717712402e+00,1.416677236557006836e-01,-1.416677236557006836e-01
4.800000000000000711e+00,3.000000000000000888e+00,-1.101764917373657227e+00,1.431124806404113770e-01,-1.431124806404113770e-01
4.800000000000000711e+00,3.000000000000000888e+00,-1.094558715820312500e+00,1.418577134609222412e-01,-1.418577134609222412e-01
4.800000000000000711e+00,3.000000000000000888e+00,-1.087352514266967773e+00,1.410668641328811646e-01,-1.410668641328811646e-01
4.800000000000000711e+00,3.000000000000000888e+00,-1.080146431922912598e+00,1.418655663728713989e-01,-1.418655663728713989e-01
4.800000000000000711e+00,3.000000000000000888e+00,-1.072940349578857422e+00,1.411271989345550537e-01,-1.411271989345550537e-01
4.800000000000000711e+00,3.000000000000000888e+00,-1.065734148025512695e+00,1.414510309696197510e-01,-1.414510309696197510e-01
4.800000000000000711e+00,3.000000000000000888e+00,-1.058527946472167969e+00,1.412508934736251831e-01,-1.412508934736251831e-01
4.800000000000000711e+00,3.000000000000000888e+00,-1.051321864128112793e+00,1.408702582120895386e-01,-1.408702582120895386e-01
4.800000000000000711e+00,3.000000000000000888e+00,-1.044115781784057617e+00,1.412775218486785889e-01,-1.412775218486785889e-01
4.800000000000000711e+00,3.000000000000000888e+00,-1.036909580230712891e+00,1.408293694257736206e-01,-1.408293694257736206e-01
4.800000000000000711e+00,3.000000000000000888e+00,-1.029703378677368164e+00,1.414260119199752808e-01,-1.414260119199752808e-01
4.800000000000000711e+00,3.000000000000000888e+00,-1.022497296333312988e+00,1.409049779176712036e-01,-1.409049779176712036e-01
4.800000000000000711e+00,3.000000000000000888e+00,-1.015291213989257812e+00,1.410135477781295776e-01,-1.410135477781295776e-01
4.800000000000000711e+00,3.000000000000000888e+00,-1.008085012435913086e+00,1.415219902992248535e-01,-1.415219902992248535e-01
4.800000000000000711e+00,3.000000000000000888e+00,-1.000878810882568359e+00,1.413464248180389404e-01,-1.413464248180389404e-01
4.800000000000000711e+00,3.000000000000000888e+00,-9.936727285385131836e-01,1.412838995456695557e-01,-1.412838995456695557e-01
4.800000000000000711e+00,3.000000000000000888e+00,-9.864665865898132324e-01,1.412096917629241943e-01,-1.412096917629241943e-01
4.800000000000000711e+00,3.000000000000000888e+00,-9.792604446411132812e-01,1.412027329206466675e-01,-1.412027329206466675e-01
4.800000000000000711e+00,3.000000000000000888e+00,-9.720542430877685547e-01,1.412701606750488281e-01,-1.412701606750488281e-01
4.800000000000000711e+00,3.000000000000000888e+00,-9.648481607437133789e-01,1.409644484519958496e-01,-1.409644484519958496e-01
4.800000000000000711e+00,3.000000000000000888e+00,-9.576419591903686523e-01,1.416292637586593628e-01,-1.416292637586593628e-01
4.800000000000000711e+00,3.000000000000000888e+00,-9.504358768463134766e-01,1.407626718282699585e-01,-1.407626718282699585e-01
4.800000000000000711e+00,3.000000000000000888e+00,-9.432296752929687500e-01,1.404691040515899658e-01,-1.404691040515899658e-01
4.800000000000000711e+00,3.000000000000000888e+00,-9.360235929489135742e-01,1.409730017185211182e-01,-1.409730017185211182e-01
4.800000000000000711e+00,3.000000000000000888e+00,-9.288173913955688477e-01,1.410574316978454590e-01,-1.410574316978454590e-01
4.800000000000000711e+00,3.000000000000000888e+00,-9.216113090515136719e-01,1.413836032152175903e-01,-1.413836032152175903e-01
4.800000000000000711e+00,3.000000000000000888e+00,-9.144051074981689453e-01,1.407412141561508179e-01,-1.407412141561508179e-01
4.800000000000000711e+00,3.000000000000000888e+00,-9.071990251541137695e-01,1.413296610116958618e-01,-1.413296610116958618e-01
4.800000000000000711e+00,3.000000000000000888e+00,-8.999928236007690430e-01,1.409864723682403564e-01,-1.409864723682403564e-01
4.800000000000000711e+00,3.000000000000000888e+00,-8.927867412567138672e-01,1.407777220010757446e-01,-1.407777220010757446e-01
4.800000000000000711e+00,3.000000000000000888e+00,-8.855805397033691406e-01,1.417188495397567749e-01,-1.417188495397567749e-01
4.800000000000000711e+00,3.000000000000000888e+00,-8.783744573593139648e-01,1.408293396234512329e-01,-1.408293396234512329e-01
4.800000000000000711e+00,3.000000000000000888e+00,-8.711682558059692383e-01,1.417251527309417725e-01,-1.417251527309417725e-01
4.800000000000000711e+00,3.000000000000000888e+00,-8.639621734619140625e-01,1.419708579778671265e-01,-1.419708579778671265e-01
4.800000000000000711e+00,3.000000000000000888e+00,-8.567559719085693359e-01,1.410088837146759033e-01,-1.410088837146759033e-01
4.800000000000000711e+00,3.000000000000000888e+00,-8.495498895645141602e-01,1.412440985441207886e-01,-1.412440985441207886e-01
4.800000000000000711e+00,3.000000000000000888e+00,-8.423436880111694336e-01,1.404037922620773315e-01,-1.404037922620773315e-01
4.800000000000000711e+00,3.000000000000000888e+00,-8.351376056671142578e-01,1.407110989093780518e-01,-1.407110989093780518e-01
4.800000000000000711e+00,3.000000000000000888e+00,-8.279314041137695312e-01,1.414407491683959961e-01,-1.414407491683959961e-01
4.800000000000000711e+00,3.000000000000000888e+00,-8.207253217697143555e-01,1.406364589929580688e-01,-1.406364589929580688e-01
4.800000000000000711e+00,3.000000000000000888e+00,-8.135191202163696289e-01,1.411084234714508057e-01,-1.411084234714508057e-01
4.800000000000000711e+00,3.000000000000000888e+00,-8.063130378723144531e-01,1.408842802047729492e-01,-1.408842802047729492e-01
4.800000000000000711e+00,3.000000000000000888e+00,-7.991068363189697266e-01,1.406867057085037231e-01,-1.406867057085037231e-01
4.800000000000000711e+00,3.000000000000000888e+00,-7.919007539749145508e-01,1.412084400653839111e-01,-1.412084400653839111e-01
4.800000000000000711e+00,3.000000000000000888e+00,-7.846945524215698242e-01,1.411492824554443359e-01,-1.411492824554443359e-01
4.800000000000000711e+00,3.000000000000000888e+00,-7.774884700775146484e-01,1.415578573942184448e-01,-1.415578573942184448e-01
4.800000000000000711e+00,3.000000000000000888e+00,-7.702822685241699219e-01,1.414670348167419434e-01,-1.414670348167419434e-01
4.800000000000000711e+00,3.000000000000000888e+00,-7.630761861801147461e-01,1.409211456775665283e-01,-1.409211456775665283e-01
4.800000000000000711e+00,3.000000000000000888e+00,-7.558699846267700195e-01,1.406949460506439209e-01,-1.406949460506439209e-01
4.800000000000000711e+00,3.000000000000000888e+00,-7.486639022827148438e-01,1.408464610576629639e-01,-1.408464610576629639e-01
4.800000000000000711e+00,3.000000000000000888e+00,-7.414577007293701172e-01,1.407220214605331421e-01,-1.407220214605331421e-01
4.800000000000000711e+00,3.000000000000000888e+00,-7.342516183853149414e-01,1.409445554018020630e-01,-1.409445554018020630e-01
4.800000000000000711e+00,3.000000000000000888e+00,-7.270454168319702148e-01,1.407331228256225586e-01,-1.407331228256225586e-01
4.800000000000000711e+00,3.000000000000000888e+00,-7.198393344879150391e-01,1.407882869243621826e-01,-1.407882869243621826e-01
4.800000000000000711e+00,3.000000000000000888e+00,-7.126331329345703125e-01,1.409245133399963379e-01,-1.409245133399963379e-01
4.800000000000000711e+00,3.000000000000000888e+00,-7.054269313812255859e-01,1.407163888216018677e-01,-1.407163888216018677e-01
4.800000000000000711e+00,3.000000000000000888e+00,-6.982208490371704102e-01,1.410464495420455933e-01,-1.410464495420455933e-01
4.800000000000000711e+00,3.000000000000000888e+00,-6.910146474838256836e-01,1.414009481668472290e-01,-1.414009481668472290e-01
4.800000000000000711e+00,3.000000000000000888e+00,-6.838085651397705078e-01,1.408450305461883545e-01,-1.408450305461883545e-01
4.800000000000000711e+00,3.000000000000000888e+00,-6.766023635864257812e-01,1.409675776958465576e-01,-1.409675776958465576e-01
4.800000000000000711e+00,3.000000000000000888e+00,-6.693962812423706055e-01,1.403864771127700806e-01,-1.403864771127700806e-01
4.800000000000000711e+00,3.000000000000000888e+00,-6.621900796890258789e-01,1.411725580692291260e-01,-1.411725580692291260e-01
4.800000000000000711e+00,3.000000000000000888e+00,-6.549839973449707031e-01,1.407809108495712280e-01,-1.407809108495712280e-01
4.800000000000000711e+00,3.000000000000000888e+00,-6.477777957916259766e-01,1.407130509614944458e-01,-1.407130509614944458e-01
4.800000000000000711e+00,3.000000000000000888e+00,-6.405717134475708008e-01,1.407427936792373657e-01,-1.407427936792373657e-01
4.800000000000000711e+00,3.000000000000000888e+00,-6.333655118942260742e-01,1.410058587789535522e-01,-1.410058587789535522e-01
4.800000000000000711e+00,3.000000000000000888e+00,-6.261594295501708984e-01,1.410869956016540527e-01,-1.410869956016540527e-01
4.800000000000000711e+00,3.000000000000000888e+00,-6.189532279968261719e-01,1.406765133142471313e-01,-1.406765133142471313e-01
4.800000000000000711e+00,3.000000000000000888e+00,-6.117471456527709961e-01,1.412819474935531616e-01,-1.412819474935531616e-01
4.800000000000000711e+00,3.000000000000000888e+00,-6.045409440994262695e-01,1.409481912851333618e-01,-1.409481912851333618e-01
4.800000000000000711e+00,3.000000000000000888e+00,-5.973348617553710938e-01,1.404826492071151733e-01,-1.404826492071151733e-01
4.800000000000000711e+00,3.000000000000000888e+00,-5.901286602020263672e-01,1.413760781288146973e-01,-1.413760781288146973e-01
4.800000000000000711e+00,3.000000000000000888e+00,-5.829225778579711914e-01,1.411006599664688110e-01,-1.411006599664688110e-01
4.800000000000000711e+00,3.000000000000000888e+00,-5.757163763046264648e-01,1.411260813474655151e-01,-1.411260813474655151e-01
4.800000000000000711e+00,3.000000000000000888e+00,-5.685102939605712891e-01,1.410845369100570679e-01,-1.410845369100570679e-01
4.800000000000000711e+00,3.000000000000000888e+00,-5.613040924072265625e-01,1.408633738756179810e-01,-1.408633738756179810e-01
4.800000000000000711e+00,3.000000000000000888e+00,-5.540980100631713867e-01,1.413871347904205322e-01,-1.413871347904205322e-01
4.800000000000000711e+00,3.000000000000000888e+00,-5.468918085098266602e-01,1.411899626255035400e-01,-1.411899626255035400e-01
4.800000000000000711e+00,3.000000000000000888e+00,-5.396857261657714844e-01,1.413980424404144287e-01,-1.413980424404144287e-01
4.800000000000000711e+00,3.000000000000000888e+00,-5.324795246124267578e-01,1.406115740537643433e-01,-1.406115740537643433e-01
4.800000000000000711e+00,3.000000000000000888e+00,-5.252734422683715820e-01,1.407627612352371216e-01,-1.407627612352371216e-01
4.800000000000000711e+00,3.000000000000000888e+00,-5.180672407150268555e-01,1.414045244455337524e-01,-1.414045244455337524e-01
4.800000000000000711e+00,3.000000000000000888e+00,-5.108611583709716797e-01,1.406928002834320068e-01,-1.406928002834320068e-01
4.800000000000000711e+00,3.000000000000000888e+00,-5.036549568176269531e-01,1.407932937145233154e-01,-1.407932937145233154e-01
4.800000000000000711e+00,3.000000000000000888e+00,-4.964488446712493896e-01,1.410457789897918701e-01,-1.410457789897918701e-01
4.800000000000000711e+00,3.000000000000000888e+00,-4.892427027225494385e-01,1.403549313545227051e-01,-1.403549313545227051e-01
4.800000000000000711e+00,3.000000000000000888e+00,-4.820365607738494873e-01,1.414024233818054199e-01,-1.414024233818054199e-01
4.800000000000000711e+00,3.000000000000000888e+00,-4.748303890228271484e-01,1.404816508293151855e-01,-1.404816508293151855e-01
4.800000000000000711e+00,3.000000000000000888e+00,-4.676242470741271973e-01,1.407578289508819580e-01,-1.407578289508819580e-01
4.800000000000000711e+00,3.000000000000000888e+00,-4.604181051254272461e-01,1.407906115055084229e-01,-1.407906115055084229e-01
4.800000000000000711e+00,3.000000000000000888e+00,-4.532119631767272949e-01,1.410856544971466064e-01,-1.410856544971466064e-01
4.800000000000000711e+00,3.000000000000000888e+00,-4.460058212280273438e-01,1.412854641675949097e-01,-1.412854641675949097e-01
4.800000000000000711e+00,3.000000000000000888e+00,-4.387996792793273926e-01,1.413381844758987427e-01,-1.413381844758987427e-01
4.800000000000000711e+00,3.000000000000000888e+00,-4.315935373306274414e-01,1.409174501895904541e-01,-1.409174501895904541e-01
4.800000000000000711e+00,3.000000000000000888e+00,-4.243873953819274902e-01,1.407610476016998291e-01,-1.407610476016998291e-01
4.800000000000000711e+00,3.000000000000000888e+00,-4.171812534332275391e-01,1.412921994924545288e-01,-1.412921994924545288e-01
4.800000000000000711e+00,3.000000000000000888e+00,-4.099751114845275879e-01,1.404930651187896729e-01,-1.404930651187896729e-01
4.800000000000000711e+00,3.000000000000000888e+00,-4.027689695358276367e-01,1.409980505704879761e-01,-1.409980505704879761e-01
4.800000000000000711e+00,3.000000000000000888e+00,-3.955628275871276855e-01,1.411695480346679688e-01,-1.411695480346679688e-01
4.800000000000000711e+00,3.000000000000000888e+00,-3.883566856384277344e-01,1.412844806909561157e-01,-1.412844806909561157e-01
4.800000000000000711e+00,3.000000000000000888e+00,-3.811505436897277832e-01,1.406816840171813965e-01,-1.406816840171813965e-01
4.800000000000000711e+00,3.000000000000000888e+00,-3.739444017410278320e-01,1.408866792917251587e-01,-1.408866792917251587e-01
4.800000000000000711e+00,3.000000000000000888e+00,-3.667382597923278809e-01,1.401972472667694092e-01,-1.401972472667694092e-01
4.800000000000000711e+00,3.000000000000000888e+00,-3.595321178436279297e-01,1.407461464405059814e-01,-1.407461464405059814e-01
4.800000000000000711e+00,3.000000000000000888e+00,-3.523259758949279785e-01,1.413537859916687012e-01,-1.413537859916687012e-01
4.800000000000000711e+00,3.000000000000000888e+00,-3.451198339462280273e-01,1.408787071704864502e-01,-1.408787071704864502e-01
4.800000000000000711e+00,3.000000000000000888e+00,-3.379136919975280762e-01,1.408682018518447876e-01,-1.408682018518447876e-01
4.800000000000000711e+00,3.000000000000000888e+00,-3.307075500488281250e-01,1.404119879007339478e-01,-1.404119879007339478e-01
4.800000000000000711e+00,3.000000000000000888e+00,-3.235014081001281738e-01,1.411749869585037231e-01,-1.411749869585037231e-01
4.800000000000000711e+00,3.000000000000000888e+00,-3.162952661514282227e-01,1.407861411571502686e-01,-1.407861411571502686e-01
4.800000000000000711e+00,3.000000000000000888e+00,-3.090891242027282715e-01,1.402113884687423706e-01,-1.402113884687423706e-01
4.800000000000000711e+00,3.000000000000000888e+00,-3.018829822540283203e-01,1.409998983144760132e-01,-1.409998983144760132e-01
4.800000000000000711e+00,3.000000000000000888e+00,-2.946768403053283691e-01,1.408735513687133789e-01,-1.408735513687133789e-01
4.800000000000000711e+00,3.000000000000000888e+00,-2.874706983566284180e-01,1.402996480464935303e-01,-1.402996480464935303e-01
4.800000000000000711e+00,3.000000000000000888e+00,-2.802645564079284668e-01,1.406699568033218384e-01,-1.406699568033218384e-01
4.800000000000000711e+00,3.000000000000000888e+00,-2.730584144592285156e-01,1.403115391731262207e-01,-1.403115391731262207e-01
4.800000000000000711e+00,3.000000000000000888e+00,-2.658522725105285645e-01,1.402614712715148926e-01,-1.402614712715148926e-01
4.800000000000000711e+00,3.000000000000000888e+00,-2.586461305618286133e-01,1.399230957031250000e-01,-1.399230957031250000e-01
4.800000000000000711e+00,3.000000000000000888e+00,-2.514399290084838867e-01,1.402097940444946289e-01,-1.402097940444946289e-01
4.800000000000000711e+00,3.000000000000000888e+00,-2.442337870597839355e-01,1.399795413017272949e-01,-1.399795413017272949e-01
4.800000000000000711e+00,3.000000000000000888e+00,-2.370276451110839844e-01,1.398813277482986450e-01,-1.398813277482986450e-01
4.800000000000000711e+00,3.000000000000000888e+00,-2.298215031623840332e-01,1.407234519720077515e-01,-1.407234519720077515e-01
4.800000000000000711e+00,3.000000000000000888e+00,-2.226153612136840820e-01,1.398928016424179077e-01,-1.398928016424179077e-01
4.800000000000000711e+00,3.000000000000000888e+00,-2.154092192649841309e-01,1.402701288461685181e-01,-1.402701288461685181e-01
4.800000000000000711e+00,3.000000000000000888e+00,-2.082030773162841797e-01,1.405610293149948120e-01,-1.405610293149948120e-01
4.800000000000000711e+00,3.000000000000000888e+00,-2.009969353675842285e-01,1.395704895257949829e-01,-1.395704895257949829e-01
4.800000000000000711e+00,3.000000000000000888e+00,-1.937907934188842773e-01,1.403104513883590698e-01,-1.403104513883590698e-01
4.800000000000000711e+00,3.000000000000000888e+00,-1.865846514701843262e-01,1.383193433284759521e-01,-1.383193433284759521e-01
4.800000000000000711e+00,3.000000000000000888e+00,-1.793785095214843750e-01,1.401767432689666748e-01,-1.401767432689666748e-01
4.800000000000000711e+00,3.000000000000000888e+00,-1.721723675727844238e-01,1.387835443019866943e-01,-1.387835443019866943e-01
4.800000000000000711e+00,3.000000000000000888e+00,-1.649662256240844727e-01,1.377216577529907227e-01,-1.377216577529907227e-01
4.800000000000000711e+00,3.000000000000000888e+00,-1.577600836753845215e-01,1.368939280509948730e-01,-1.368939280509948730e-01
4.800000000000000711e+00,3.000000000000000888e+00,-1.505539417266845703e-01,1.371046602725982666e-01,-1.371046602725982666e-01
4.800000000000000711e+00,3.000000000000000888e+00,-1.433477997779846191e-01,1.372962445020675659e-01,-1.372962445020675659e-01
4.800000000000000711e+00,3.000000000000000888e+00,-1.361416578292846680e-01,1.372344791889190674e-01,-1.372344791889190674e-01
4.800000000000000711e+00,3.000000000000000888e+00,-1.289355158805847168e-01,1.383320987224578857e-01,-1.383320987224578857e-01
4.800000000000000711e+00,3.000000000000000888e+00,-1.217293739318847656e-01,1.381343156099319458e-01,-1.381343156099319458e-01
4.800000000000000711e+00,3.000000000000000888e+00,-1.145232319831848145e-01,1.375188529491424561e-01,-1.375188529491424561e-01
4.800000000000000711e+00,3.000000000000000888e+00,-1.073170900344848633e-01,1.378736943006515503e-01,-1.378736943006515503e-01
4.800000000000000711e+00,3.000000000000000888e+00,-1.001109480857849121e-01,1.392023116350173950e-01,-1.392023116350173950e-01
4.800000000000000711e+00,3.000000000000000888e+00,-9.290480613708496094e-02,1.377681493759155273e-01,-1.377681493759155273e-01
4.800000000000000711e+00,3.000000000000000888e+00,-8.569866418838500977e-02,1.371200084686279297e-01,-1.371200084686279297e-01
4.800000000000000711e+00,3.000000000000000888e+00,-7.849252223968505859e-02,1.378235667943954468e-01,-1.378235667943954468e-01
4.800000000000000711e+00,3.000000000000000888e+00,-7.128638029098510742e-02,1.384193152189254761e-01,-1.384193152189254761e-01
4.800000000000000711e+00,3.000000000000000888e+00,-6.408023834228515625e-02,1.369987130165100098e-01,-1.369987130165100098e-01
4.800000000000000711e+00,3.000000000000000888e+00,-5.687409639358520508e-02,1.372528523206710815e-01,-1.372528523206710815e-01
4.800000000000000711e+00,3.000000000000000888e+00,-4.966795444488525391e-02,1.379844695329666138e-01,-1.379844695329666138e-01
4.800000000000000711e+00,3.000000000000000888e+00,-4.246181249618530273e-02,1.374879777431488037e-01,-1.374879777431488037e-01
4.800000000000000711e+00,3.000000000000000888e+00,-3.525567054748535156e-02,1.371920108795166016e-01,-1.371920108795166016e-01
4.800000000000000711e+00,3.000000000000000888e+00,-2.804952859878540039e-02,1.377292126417160034e-01,-1.377292126417160034e-01
4.800000000000000711e+00,3.000000000000000888e+00,-2.084338665008544922e-02,1.373512446880340576e-01,-1.373512446880340576e-01
4.800000000000000711e+00,3.000000000000000888e+00,-1.363724470138549805e-02,1.380610167980194092e-01,-1.380610167980194092e-01
4.800000000000000711e+00,3.000000000000000888e+00,-6.431102752685546875e-03,1.384154409170150757e-01,-1.384154409170150757e-01
4.800000000000000711e+00,3.000000000000000888e+00,7.750391960144042969e-04,2.217295169830322266e-01,-2.217295169830322266e-01
4.800000000000000711e+00,3.000000000000000888e+00,7.981181144714355469e-03,2.369366288185119629e-01,-2.369366288185119629e-01
4.800000000000000711e+00,3.000000000000000888e+00,1.518732309341430664e-02,2.404038906097412109e-01,-2.404038906097412109e-01
4.800000000000000711e+00,3.000000000000000888e+00,2.239346504211425781e-02,2.483157813549041748e-01,-2.483157813549041748e-01
4.800000000000000711e+00,3.000000000000000888e+00,2.959960699081420898e-02,2.539625465869903564e-01,-2.539625465869903564e-01
4.800000000000000711e+00,3.000000000000000888e+00,3.680574893951416016e-02,2.587182521820068359e-01,-2.587182521820068359e-01
4.800000000000000711e+00,3.000000000000000888e+00,4.401189088821411133e-02,2.619726657867431641e-01,-2.619726657867431641e-01
4.800000000000000711e+00,3.000000000000000888e+00,5.121803283691406250e-02,2.648714482784271240e-01,-2.648714482784271240e-01
4.800000000000000711e+00,3.000000000000000888e+00,5.842423439025878906e-02,2.662870585918426514e-01,-2.662870585918426514e-01
4.800000000000000711e+00,3.000000000000000888e+00,6.563037633895874023e-02,2.698438167572021484e-01,-2.698438167572021484e-01
4.800000000000000711e+00,3.000000000000000888e+00,7.283651828765869141e-02,2.711216807365417480e-01,-2.711216807365417480e-01
4.800000000000000711e+00,3.000000000000000888e+00,8.004266023635864258e-02,2.730112671852111816e-01,-2.730112671852111816e-01
4.800000000000000711e+00,3.000000000000000888e+00,8.724880218505859375e-02,2.740195095539093018e-01,-2.740195095539093018e-01
4.800000000000000711e+00,3.000000000000000888e+00,9.445494413375854492e-02,2.751365303993225098e-01,-2.751365303993225098e-01
4.800000000000000711e+00,3.000000000000000888e+00,1.016610860824584961e-01,2.759484946727752686e-01,-2.759484946727752686e-01
4.800000000000000711e+00,3.000000000000000888e+00,1.088672280311584473e-01,2.733433544635772705e-01,-2.733433544635772705e-01
4.800000000000000711e+00,3.000000000000000888e+00,1.160733699798583984e-01,2.746621966361999512e-01,-2.746621966361999512e-01
4.800000000000000711e+00,3.000000000000000888e+00,1.232795119285583496e-01,2.735546827316284180e-01,-2.735546827316284180e-01
4.800000000000000711e+00,3.000000000000000888e+00,1.304856538772583008e-01,2.728826403617858887e-01,-2.728826403617858887e-01
4.800000000000000711e+00,3.000000000000000888e+00,1.376917958259582520e-01,2.700759768486022949e-01,-2.700759768486022949e-01
4.800000000000000711e+00,3.000000000000000888e+00,1.448979377746582031e-01,2.672671377658843994e-01,-2.672671377658843994e-01
4.800000000000000711e+00,3.000000000000000888e+00,1.521040797233581543e-01,2.646431624889373779e-01,-2.646431624889373779e-01
4.800000000000000711e+00,3.000000000000000888e+00,1.593102216720581055e-01,2.609926462173461914e-01,-2.609926462173461914e-01
4.800000000000000711e+00,3.000000000000000888e+00,1.665163636207580566e-01,2.596261203289031982e-01,-2.596261203289031982e-01
4.800000000000000711e+00,3.000000000000000888e+00,1.737225055694580078e-01,2.574321925640106201e-01,-2.574321925640106201e-01
4.800000000000000711e+00,3.000000000000000888e+00,1.809286475181579590e-01,2.524613738059997559e-01,-2.524613738059997559e-01
4.800000000000000711e+00,3.000000000000000888e+00,1.881347894668579102e-01,2.497390955686569214e-01,-2.497390955686569214e-01
4.800000000000000711e+00,3.000000000000000888e+00,1.953409314155578613e-01,2.454698830842971802e-01,-2.454698830842971802e-01
4.800000000000000711e+00,3.000000000000000888e+00,2.025470733642578125e-01,2.407530993223190308e-01,-2.407530993223190308e-01
4.800000000000000711e+00,3.000000000000000888e+00,2.097532153129577637e-01,2.344242036342620850e-01,-2.344242036342620850e-01
4.800000000000000711e+00,3.000000000000000888e+00,2.169593572616577148e-01,2.299038767814636230e-01,-2.299038767814636230e-01
4.800000000000000711e+00,3.000000000000000888e+00,2.241654992103576660e-01,2.232607901096343994e-01,-2.232607901096343994e-01
4.800000000000000711e+00,3.000000000000000888e+00,2.313716411590576172e-01,2.138667702674865723e-01,-2.138667702674865723e-01
4.800000000000000711e+00,3.000000000000000888e+00,2.385777831077575684e-01,2.074659168720245361e-01,-2.074659168720245361e-01
4.800000000000000711e+00,3.000000000000000888e+00,2.457839250564575195e-01,2.025393992662429810e-01,-2.025393992662429810e-01
4.800000000000000711e+00,3.000000000000000888e+00,2.529900670051574707e-01,1.908622384071350098e-01,-1.908622384071350098e-01
4.800000000000000711e+00,3.000000000000000888e+00,2.601962089538574219e-01,1.804277747869491577e-01,-1.804277747869491577e-01
4.800000000000000711e+00,3.000000000000000888e+00,2.674023509025573730e-01,1.749232709407806396e-01,-1.749232709407806396e-01
4.800000000000000711e+00,3.000000000000000888e+00,2.746084928512573242e-01,1.547314673662185669e-01,-1.547314673662185669e-01
4.800000000000000711e+00,3.000000000000000888e+00,2.818146347999572754e-01,1.520867496728897095e-01,-1.520867496728897095e-01
4.800000000000000711e+00,3.000000000000000888e+00,2.890207767486572266e-01,1.363817006349563599e-01,-1.363817006349563599e-01
4.800000000000000711e+00,3.000000000000000888e+00,2.962269186973571777e-01,1.135395765304565430e-01,-1.135395765304565430e-01
4.800000000000000711e+00,3.000000000000000888e+00,3.034330606460571289e-01,1.034356579184532166e-01,-1.034356579184532166e-01
4.800000000000000711e+00,3.000000000000000888e+00,3.106392025947570801e-01,7.316032797098159790e-02,-7.316032797098159790e-02
4.800000000000000711e+00,3.000000000000000888e+00,3.178453445434570312e-01,5.028189346194267273e-02,-5.028189346194267273e-02
