y_m,q_m,vnormal_m_s,speed_m_s,x_m,z_m,vx_m_s,vy_m_s,vz_m_s
-0.13099423,0.03991763942459153,0.09140887911580994,0.14749289770859003,-0.033204794,0.029270343,0.12907793,-0.013140361,-0.070145376
-0.13510375,0.03242311418764241,0.07493481165975041,0.12543343420913844,-0.024780581,0.024704454,0.10624132,-0.031986866,-0.058507852
-0.13155954,0.03378929497021635,0.08792722548180455,0.1491481032618021,-0.02436007,0.026367115,0.12750098,-0.017674884,-0.075340927
-0.13118668,0.028282971872944727,0.08063042208420702,0.13524125475840368,-0.019432677,0.022476818,0.11622674,-0.015209685,-0.067455225
-0.1359911,0.026095208455568064,0.08926841870669036,0.1297954013199282,-0.015454911,0.02178858,0.11890353,-0.0063759368,-0.051654082
-0.13592096,0.025723892706964745,0.09111182398725072,0.1315312322117124,-0.014792413,0.021666411,0.12084851,-0.0064779739,-0.051518332
-0.13583438,0.023624006440660903,0.09540590506200364,0.12944417492066404,-0.01235129,0.020421373,0.12184037,-0.0085614203,-0.042865146
-0.13571376,0.022401867144186828,0.10214707655847961,0.13225311764190134,-0.010341579,0.019946761,0.12656353,-0.011080117,-0.036739502
-0.1308277,0.01911108820970371,0.0925064124760811,0.12444605473592027,-0.0088569801,0.017001964,0.11613073,-0.025370739,-0.036834762
-0.13514452,0.019358780164288374,0.13108822929413783,0.15616829813600008,-0.0041041863,0.019288488,0.1538181,-0.0024701424,-0.026878018
-0.13676895,0.021687949316286828,0.11302858412480504,0.15129671471374753,-0.0057981904,0.021099743,0.14330925,0.0040393909,-0.048340853
-0.13605894,0.02968089614629169,0.12719735424190962,0.17585063260143868,-0.007327979,0.029133607,0.1644706,0.0061102351,-0.06193167
-0.12843218,0.027399220338113536,0.17753868949543558,0.23577447016393066,-0.0020534866,0.028893774,0.22269879,-0.03251145,-0.070269875
-0.13476682,0.0148081855495609,0.13689505571806052,0.16804279550188608,0.0007020015,0.016385008,0.16345112,-0.017812636,-0.034710553
-0.13631852,0.02308215862083418,0.11961092820326004,0.17015851674786003,0.0016620337,0.025781034,0.15734971,0.0050459784,-0.06457188
-0.13527533,0.014936880217487535,0.1279303574948766,0.1657633235746187,0.0023046224,0.017205089,0.15891142,-0.0044141212,-0.046959084
-0.13618702,0.013558215497988425,0.11604944753084623,0.16275356139577496,0.0043229111,0.016564075,0.1514103,-0.00046787006,-0.059694421
-0.13693249,0.014383863288556353,0.11407468874665182,0.16952206904438893,0.0069253198,0.018565683,0.15381089,-0.011101246,-0.070403866
-0.13470434,0.00842585952682973,0.14144590279065053,0.1812107156032807,0.011404599,0.013994485,0.17032281,-0.047819722,-0.039252236
-0.13457318,0.007626832710649065,0.13966855890040683,0.1769992663749668,0.012333467,0.013520735,0.16517976,-0.05514041,-0.031684734
-0.13621637,0.006671548420478953,0.1392765278814077,0.1670466836705281,0.013288367,0.012888283,0.15972422,-0.044713717,-0.019835614
-0.12713428,0.01899175086314344,0.19846716413981352,0.2476154654072912,0.0084346049,0.024212163,0.23826921,-0.041119359,-0.053389143
-0.12682743,0.013411771104412306,0.15045389549302512,0.1972667379151711,0.002454224,0.015611773,0.18669119,-0.032587726,-0.054759525
-0.13638094,0.024270512752638352,0.16704477104600396,0.21302369946945462,0.0071116271,0.02938523,0.20513351,-0.013847204,-0.055745803
-0.12058059,0.03561695254157019,0.12623004692760129,0.19457098063967443,-0.025956951,0.027674774,0.17324609,-0.024594136,-0.085081063
-0.11224623,0.03872699797331493,0.13154018080553553,0.2032446421018182,-0.031501431,0.028699912,0.18143114,-0.012299707,-0.090773582
-0.11203068,0.03721026027540002,0.14501759877469547,0.21937424420557233,-0.027494049,0.028753221,0.19750544,-0.0158916,-0.094149441
-0.12370055,0.039190591058871654,0.11520523724733311,0.18426274316361538,-0.031119404,0.029365702,0.16201758,-0.012694391,-0.086844198
-0.12063307,0.034566001405872085,0.12306785007281276,0.19194243987076715,-0.025176505,0.026864342,0.16983633,-0.027358688,-0.085141197
-0.11319499,0.0315605013202373,0.133158558028379,0.20078311832670548,-0.021654133,0.025094444,0.18073986,-0.020528888,-0.085003108
-0.11671066,0.029627623381008057,0.1235701867042674,0.19010023800720005,-0.020951917,0.023292715,0.16910124,-0.02825867,-0.082123801
-0.10784269,0.02952285693146979,0.1341646901360105,0.20453980894083765,-0.020411953,0.023408102,0.18337992,-0.018706242,-0.088647701
-0.10642584,0.03159628917471969,0.15065761025759927,0.2242890552008246,-0.0191797,0.026183657,0.20300701,-0.022470571,-0.09267582
-0.12111188,0.029187442916069867,0.12912777611319465,0.19328283551792663,-0.017302606,0.024363561,0.17400917,-0.027654281,-0.079462595
-0.10860825,0.027507540168462536,0.15736120870338394,0.22637248473150637,-0.014549442,0.02370723,0.20735359,-0.029905774,-0.08575917
-0.12007885,0.02614398864366826,0.13623585189239878,0.1969804475879135,-0.014240596,0.022357019,0.18050697,-0.018820999,-0.076578721
-0.11712262,0.024112765978637367,0.13937382949410626,0.19466964784884436,-0.013099226,0.020634862,0.18089309,-0.018698722,-0.069457322
-0.11044921,0.022331748069635657,0.12569568775256362,0.18366759123082008,-0.012453048,0.018974321,0.16688611,-0.027847728,-0.071465477
-0.11980142,0.019739350982877706,0.1678107786553504,0.20476399262598854,-0.0051933229,0.019239614,0.19945672,-0.022631966,-0.040411677
-0.12003407,0.019201351436240504,0.17937113666502266,0.21627538288806275,-0.00379935,0.019246859,0.21123891,-0.025779262,-0.038582299
-0.11775716,0.018168580710766942,0.16481291148884009,0.20352142676600282,-0.0046165641,0.017778011,0.19775349,-0.019293126,-0.044071574
-0.12562293,0.019304303656164746,0.14481720205759527,0.17804920365269727,-0.006347815,0.018276943,0.17320736,-0.017334959,-0.037419628
-0.12561446,0.025163463683293506,0.10645569623231982,0.16392301536625628,-0.013459995,0.021623161,0.14641942,-0.013315842,-0.072489977
-0.10985128,0.024081080136500923,0.1676356772860574,0.2241754353097432,-0.0077692508,0.02286288,0.21071503,-0.03624044,-0.067382731
-0.10897046,0.018255401068546107,0.1705328569294182,0.22529561353862282,-0.0018582266,0.019043174,0.21188727,-0.043896433,-0.06272959
-0.1191987,0.01731640014322172,0.17961643155499285,0.2165683117149479,-0.00087104813,0.018442113,0.21079351,-0.033255596,-0.036905218
-0.11249427,0.02577171504445684,0.2086577730208091,0.2757870986427954,0.0001814452,0.028074389,0.26054257,-0.042556811,-0.079781018
-0.11058169,0.014721004085121213,0.17413296455011615,0.22796900108754048,0.0012004963,0.016501896,0.21450625,-0.048934095,-0.059685748
-0.10676083,0.01310194245899987,0.1655457423867192,0.21871738731756543,0.0038549162,0.015869746,0.20548601,-0.044306878,-0.060412712
-0.12024426,0.011024837236229847,0.1487775507998349,0.20166038790298182,0.0068279826,0.014875253,0.18718453,-0.044759069,-0.060212038
-0.12482774,0.01903630270133975,0.21808392176087807,0.27149447988302766,0.010772347,0.025252875,0.26058263,-0.051940069,-0.055751007
-0.12659565,0.009949882035558475,0.12502957728025602,0.187365297581026,0.0079411929,0.014179994,0.16620713,-0.048565239,-0.07157068
-0.11577578,0.012370131591319295,0.157626492951294,0.22474978047101696,0.0095378831,0.017487012,0.20434715,-0.051682651,-0.077997498
-0.11801,0.007897011478752065,0.14062900735874687,0.19629577889592148,0.011223824,0.013343231,0.17951289,-0.048363082,-0.062993392
-0.12607008,0.007714292059609752,0.13600839097671596,0.19747815878917885,0.012664249,0.013756156,0.17690308,-0.054655906,-0.06867063
-0.11325228,0.005403164574556626,0.1599135982264683,0.20171457347416424,0.015209164,0.012325691,0.18937717,-0.058865447,-0.036877036
-0.12318517,0.004817077586388588,0.15658456726149153,0.1935213438120877,0.016305339,0.012154288,0.18334252,-0.053514671,-0.031180296
-0.10672466,0.007715162269724337,0.15150010714574302,0.21159261753310316,0.012167969,0.013546443,0.19233051,-0.059224315,-0.065367356
-0.10553666,0.01275254424996797,0.1629241117769963,0.21578095586571047,0.0044576619,0.015746024,0.20253798,-0.043800678,-0.06017714
-0.12546483,0.024172454071393283,0.19891985730884126,0.2533556403384673,0.0041625053,0.028026875,0.24182354,-0.045139853,-0.06060404
-0.10549016,0.009502048409475028,0.14084553128075653,0.20215316394009766,0.0093757249,0.014302408,0.18303671,-0.048571575,-0.070740841
-0.10524008,0.008288145820101796,0.14190324838189045,0.20354560217356804,0.01092612,0.013641776,0.18469763,-0.046273854,-0.071946703
-0.1103996,0.024240420730975404,0.22629942464801084,0.29016102107150504,0.0069454424,0.029281998,0.27597997,-0.054659232,-0.070998892
-0.12024433,0.025157797225389137,0.21624898573842116,0.27710572726949817,0.0046927352,0.029322382,0.26381144,-0.050594397,-0.068053767
-0.088902034,0.03515544545969419,0.1486420974423467,0.22801727256508963,-0.026297513,0.027028851,0.20349735,-0.027961109,-0.0989893
-0.1027796,0.035506980904462956,0.14279571130432595,0.22125015439239212,-0.026940091,0.027137987,0.19706793,-0.018798683,-0.098805219
-0.098820053,0.03838538391503179,0.14381573979099704,0.2301062596784029,-0.030503737,0.028752292,0.20222348,-0.017802222,-0.10834037
-0.094036505,0.03383029964018562,0.1425424637000917,0.22287183791431758,-0.024460085,0.026369207,0.19731838,-0.026993243,-0.10004338
-0.090816408,0.03177299277850486,0.13781341603233538,0.21933170051159598,-0.022643309,0.024905406,0.19254847,-0.029134255,-0.10090925
-0.096076526,0.028503192161691997,0.13629747399938968,0.21532113917877513,-0.018844938,0.022965537,0.18996558,-0.023103507,-0.0987041
-0.084294654,0.029061264184472548,0.15059180509184134,0.22880689178499286,-0.018137408,0.023872133,0.2046537,-0.033376686,-0.096723594
-0.09958484,0.02662052555068093,0.13890445412916816,0.21323892812935147,-0.017003935,0.021701742,0.19023836,-0.026298514,-0.092674673
-0.087668434,0.024567123523310346,0.13602782498408636,0.205472134557849,-0.014241381,0.020643642,0.18352793,-0.037972763,-0.084228061
-0.10137434,0.022467537722765718,0.13436116918709268,0.19080981160927118,-0.011461445,0.019542748,0.17492475,-0.03398481,-0.068225719
-0.096642926,0.022642069445701664,0.13911136369482696,0.19712716381438977,-0.010665441,0.020070236,0.18132378,-0.030321285,-0.071143694
-0.089216933,0.02164059903210958,0.1418657775040022,0.19356260725574712,-0.010002295,0.019263767,0.18006559,-0.036138136,-0.0611302
-0.1025102,0.01875845120467543,0.17078322270403923,0.21048192358485157,-0.0046045114,0.018423939,0.20324039,-0.035434276,-0.041718055
-0.095960416,0.01811677468719517,0.1593659085041628,0.19715806188534327,-0.0055271764,0.017335199,0.19071332,-0.027992409,-0.041426513
-0.10250671,0.018654932220879328,0.1738217775046731,0.2136355193896771,-0.0043522422,0.018418562,0.20653179,-0.035302103,-0.04169552
-0.083968937,0.02279458700080573,0.13588970968547862,0.19469900047074346,-0.012492937,0.019460199,0.17850259,-0.02744163,-0.072742581
-0.083912335,0.01911512548212227,0.16052788203540955,0.201831606691455,-0.0067402301,0.017904857,0.19383672,-0.032629456,-0.045810938
-0.098366462,0.02968423808907477,0.19697733700313827,0.2564377502173993,-0.01110403,0.027534399,0.24398971,-0.035126343,-0.070678718
-0.093555093,0.025102379963376147,0.21144537029316923,0.2741395184707764,-0.0025095057,0.026205009,0.26070741,-0.043011673,-0.073035046
-0.091557905,0.01708707233521159,0.18777928563636626,0.22491740867565746,-0.00247656,0.017511481,0.21973255,-0.03051289,-0.037073046
-0.086346515,0.0261368459415821,0.2135041779637734,0.2823690726256458,-0.00093776546,0.027995976,0.26711056,-0.038986996,-0.082850806
-0.10198666,0.023749562543864924,0.20660840222178997,0.27195763085071734,0.0014840345,0.026430519,0.25700712,-0.04500962,-0.076696984
-0.091165759,0.020441756997504064,0.2057449253953396,0.2664913695593709,0.0045579551,0.024141852,0.25331062,-0.043858338,-0.070198476
-0.093323343,0.015899882039351006,0.17860670150392627,0.23459955103410982,0.0046378868,0.019241668,0.22131296,-0.043893874,-0.064271696
-0.092243202,0.012588656096939403,0.1686502131804805,0.22338972269691654,0.0048535266,0.015736017,0.21037251,-0.039408434,-0.063979298
-0.097052157,0.011632870249452688,0.159325922898065,0.2168377333640405,0.0060980595,0.015225962,0.20135793,-0.045135688,-0.066605978
-0.091802791,0.007719550830715349,0.13926477244934457,0.19141104591427383,0.010020547,0.012639684,0.17656566,-0.043789823,-0.059541646
-0.095464438,0.007496707184109707,0.14329761498989926,0.20312872523805156,0.01095311,0.012793445,0.18473607,-0.049456112,-0.068468653
-0.09303844,0.0070932339909997155,0.1862377489079548,0.22671905599297956,0.01516394,0.014142519,0.21729992,-0.054194789,-0.035287391
-0.090290159,0.005606912028948875,0.1781197030345896,0.2160860607708528,0.015368987,0.012614875,0.20577438,-0.059280831,-0.028911473
-0.083962031,0.021150699631598047,0.2130415278596709,0.2780999510648245,0.0054863254,0.025306089,0.26394388,-0.042538639,-0.076574638
-0.10330072,0.023412878796645668,0.2200847044740282,0.28754098287465263,0.0087087573,0.029131472,0.27133128,-0.057361588,-0.075952627
-0.071262039,0.03527204616581823,0.15394503426865902,0.24287079442009926,-0.026146876,0.027219463,0.21469666,-0.019799398,-0.11180139
-0.079794988,0.0360832679320719,0.15215245157612814,0.2346323996540644,-0.027129943,0.027683455,0.20950171,-0.01772131,-0.10415062
-0.066157356,0.03649211084193483,0.15081800812912283,0.240611217366499,-0.028014466,0.027752148,0.21172084,-0.018590327,-0.11279381
-0.070309475,0.038703702415585406,0.15262261201990174,0.24290331656055275,-0.030786959,0.02897788,0.21419021,-0.011411752,-0.11399275
-0.072044693,0.03512381063967243,0.1619551164957275,0.24825414082837205,-0.024511881,0.02775244,0.22206587,-0.022571109,-0.10866192
-0.08088702,0.031119204162232614,0.13440692599452927,0.21139693760880757,-0.022746507,0.024151351,0.18695956,-0.020738678,-0.096460849
-0.079233468,0.03169622613135136,0.14322286168917941,0.22168307881206295,-0.022340784,0.024950424,0.19767204,-0.015535867,-0.099135205
-0.069922194,0.027955569460627456,0.14399024615994857,0.23200625939422295,-0.016172215,0.023505125,0.20237572,-0.033946842,-0.10825241
-0.067986868,0.025660591091932368,0.14446242592196235,0.21934949024095723,-0.016465906,0.020887287,0.19661589,-0.02681195,-0.093474649
-0.063425094,0.026703129764433307,0.15411316445914325,0.23232824000664495,-0.015608719,0.022383714,0.20910215,-0.024722047,-0.098191254
-0.069351643,0.02389306841010079,0.15129600786764166,0.22391110979832582,-0.013048736,0.020417623,0.20254762,-0.0319045,-0.089959711
-0.075684622,0.023841130364811634,0.1497009011514176,0.22289266987360049,-0.012476383,0.020604149,0.2014472,-0.027150134,-0.091449648
-0.079924338,0.021597689431450198,0.16102833940067068,0.21470225478494526,-0.0084866779,0.019860493,0.20276941,-0.026108371,-0.065574214
-0.067396231,0.020333150959924554,0.1647571055200308,0.21584459195472014,-0.0072348993,0.019018097,0.20431238,-0.035850897,-0.059666175
-0.073172316,0.019542085709235355,0.17918818779159823,0.23044670109422352,-0.0047462406,0.019215088,0.22005032,-0.033263102,-0.059808902
-0.061535094,0.023065833578911798,0.16064231214806124,0.2202881439957655,-0.0099478709,0.020835187,0.20570876,-0.028468497,-0.07348685
-0.077323794,0.02888059307765154,0.17882110791224642,0.24953968046545766,-0.013648421,0.025581321,0.2315851,-0.030133175,-0.08792261
-0.060306881,0.0324072045148007,0.14151768533247677,0.22983792606886005,-0.023136277,0.025385136,0.20035492,-0.024960028,-0.10981974
-0.067803167,0.01664823363008164,0.19266519831248535,0.23764042747307926,-0.0027665372,0.016911656,0.23010504,-0.03351412,-0.049004562
-0.070107855,0.027627849238204424,0.20933711181362719,0.283145481243228,-0.0024663836,0.028966883,0.26619694,-0.031037241,-0.091363244
-0.080478407,0.016015988115823436,0.18642039663662674,0.22873770672172367,-0.0009936064,0.016977374,0.22168194,-0.033765893,-0.045143332
-0.065442279,0.016158302191729132,0.20041264995847888,0.24672573050173005,0.00054262049,0.017784068,0.23924641,-0.032603912,-0.050712191
-0.080329865,0.015051252071400727,0.18434990373100998,0.23160163107322465,0.00068417279,0.016641498,0.22274533,-0.034934096,-0.052947544
-0.076477453,0.024115630881550196,0.21665891118732938,0.28370387594258956,0.0015609504,0.02686085,0.26933649,-0.039273512,-0.080020845
-0.073006071,0.015394257285790932,0.18491728303060267,0.23907041813092933,0.0018651468,0.017515419,0.22833341,-0.028941063,-0.064660139
-0.080973998,0.013414228111638784,0.17204585895393104,0.22719582826519788,0.0037448537,0.016162282,0.21433562,-0.038752496,-0.064625308
-0.072945029,0.019877576006772032,0.22447149906529337,0.2875614648603615,0.0082094977,0.025078936,0.27518064,-0.039008409,-0.073794007
-0.068263933,0.010573087679478843,0.14876976848452692,0.21413442418320053,0.0073215356,0.014593991,0.19616264,-0.027396502,-0.081383057
-0.065621294,0.010047789136087788,0.14463295304681797,0.21036635152133015,0.0075841649,0.014134807,0.19202328,-0.024922801,-0.082218707
-0.080575131,0.01074237399132838,0.15273381386227763,0.21077587356345123,0.008205534,0.015153132,0.19521795,-0.039417285,-0.069012307
-0.080204695,0.008862665377949771,0.1516767915646383,0.2045519107265376,0.010459776,0.01406796,0.19135582,-0.036101282,-0.062618941
-0.08063034,0.007575083384304085,0.15629539504338408,0.20317088935629266,0.011963896,0.013307643,0.19241743,-0.037591271,-0.053299524
-0.073725298,0.007636199612320754,0.1540370137278113,0.2000570348875509,0.012359231,0.013541847,0.19095352,-0.021559238,-0.055630654
-0.06630677,0.006540844756091911,0.1411772098022546,0.1901583188156466,0.012630298,0.012466958,0.17902011,-0.021453835,-0.060429458
-0.063871212,0.02167499429016372,0.22690197898674255,0.29183894529424703,0.006567372,0.026334539,0.27918485,-0.035996001,-0.077006996
-0.061066259,0.009673466073594332,0.1420841543079943,0.20716731694157112,0.0081041763,0.013948889,0.18854836,-0.029641708,-0.080555461
-0.068853155,0.024554556428865396,0.22599177272643542,0.29442606821093453,0.0037482337,0.028266128,0.28049165,-0.034912635,-0.082415119
-0.046441622,0.034616561437457706,0.14529753269628384,0.23993467108789293,-0.026262144,0.026458442,0.20802122,-0.017972508,-0.11820663
-0.054712228,0.036480577483215294,0.14698464641543493,0.239192183694214,-0.028717475,0.027441209,0.20850043,-0.022613954,-0.11501774
-0.04635261,0.037444547980018464,0.1467892180155599,0.24078521286377022,-0.029603731,0.028112235,0.20934072,-0.018663311,-0.1174975
-0.050097622,0.03743244067841782,0.16920923451065678,0.2600660013692306,-0.0270955,0.029163763,0.2324903,-0.020901032,-0.11465484
-0.05659572,0.0309896360556024,0.13579078141529766,0.21956613401982028,-0.022288205,0.024205131,0.19201019,-0.018831572,-0.10481768
-0.045587089,0.02939545123585323,0.13519532165821674,0.21208026185610004,-0.019733047,0.023557872,0.1876934,-0.022364845,-0.096171923
-0.056031246,0.027505577649509744,0.1461426709622613,0.22465937439424516,-0.018081211,0.022205951,0.20052738,-0.024086373,-0.098389283
-0.049237661,0.02659442696564677,0.14872205991436394,0.22774052184772028,-0.015346408,0.022376968,0.20296463,-0.034045164,-0.097529642
-0.046783887,0.02474095008638129,0.14516264246006544,0.21526058039910378,-0.0146732,0.020649184,0.19501482,-0.024042604,-0.087910697
-0.046498198,0.022350664384068634,0.14846404183892642,0.20885924815693746,-0.011020103,0.01960312,0.19348054,-0.020849893,-0.075846873
-0.055287041,0.020093205567464002,0.14251351567604256,0.1837683711297391,-0.0085776523,0.018187465,0.17584214,-0.019946592,-0.049522616
-0.046727885,0.01942179498707121,0.16793384462288832,0.209024733231689,-0.0070149451,0.018121401,0.20245667,-0.021867294,-0.047164153
-0.056012031,0.01958887256887724,0.1860122089609398,0.22755526658778474,-0.0056129172,0.018898033,0.22186552,-0.019586213,-0.046620496
-0.0391085,0.019138304422441244,0.1891382832369795,0.23134960132975063,-0.0042781304,0.018975137,0.22584049,-0.014704153,-0.047984362
-0.060127817,0.01712302228238924,0.18952941334355047,0.22641684711256996,-0.004273125,0.016787939,0.22189407,-0.024644753,-0.037686158
-0.043200519,0.02921502344319234,0.17156464479124822,0.24266184881309513,-0.015386816,0.025206728,0.2247677,-0.013640681,-0.090433322
-0.057019822,0.03029289360682075,0.1939025019327933,0.26274505221303907,-0.014553512,0.0267314,0.24702844,-0.025811428,-0.085706957
-0.052842848,0.025164123035813883,0.20337478224008332,0.2703000113294406,-0.0024522496,0.026296388,0.25629011,-0.02100743,-0.083283633
-0.041734066,0.016664846389692577,0.1943884053124218,0.2301831947053101,-0.0025619254,0.017016556,0.22663759,-0.01711389,-0.03642555
-0.05860525,0.026634896589517135,0.21607979402965433,0.2877799622576924,-0.0010384581,0.028494297,0.27211148,-0.031961359,-0.088040449
-0.048134007,0.01621797524916621,0.20080619918797846,0.2416273670382629,-0.0011536296,0.017128879,0.23620796,-0.027916852,-0.042546839
-0.043526314,0.023876596490947314,0.21975435518253172,0.28371641575993634,0.0015314021,0.02658863,0.27178973,-0.023671582,-0.077878132
-0.057645041,0.021778989813703166,0.21811067222597882,0.282101724395407,0.0035386679,0.025161907,0.26958251,-0.031549331,-0.076884933
-0.056496944,0.01359332834576343,0.1821330612285756,0.23596501479164428,0.0028097914,0.015959939,0.22546041,-0.024896251,-0.065017447
-0.047416728,0.014286488320785325,0.18277689381004164,0.238367774072955,0.0033088492,0.016924798,0.22691123,-0.029494165,-0.066787601
-0.047316432,0.014329416825274688,0.18272325971973985,0.238558419933542,0.0035108239,0.017057167,0.22701837,-0.029325644,-0.067177273
-0.040369999,0.011169734794900733,0.15061626715194276,0.2107605959535725,0.0058084805,0.014599911,0.19500211,-0.030488629,-0.073923267
-0.05507176,0.01523085693718384,0.20862202991582726,0.255968956796592,0.010041657,0.02080863,0.24849018,-0.033506207,-0.051478844
-0.051906969,0.007395118787392635,0.1286734859957397,0.17873614281796524,0.0108239,0.012628237,0.1662772,-0.020087512,-0.062409882
-0.051386602,0.0070607162965355946,0.12832764121952284,0.1755322052100562,0.011171319,0.012412426,0.16438136,-0.018152393,-0.058828685
-0.056596827,0.007954095913628067,0.15930429560188622,0.21560778049753046,0.013491303,0.014367733,0.20166057,-0.035783134,-0.067374304
-0.046572298,0.006250009312857023,0.16980527649757865,0.20436031814132702,0.015130562,0.013212305,0.19970143,-0.024389386,-0.03588365
-0.039498057,0.010204122075629303,0.14997871976687327,0.21478230750114682,0.0088783903,0.014854007,0.19704308,-0.029107135,-0.080363169
-0.050442211,0.023659785261055447,0.24323824892497334,0.3038003833871303,0.0073218378,0.028810989,0.29427522,-0.02629566,-0.070748188
-0.020973206,0.037732124723936236,0.14717202071321697,0.23754944366803626,-0.029863916,0.028314205,0.20825906,-0.0082970783,-0.11396956
-0.026345525,0.037967263691880644,0.1522743056781209,0.2476713468574297,-0.029435527,0.028751491,0.21623476,-0.015979234,-0.11970083
-0.023562573,0.03369229123277271,0.14631525805155499,0.2281430704314194,-0.024491437,0.026205972,0.20275083,-0.017148552,-0.1031857
-0.037103336,0.033092325181729956,0.1436385839770784,0.23012257022617527,-0.024169827,0.025690708,0.20177901,-0.025145292,-0.10774666
-0.033660226,0.03242795196380362,0.14386443396376342,0.2273877394976584,-0.023312679,0.025332797,0.20082229,-0.019196019,-0.10491475
-0.032337163,0.032403307109866074,0.14891200093745546,0.23103181167917616,-0.022750624,0.025544602,0.20583235,-0.015310646,-0.10379945
-0.022816146,0.03140879847336481,0.1519785875227374,0.23097672787441498,-0.021386202,0.02504337,0.20757914,-0.015744366,-0.1000663
-0.02190418,0.029130492193645652,0.14576378388865852,0.22536805900200974,-0.02008679,0.023119876,0.20118695,-0.011453206,-0.10091282
-0.037357252,0.025813841618105095,0.14254599542768903,0.21797130719371952,-0.015661998,0.021395011,0.19529685,-0.017143318,-0.095271915
-0.020553362,0.026423745847845532,0.16208731873529117,0.23383135469934593,-0.014332484,0.022621932,0.21493684,-0.010087952,-0.091528632
-0.032518074,0.026019064152225525,0.14394446653103177,0.22090967082310606,-0.014775014,0.021994459,0.1975821,-0.018399648,-0.097076513
-0.027004248,0.02467643003945195,0.1449520423618889,0.2093879925708071,-0.01469514,0.020569779,0.19216327,-0.015378973,-0.081731856
-0.016904401,0.021799022550335147,0.13785690866127018,0.19524604725381345,-0.01079981,0.019097347,0.18075792,-0.010747365,-0.073021144
-0.032542311,0.021847928150794022,0.16497180808969064,0.21994008647464616,-0.0088748904,0.019967556,0.20790824,-0.024076285,-0.067588001
-0.026900887,0.021645708704002536,0.15147423277109956,0.200743132487393,-0.0094442759,0.019506183,0.19056295,-0.015153213,-0.061269466
-0.035778981,0.02027976729908,0.14031460537455828,0.1940178425640925,-0.0091263875,0.018157214,0.18058571,-0.025152724,-0.066325448
-0.027974427,0.019067150542019944,0.18750206692981788,0.22765042492813894,-0.0052560288,0.018482745,0.22201528,-0.025905969,-0.043160308
-0.021997331,0.017750101957659123,0.17902136057408924,0.21364468926397193,-0.0046834191,0.017295014,0.21034712,-0.0010655258,-0.037376557
-0.022086442,0.017655594479305214,0.18260832784165235,0.21755194054621724,-0.0045068711,0.017267285,0.214284,-0.0026700413,-0.037471123
-0.033603169,0.028050155846255823,0.20891000319179046,0.27923923665054956,-0.00433964,0.02863051,0.26435596,-0.018040851,-0.088119268
-0.022090362,0.025341641116051746,0.22108460385311396,0.28813137942478484,0.00035031099,0.027678853,0.27552038,-0.013250331,-0.083262481
-0.030730575,0.02433239797742707,0.2202715947923385,0.28804543220516104,0.0019876231,0.027277449,0.27503487,-0.015376848,-0.084199429
-0.020096768,0.021808847367492067,0.21983903659855675,0.2816447094300884,0.0044759177,0.025592182,0.27095264,-0.01339896,-0.075689346
-0.032756008,0.013342891604351259,0.17158202998210487,0.2191814818005913,0.0031612152,0.015837045,0.21092646,-0.014557365,-0.05778091
-0.021808341,0.012747803538416145,0.16678306989560387,0.21702300336847358,0.0037187326,0.015427217,0.20764062,-0.010016516,-0.062321957
-0.032965012,0.014157978628135493,0.17295419048522023,0.22531480803513196,0.0041419324,0.017138813,0.2153554,-0.014224211,-0.064703062
-0.026625564,0.011663298254366601,0.15546486877726828,0.20968291072741668,0.0059005218,0.015175168,0.19759555,-0.018706122,-0.06762398
-0.034147881,0.020379429734593505,0.22856284142734357,0.2893469775067772,0.008910981,0.025921892,0.27945286,-0.01555676,-0.073387735
-0.016645094,0.01710841069720104,0.20947895327335903,0.2612639709760049,0.008284389,0.022102414,0.25377658,-0.0066723428,-0.061739694
-0.028971873,0.017993817648926505,0.2135046545746592,0.2677400808938879,0.0085124001,0.02316107,0.25922978,-0.018769303,-0.064283632
-0.028906655,0.008309863416113575,0.13500799873927033,0.1877927406977486,0.0098745944,0.013219023,0.17495096,-0.014779965,-0.066632032
-0.020048417,0.008620904385708894,0.12349948380492382,0.18270573634261353,0.0097894054,0.013520765,0.16624594,-0.0056237392,-0.075578086
-0.037291199,0.0066443996683008015,0.12916722941122089,0.17389324034164758,0.011086607,0.011924198,0.16378681,-0.01889297,-0.055279251
-0.019699037,0.005972651241838027,0.1383955529402961,0.1717624043936845,0.012865843,0.011949678,0.16712682,-0.0028896446,-0.03952973
-0.020401232,0.004901434421333044,0.15314855273806904,0.17541632118166167,0.014366157,0.011422796,0.17419152,-0.0094372733,-0.018415699
-0.031579182,0.0030171814788355544,0.15552989864433553,0.16551222715584374,0.01652452,0.010291989,0.16528066,0.0011852395,0.0086715613
-0.037788201,0.02411475678954411,0.23210880356194957,0.2979016182452075,0.0044598281,0.028090401,0.28634724,-0.016173311,-0.080554679
0.0013623673,0.03557001106565778,0.14891742339933278,0.2350904606275563,-0.027373854,0.027022339,0.20814718,-0.0030205247,-0.10923897
-0.0028368207,0.03705488581025712,0.14456606597787758,0.23746245083175993,-0.029484043,0.027739726,0.20666994,-0.0033837324,-0.11689526
0.0059433025,0.037326020682353384,0.1613076775333162,0.2505738057371971,-0.027584171,0.028840724,0.22339481,0.0033401432,-0.1134497
-0.012043905,0.03892299413738644,0.14934714221483303,0.24445874991526806,-0.030972727,0.029137256,0.21305953,-0.0058960766,-0.11971196
-0.015312321,0.03564811352701795,0.16931338165706544,0.2522341726946561,-0.024823805,0.028189618,0.22885105,-0.0072464719,-0.10581476
-0.011786993,0.033063343288416695,0.13993809170695415,0.22460005399633,-0.024242098,0.025628546,0.19744621,-0.0030095803,-0.10700991
0.0025976948,0.03441877987170652,0.17069827010114608,0.24896515866130414,-0.023137869,0.027569756,0.22793056,-0.0033053998,-0.10010187
-0.0065045808,0.03209373743443421,0.16251646328409985,0.23797571046017624,-0.020500563,0.026163392,0.21751642,-0.0023155462,-0.09650743
-0.0063199857,0.029408317299127896,0.1394513554590343,0.21956834253027013,-0.020310309,0.023326816,0.19463216,-0.00084204302,-0.10162613
0.0033356331,0.029500422372761792,0.16132937714309153,0.24478585879983447,-0.018501842,0.024194524,0.22042292,-0.0037972005,-0.10639283
-0.014010483,0.028010078565888125,0.14508043388742345,0.21872024894841396,-0.018961463,0.022380376,0.19740765,-0.0088406987,-0.093758248
-0.00069764111,0.02686143779475316,0.15114682714366254,0.22973899417837562,-0.01720788,0.02187689,0.20673312,-0.00099788047,-0.10020193
-0.012236102,0.026068747215694354,0.1637462063671755,0.23130021925745525,-0.01317003,0.022729708,0.21438456,-0.012089555,-0.085981943
-0.0040933932,0.023900057273122072,0.14735206977936385,0.20582217690591914,-0.013041693,0.020428205,0.19174598,0.0054895878,-0.074606381
0.0047053671,0.023739927193958787,0.15390875904540433,0.21824258962685092,-0.012649446,0.020420745,0.20213228,-1.4653724e-05,-0.082294405
-0.0093807727,0.020897822115107472,0.17448419071502091,0.21899834341759208,-0.0077850129,0.019398024,0.21190521,-0.016836461,-0.052659187
-0.0084709357,0.020227667607186785,0.13806693810275616,0.18094422784155614,-0.0090959333,0.018113542,0.17252968,-0.012442231,-0.053099096
-0.00065080239,0.021626212143025837,0.19546262229177633,0.23913383640496044,-0.0056611933,0.021090826,0.23372994,0.004083585,-0.050384831
-0.0035560292,0.017207798180176207,0.17573111468812208,0.21034211659970595,-0.0053550247,0.016420797,0.206926,0.0011431052,-0.037737645
0.004438079,0.017288562199832585,0.18070005131291111,0.21645196205109954,-0.0043204376,0.016947692,0.21289396,0.00058935594,-0.039080255
-0.013310018,0.027824460354912848,0.21116335704126532,0.2756258123751095,-0.0067080664,0.027379986,0.26345983,-0.010948628,-0.080241099
0.003428305,0.028030105679312092,0.20714563322009283,0.2723934225195119,-0.0062366272,0.027803505,0.25977477,0.0041347751,-0.081842221
-0.014213944,0.018202851458155627,0.20160394119963615,0.24372513388660552,-0.0019542398,0.018945331,0.23905627,-0.0049748677,-0.047215372
0.0038516796,0.017628850096708164,0.20718063424982439,0.24824013862889885,-0.00067629747,0.018864213,0.24413653,0.0018708423,-0.044911258
-0.011787958,0.01423959873174323,0.1854627600136555,0.23297592815409615,0.0020008611,0.016318651,0.22581294,3.4727171e-05,-0.057326242
-0.0043304898,0.0218253975611766,0.21757626528305316,0.27883657604096346,0.0040786704,0.02544154,0.26840082,-0.0039118831,-0.075468756
-0.014382191,0.011955171684049845,0.15821733466496538,0.2178477103347766,0.0046192403,0.014948376,0.20409955,0.0063149151,-0.075902045
-0.0031590906,0.013638747051717803,0.1737265671403298,0.22579078976513076,0.0051828036,0.017016564,0.21624695,-0.0040298346,-0.064826675
-0.011759909,0.021000126841183152,0.22827829230174151,0.2880756147415007,0.0074929069,0.025994256,0.27876213,-0.0049617975,-0.072488725
-0.00077472848,0.010853155266637398,0.1494444269449676,0.20366770774334395,0.0050580036,0.013937433,0.19162585,0.0018519061,-0.068968393
0.0041260435,0.019249311526325516,0.22642716073597074,0.28171973810202394,0.0091555035,0.02479797,0.27391022,0.0031772705,-0.065795951
-0.0079286899,0.010176066788352419,0.14501742307189092,0.20310756239366087,0.0071687698,0.014097838,0.18898219,-0.0072106696,-0.074070372
-0.0022656252,0.01747227680975722,0.2263669326334394,0.27663687980987195,0.010971072,0.023638133,0.27050304,-0.00098094635,-0.05792328
-0.0010330877,0.010387439422032272,0.15638854693772714,0.21506849782401488,0.011027065,0.015965214,0.201608,0.0051651406,-0.074712746
0.0012592699,0.0071603862416202025,0.15678059563049315,0.20053921516788029,0.012774956,0.013201407,0.19278397,0.015800562,-0.052921262
-0.012428933,0.006343539023071524,0.1409775992540767,0.17692684672574663,0.013102503,0.012453052,0.1715032,0.0045597078,-0.043231592
0.00025116932,0.0038826211523903227,0.11613595643990712,0.1481294206062575,0.013919566,0.010126431,0.14235322,0.014951289,-0.038135875
0.0042114551,0.023334131132067486,0.22791075265285202,0.29122450903176467,0.0040924065,0.027086399,0.28062361,0.002640065,-0.077814743
-0.012862316,0.024983558850444544,0.22431204655265857,0.29096232144575696,0.0027099831,0.028291468,0.27885675,-0.0056388867,-0.082862467
-0.003884769,0.025902815775004695,0.2227780350728117,0.28812115529835886,0.00043114991,0.028322805,0.27644008,-0.0042730109,-0.081095152
0.01310646,0.035435000978651404,0.14812271287424364,0.2332116343503159,-0.027244488,0.026930582,0.20670249,0.0050930902,-0.1078694
0.018756863,0.03546208824774607,0.14992338843842395,0.23753987313986166,-0.02720272,0.026977738,0.20985615,0.011541459,-0.11069048
0.025654634,0.037001653732332884,0.15886222575772282,0.24938520719777166,-0.027634729,0.028466884,0.22122985,0.01073939,-0.11460803
0.027131971,0.038782208162266726,0.15187322799139738,0.2428461968483132,-0.030548409,0.029164424,0.21358737,0.015705017,-0.11449045
0.0082636932,0.0310055016657863,0.14868863657243836,0.22896372342434332,-0.021141425,0.024709146,0.20488556,0.003686426,-0.10214061
0.016620718,0.03091108877663544,0.1571830434565603,0.23241575347667923,-0.020005293,0.025088839,0.21147694,0.0096012456,-0.095929153
0.019638702,0.0288031483729708,0.13898980404078357,0.21865360727711997,-0.019832939,0.022872016,0.19368345,0.01346557,-0.10057236
0.011528491,0.028568802039233503,0.14835181110184106,0.2308611556141976,-0.01926456,0.022858694,0.20561817,0.0070688021,-0.10472857
0.026617713,0.028692981883121138,0.15603763049755154,0.23457364632296218,-0.017234819,0.023855172,0.21193381,0.011021132,-0.099936932
0.018651752,0.023707550055338766,0.1488971092552387,0.21896347110701872,-0.012853785,0.020298835,0.19978952,0.00084389135,-0.089601547
0.023670217,0.0232787155427399,0.14269342581645944,0.2075341633773819,-0.012664038,0.019913509,0.19021861,0.00312356,-0.082931012
0.0097041158,0.023135372259285764,0.15077096465692408,0.21339921236922121,-0.011483001,0.020259107,0.19778706,0.0023173569,-0.08008828
0.011465124,0.022391068515491774,0.14506865753072784,0.20401322740605246,-0.011175244,0.01958116,0.18949217,0.0082457215,-0.075140685
0.024643933,0.020492338999986412,0.1397853717988013,0.1892790393040602,-0.0094970278,0.018230816,0.1785374,0.00052504317,-0.062854402
0.027902232,0.019434634128358375,0.16663638138604703,0.2078680176447785,-0.0068740956,0.018195136,0.20169096,0.012650833,-0.048680857
0.013744044,0.01871402351803487,0.16452603569923605,0.20027540197003352,-0.0056699021,0.017923443,0.19579342,0.012652535,-0.040188141
0.028299592,0.0342966589382048,0.1861284981563668,0.2593562312002822,-0.02046027,0.028573662,0.24174628,0.012074322,-0.093159012
0.021016812,0.029730682664641524,0.20952036859723341,0.28222808830709994,-0.0086304452,0.028634829,0.26657259,0.012974001,-0.09177921
0.014107847,0.027870710267947157,0.2170437087578711,0.28535565776471733,-0.0031352115,0.028946817,0.27205688,0.010586784,-0.085444868
0.019085387,0.018609142814438644,0.1872627671865297,0.23428238142948996,-0.0023814214,0.019205382,0.22711186,0.01403853,-0.055779539
0.011833332,0.016394224473382853,0.19066543288506188,0.22824430168786924,-0.0017364137,0.017072972,0.22450517,0.0041971994,-0.040930104
0.025283415,0.015658118334726936,0.19260330460239483,0.22961098933826585,-0.001169698,0.016513852,0.22597118,0.010196296,-0.039424203
0.020542717,0.024805904049034957,0.2133188258829749,0.2778844783216212,-0.00029774036,0.026821768,0.26572284,0.014219918,-0.080055915
0.011048087,0.015350667856779873,0.19298992334687978,0.23573770686836107,0.00064412225,0.016949771,0.2305444,-0.00025256551,-0.049208559
0.011855233,0.02315330572580284,0.22472201755731686,0.2855435887202804,0.002575425,0.026246037,0.27561912,0.0081056589,-0.074185848
0.02760667,0.014303981844988841,0.18262874041577762,0.2298986437788447,0.0023807723,0.016549857,0.22243959,0.012915255,-0.056632247
0.021911718,0.014824884473548083,0.18119591923817105,0.23494868068352487,0.0033156853,0.017512592,0.22502249,0.012605515,-0.066384204
0.017773053,0.010977818725088052,0.15192764546830922,0.20822407662584097,0.006855492,0.014835851,0.1950915,0.016943978,-0.07077764
0.025488568,0.018418940585011572,0.22353518328051572,0.2785097193899096,0.011103485,0.024722757,0.27045813,0.013661518,-0.065064788
0.01112837,0.010236123061136793,0.14107233475084927,0.19560719466964557,0.0077892053,0.01442644,0.18269628,-0.0085824905,-0.069358379
0.011658327,0.009456288905662542,0.13919239583199322,0.19250748104452783,0.0086431969,0.013941757,0.18005411,-0.0048066531,-0.067945153
0.021489559,0.007557613926968231,0.15419189662743196,0.19439882430899674,0.01155656,0.013115761,0.18804547,0.0094264504,-0.048383325
0.013034425,0.0068297628670199225,0.1346465462702796,0.17828523148698389,0.011327874,0.012227981,0.16959441,0.002278513,-0.054937858
0.02435765,0.007836732592003454,0.17058862967009555,0.20726694232295748,0.012679516,0.013895651,0.20300914,0.0032215363,-0.041671287
0.013784123,0.005788903547759558,0.1564618264831643,0.18940829159738576,0.013604938,0.012063789,0.18560681,0.0083219856,-0.03682876
0.02398934,0.021983146413882066,0.2295460051747378,0.2930733619595695,0.0072854776,0.026974121,0.28233427,0.012178961,-0.077659696
0.014565311,0.022111239788060816,0.23795975102127245,0.2995702928362975,0.0085869245,0.027665708,0.29007396,0.0083701722,-0.074359924
0.026216701,0.026248012198171893,0.22239640664363958,0.2914593785511294,0.0016609809,0.029219845,0.27813223,0.013601437,-0.086058311
0.036438361,0.03511868513737032,0.14554292743814656,0.23363777767783037,-0.026218936,0.02702227,0.20514365,0.015039072,-0.11079946
0.044085369,0.03676927585346636,0.1460869221593341,0.2323079999039915,-0.028720673,0.027753482,0.20472215,0.017384045,-0.10841422
0.043984242,0.03337409579515388,0.14300371440060072,0.22464913974990652,-0.024345756,0.025922135,0.1991286,0.013407212,-0.10312751
0.028516972,0.03170932161058034,0.12852643653357188,0.20676937464074993,-0.024026223,0.024249224,0.18138735,0.013148715,-0.098383509
0.035309803,0.030692148927849487,0.1452470376377609,0.2275074718061403,-0.021444602,0.024240041,0.20186085,0.015252675,-0.10382294
0.038107231,0.030515643149725845,0.15157210899983967,0.23411911027271948,-0.020616956,0.024399607,0.2088806,0.018130409,-0.10417265
0.048395652,0.029423818323083228,0.1411998512608505,0.21567549576119258,-0.020462878,0.023278894,0.1933044,0.01757749,-0.09402319
0.045938563,0.02865551722781617,0.16598569885684433,0.2379778110720001,-0.016169891,0.024266507,0.21919878,0.01400859,-0.091591991
0.049370639,0.025679021930062912,0.15349105109028816,0.22297696048201532,-0.016302854,0.020976521,0.20360862,0.026847925,-0.086841486
0.029836528,0.02583249890436097,0.15027946696062033,0.22771582848807786,-0.014742536,0.021805568,0.20467806,0.02096343,-0.097580351
0.037070185,0.02383903078516399,0.1435958510061742,0.20479201543327663,-0.013641642,0.020107245,0.1889956,0.013300153,-0.0777402
0.045450076,0.023824664910868657,0.14884614263431786,0.21158043915752922,-0.012318375,0.020653332,0.19536582,0.017559577,-0.079310402
0.033264574,0.021537897640293988,0.15559718584794488,0.20966840726847844,-0.0090207439,0.01956884,0.19786069,0.01415006,-0.067909971
0.043906368,0.019161116295294208,0.15622853070552611,0.19530851978945588,-0.0072264653,0.017748425,0.18953796,0.0064108926,-0.046687044
0.037772954,0.018998452832368538,0.1871511937225172,0.2320271724647316,-0.004854369,0.018578609,0.22557351,0.014252917,-0.052440964
0.050347161,0.01946076505501499,0.19180611234451567,0.233068180467489,-0.0045168335,0.019224122,0.22675328,0.03206607,-0.043306973
0.049945034,0.01832446256062251,0.16807483043429763,0.20708235421126772,-0.0055577056,0.017547864,0.20018616,0.033017274,-0.041454341
0.049391549,0.017739810073972434,0.19025430864749146,0.22920042787233774,-0.0042306674,0.017476015,0.22408155,0.02530971,-0.04098431
0.037513629,0.02392184662463663,0.16998220167991634,0.23180731185757997,-0.0090009635,0.022167064,0.21775711,0.01541303,-0.077967361
0.030819736,0.028389423650396563,0.21662934087971147,0.2868353138725185,-0.003990477,0.029147288,0.27269822,0.01277949,-0.088016264
0.050228324,0.025783238995805802,0.22186529088075466,0.2867418562290637,-0.00079972058,0.027670428,0.27467456,0.022152966,-0.079271838
0.035456561,0.01640642656997348,0.19524164782079095,0.23564989468567854,-0.0012859014,0.017277459,0.23073141,0.0191803,-0.043886278
0.041583966,0.023561814659559643,0.21740846318929716,0.280218815126089,0.0026834528,0.02673568,0.26863736,0.02260785,-0.076455466
0.039849602,0.013260713258529813,0.17915622250409372,0.22680691404817183,0.0027509183,0.015573609,0.21861237,0.021387056,-0.056503113
0.031218272,0.02258395684044593,0.22268873200237008,0.2850041035862041,0.0048267036,0.02658313,0.27414498,0.017564457,-0.075916789
0.03228711,0.013055524356007903,0.16667459785690267,0.22028347298194625,0.0046657459,0.016163496,0.20914403,0.020221295,-0.066141382
0.041905373,0.019120682899143326,0.2155446448996215,0.2720297727719167,0.0076254411,0.02400876,0.26229414,0.0284376,-0.066281855
0.041397441,0.012706383860421198,0.1647916960830927,0.2225510118334922,0.0066339225,0.016619645,0.20946573,0.022573516,-0.071718179
0.050485656,0.019485834019028314,0.22896666121588466,0.28606671702477354,0.010230369,0.025511172,0.27708465,0.024481656,-0.066775084
0.034280475,0.011106744764328812,0.1546325460237274,0.21478051111968213,0.0073366486,0.01518015,0.19956817,0.027706547,-0.074401349
0.050278541,0.009096353801552859,0.13506467976079106,0.19742565807430865,0.0089490507,0.013680565,0.17983924,0.023457726,-0.078003034
0.030540137,0.00786982112649939,0.12499033008695905,0.17763377746350664,0.0095327944,0.012595893,0.16414531,0.012082824,-0.066813782
0.044062302,0.008842529632913328,0.14552109619704773,0.19867984588870044,0.010801322,0.014191063,0.18642493,0.01621596,-0.066756792
0.039753173,0.006709428719758342,0.18311079067714306,0.2197570539099358,0.01504524,0.013675183,0.21575494,0.01306934,-0.039650485
0.048584692,0.005036620786104607,0.13627391661774346,0.1668125294765716,0.013856355,0.011353259,0.16189428,0.023489969,-0.032632552
0.030174349,0.003860262425741231,0.1348323843953222,0.15376260976803147,0.014281278,0.010255679,0.15283826,0.0076674311,-0.014987226
0.048271976,0.024542775508521974,0.23332635386837883,0.300053851335892,0.0050776396,0.028817629,0.28778011,0.026153063,-0.080814227
0.071575776,0.034848302392253824,0.1442008248231445,0.2309064218320008,-0.026447477,0.026631527,0.20282741,0.018607883,-0.10877759
0.064225934,0.03666477126130936,0.14582180203172557,0.23529170522893195,-0.028066946,0.027917443,0.20573641,0.024625951,-0.11148219
0.058851082,0.03309841255294928,0.14501391988056492,0.2248303704609718,-0.024070283,0.025739575,0.19995156,0.024160964,-0.099921554
0.067973986,0.03432917930274153,0.17167038718571695,0.25190221874373053,-0.02303254,0.027517127,0.22929698,0.026651958,-0.10083301
0.063701876,0.03191611677507948,0.14130668348914657,0.23034816885910325,-0.023309097,0.02477828,0.19992441,0.033675838,-0.10934554
0.056451451,0.032339680465890655,0.15490572430136357,0.23543766441954195,-0.02246123,0.025598321,0.21142721,0.019966671,-0.10164035
0.053559687,0.033320571048308364,0.16383740191195373,0.24188792902357975,-0.022260275,0.026749222,0.22009365,0.01510791,-0.099198319
0.060223296,0.025951042697137227,0.1425011658786919,0.21681598882738737,-0.016953563,0.020995824,0.19432007,0.024165543,-0.093085498
0.064403661,0.024429520046484923,0.14210779880788293,0.20956781400494995,-0.013099,0.020979067,0.19024391,0.024237625,-0.084489413
0.057105411,0.024530704129171646,0.15873016865636264,0.22126929699823972,-0.011900461,0.021597739,0.20582038,0.020328851,-0.078643568
0.056756917,0.02198790936979685,0.14691271028698982,0.20280465067944978,-0.010331057,0.01950152,0.18919209,0.021817494,-0.069714248
0.068902887,0.021932987670329595,0.13544665759786154,0.18749356013477778,-0.010931529,0.01918697,0.17422658,0.026983917,-0.063802838
0.065202758,0.019052948087126324,0.1506000937881945,0.18954303693808958,-0.0075353961,0.017499782,0.18290007,0.020200433,-0.04545404
0.062641293,0.018675263554791252,0.19211042560324584,0.23232233265850663,-0.0044099209,0.018416166,0.22721264,0.021123964,-0.043610327
0.070521586,0.02305593096101563,0.17497093953535275,0.23909702601467553,-0.0077381525,0.021762399,0.22332393,0.034068838,-0.078314267
0.058978114,0.02636602618298718,0.21028809003364915,0.27655938872867597,-0.0041917567,0.026863711,0.26256123,0.032989249,-0.080364205
0.071018197,0.029041414385272447,0.21058844354412276,0.27775548536317046,-0.0070716254,0.028547715,0.26376,0.028031696,-0.082419634
0.064235352,0.015989849511359965,0.2034026655143249,0.24265425810905655,-0.0015238288,0.016723912,0.23780473,0.027510189,-0.039663445
0.07102184,0.014625165042186755,0.189651399949256,0.23957492741722974,0.0019826104,0.016729768,0.23091929,0.025184158,-0.058636043
0.072054289,0.019573824342830445,0.20080319970819904,0.2595733677718183,0.0037394487,0.022851529,0.24819233,0.027712284,-0.070787922
0.060180865,0.013966914227114593,0.17599951176797243,0.23237054462670367,0.0037596666,0.016768986,0.21979471,0.033881754,-0.067367516
0.0725343,0.01283007694327376,0.17365411173001838,0.22990118856244762,0.0039053666,0.015595817,0.21770833,0.027777066,-0.068454906
0.051390406,0.011893577171907053,0.16141185594264898,0.217928492096356,0.005289977,0.015166173,0.20507731,0.02306423,-0.07002975
0.05588783,0.01804593803082096,0.2024428093928343,0.25733508374583536,0.005053421,0.021749442,0.24754861,0.02657547,-0.065075152
0.051515419,0.011063432685893288,0.15249555306258114,0.2118384174437446,0.0062865098,0.01468734,0.19705422,0.024017336,-0.07394807
0.064686403,0.01085548166066561,0.14767305099700503,0.21083214398814654,0.005927932,0.014309223,0.19322824,0.033783492,-0.077276878
0.058704808,0.011094117707913846,0.15084476103099997,0.21757009374569766,0.0069515905,0.015002985,0.19900057,0.02977564,-0.082758263
0.065097377,0.018113705643213962,0.2218652365601055,0.27723842771282614,0.011196697,0.024430728,0.26805484,0.030870726,-0.063676894
0.072278671,0.008774932798425377,0.15042890994245306,0.2084462210931329,0.012277048,0.014744037,0.19286995,0.037913907,-0.069379717
0.064256005,0.007987625563011982,0.1497222023256495,0.20013550627335497,0.01270445,0.014070159,0.18857244,0.027673664,-0.061064098
0.059103284,0.004710618106328033,0.14164606846011876,0.17275322937145085,0.01460796,0.01131814,0.16883229,0.0099140545,-0.035228506
0.072209008,0.004701454057662776,0.1584036924274341,0.19104376483120253,0.015423609,0.011654407,0.18436177,0.04088711,-0.028925803
0.065177158,0.021744914950350608,0.2193823384783652,0.28228333720945037,0.0068282755,0.026521245,0.27013406,0.033121124,-0.074929722
0.056884576,0.022285119240472075,0.23348411654443643,0.2937345870072643,0.006768723,0.027082823,0.28373367,0.027414795,-0.070877649
0.070015699,0.024135396316866085,0.22165567950385906,0.2869477145279429,0.0052505983,0.028448485,0.27421921,0.03071689,-0.07873556
0.094432361,0.035394919494413986,0.15366424019035163,0.24058946141713194,-0.026026079,0.027404223,0.21327175,0.021951225,-0.10916315
0.087660253,0.03809894635902758,0.1392749035473027,0.22846048047620182,-0.031035287,0.028215488,0.19855917,0.019345822,-0.11132918
0.094338946,0.036884543713869206,0.15414077729736303,0.24111281856371555,-0.027821252,0.028260486,0.2138418,0.021529904,-0.1092865
0.087973885,0.03677166780384998,0.1629496293249334,0.24838440502535422,-0.026817301,0.028564014,0.22262886,0.024232404,-0.10744298
0.076437533,0.03317847447159471,0.1430456379918827,0.22540223853838948,-0.024667129,0.025573205,0.1993559,0.018428545,-0.1035557
0.078549795,0.0343921345854494,0.15592400192814132,0.2388412655263941,-0.024486603,0.026968306,0.21357603,0.024378959,-0.10409657
0.084919043,0.03135246049301829,0.15202509536450431,0.23031136966771878,-0.020638701,0.025299462,0.20674345,0.026470445,-0.09797851
0.074115507,0.028638886106933634,0.14912709567000476,0.2297299873132242,-0.018494869,0.023261545,0.20532195,0.014327234,-0.10204653
0.083279021,0.027339368766680538,0.14983120175708753,0.22378601456289685,-0.018015938,0.022053095,0.20238365,0.020297427,-0.093322307
0.088867828,0.028346255902720455,0.1472912257928315,0.2273514712076455,-0.017250322,0.023471922,0.20211823,0.031571362,-0.099197589
0.075752944,0.026766472552753343,0.15339855210887354,0.2297896970058319,-0.016365558,0.022131268,0.20753044,0.021386223,-0.096317448
0.091011524,0.026949628861541352,0.14185999198145519,0.2255222490637259,-0.016386157,0.022321498,0.19736724,0.039010253,-0.10190514
0.077146031,0.025331360754329915,0.15572370290188461,0.22673682909718576,-0.014084585,0.021540435,0.20686913,0.026977068,-0.08880873
0.089499407,0.022417496955394724,0.14272278898099544,0.20993805664399084,-0.011174035,0.019610384,0.18954611,0.039258052,-0.081271552
0.086319111,0.021371134176392425,0.1490273286696513,0.20373500716558945,-0.0093119126,0.019264081,0.18988697,0.033209886,-0.06593933
0.081895262,0.01926041830918519,0.17203067119301643,0.21584821656101763,-0.0057299496,0.018491536,0.20707922,0.038023982,-0.047569171
0.078673601,0.01835546624886096,0.16748632825495635,0.2076855592284273,-0.0054206708,0.017639713,0.201354,0.022367243,-0.045711756
0.078405552,0.017638175261538127,0.18346668152840426,0.22420886040196114,-0.0044539715,0.017270816,0.21856895,0.020949392,-0.045369044
0.092885874,0.018031425892033853,0.16658034646242748,0.21169491556003314,-0.0047946982,0.017553398,0.20178905,0.041103393,-0.049055353
0.083009891,0.02896231755614291,0.1986561196899999,0.26904838227398425,-0.0057417122,0.029026302,0.25214878,0.038471028,-0.085603766
0.087303191,0.02566006436482445,0.2076733443259995,0.27702970473834426,-0.00085357763,0.027513755,0.26112747,0.039443955,-0.083678409
0.088075675,0.016141142378278406,0.1918212470194683,0.23482821607059823,-0.00011640626,0.017485686,0.22806433,0.031336755,-0.046356879
0.07681518,0.025111041873662174,0.22017408801904748,0.2849796135169613,0.0011841034,0.027782263,0.27200156,0.035394713,-0.077302948
0.089539997,0.013024929327606722,0.17447464120425343,0.2229018664616092,0.0026160842,0.015260229,0.21391848,0.025026232,-0.057426594
0.079771034,0.021386687125533467,0.21220417555153875,0.273729166713645,0.0038275451,0.024858346,0.26089329,0.04178125,-0.071530938
0.087848648,0.021301349361403484,0.20715409574874527,0.2694080351259224,0.0042065112,0.0249265,0.25634935,0.037769336,-0.073750779
0.093938529,0.013387041637534663,0.17396629585613932,0.22924811805653497,0.0060400059,0.017106982,0.21676295,0.035883158,-0.065428756
0.082386315,0.01251091657469109,0.16286113237837238,0.21976105583992808,0.0056267907,0.015979795,0.2062552,0.031297281,-0.069095545
0.078283995,0.009946343772246425,0.1457973840440355,0.20403798495520054,0.0083012115,0.014328969,0.18855685,0.032039966,-0.071072176
0.083598241,0.008645965266483785,0.13116749653251525,0.1841674925305348,0.00892419,0.013180728,0.17014919,0.026880367,-0.065148786
0.076712988,0.014549347574468734,0.21432339454638627,0.2593252700218333,0.012306686,0.021029713,0.25198844,0.041410413,-0.045128699
0.093031093,0.00649015013035523,0.13039973071586838,0.17402264898223177,0.011690517,0.012012972,0.16278881,0.036142193,-0.049773764
0.087409072,0.004908011464498669,0.14878930847906982,0.17860021343763519,0.014337432,0.011417748,0.1727789,0.036833666,-0.026244409
0.08107882,0.006006858206008052,0.17332749215153467,0.20853710827857205,0.015364236,0.013047344,0.20279641,0.034560077,-0.034160543
0.10222059,0.03911394576467363,0.14007641575224372,0.22488066846969657,-0.031378429,0.029172488,0.19753769,0.011343624,-0.10687141
0.10624825,0.034608688870015974,0.14505772517737442,0.22131688179131373,-0.02464175,0.027137706,0.19834556,0.02047484,-0.096025944
0.10180502,0.03292893331037969,0.1342176002994343,0.21556243678408718,-0.024346251,0.025438318,0.18915617,0.016079674,-0.10212028
0.11425842,0.033390084098055675,0.1287129478128317,0.19473419713731965,-0.023724671,0.026203139,0.17523141,0.016099254,-0.083403684
0.098952502,0.033305840501954787,0.148492710553576,0.23210711998643843,-0.023100613,0.026376517,0.20604853,0.017674511,-0.10538183
0.10646732,0.029115414703089242,0.13894312744994503,0.21412051042614574,-0.018612998,0.023729084,0.1910568,0.020345028,-0.09450382
0.11364708,0.02942816845141053,0.13105509770892196,0.19784662810471618,-0.019113099,0.023856567,0.17818631,0.016568322,-0.084370717
0.096618839,0.02162020022844301,0.16542812662002787,0.2238518184932898,-0.0075009936,0.020303346,0.20934623,0.037558738,-0.069807835
0.10350492,0.02580321887935257,0.14508078016443748,0.2206706735096892,-0.014986801,0.021670075,0.19788946,0.023037655,-0.094892435
0.099307016,0.025497784971135785,0.14099817903925932,0.22212413677944257,-0.014914723,0.021368859,0.1959451,0.02814224,-0.10076043
0.11350604,0.02502217417847425,0.13033651683676153,0.19298533699770223,-0.016095491,0.020350968,0.17515841,0.01760054,-0.079076499
0.097349823,0.022772024834773138,0.132183721458258,0.21172103156055663,-0.012759307,0.019322621,0.18485396,0.034768794,-0.097190224
0.10715098,0.024518646104833564,0.14905182815896723,0.214348372862241,-0.011337296,0.021823689,0.19659343,0.025005395,-0.081676058
0.1149765,0.019972746392213504,0.16391192229018267,0.20887161996584458,-0.0050296136,0.019562656,0.19885418,0.041064031,-0.048970543
0.1109349,0.018713099814522606,0.12939284151103786,0.17197731592106932,-0.0065219798,0.017560754,0.16200037,0.027973359,-0.050493252
0.11076894,0.017660636473365913,0.150475022909979,0.1932099164288666,-0.0049769683,0.017073218,0.18428242,0.031081302,-0.049030747
0.096467495,0.027871794590854926,0.20137417635706453,0.2682811827618834,-0.0040033972,0.028579472,0.25300828,0.038125917,-0.080672286
0.1066655,0.028878464739416285,0.19363103250948738,0.25887558499888447,-0.0053254534,0.029111899,0.24383461,0.036600348,-0.078877538
0.11291081,0.030533223001347032,0.18181546772859206,0.24067821354055627,-0.0089979488,0.029350681,0.22831643,0.023083672,-0.072558627
0.1061454,0.020559922760987687,0.17787759299529238,0.22570700661328166,-0.0034443703,0.020873437,0.21703216,0.026434464,-0.056052774
0.11643266,0.026286401399072727,0.19609431357819232,0.2549075863035965,-0.00061568775,0.028295161,0.24312955,0.028937079,-0.070912234
0.10378642,0.023741682412521867,0.20747449255326333,0.26656735451833646,0.00065359339,0.026069457,0.25442868,0.040556435,-0.068405971
0.095683046,0.023029403855442415,0.20672484477658531,0.26841841241406694,0.0019661523,0.025852814,0.25507089,0.042739429,-0.0718375
0.10434856,0.01458514090255645,0.17266646165997673,0.22229461675999668,0.00089151773,0.016223146,0.21171427,0.03686104,-0.056861483
0.097683042,0.01348922225778234,0.16690700675477702,0.22081108318171322,0.0023989466,0.015672449,0.20860556,0.033310521,-0.064278021
0.10135189,0.014537434232410877,0.1727825830967103,0.22963390866593458,0.002754777,0.016962226,0.21616463,0.038846605,-0.067048684
0.10995195,0.013552936584465162,0.1704668568609436,0.2163459078982232,0.0028886418,0.015949529,0.20609324,0.043654338,-0.049248625
0.099070087,0.017311931336018514,0.2016967304872487,0.25551279366720586,0.0075752144,0.022022484,0.2435161,0.051790133,-0.057484597
0.11619401,0.013086468398711582,0.1471629628038139,0.2038615119660161,0.0073100762,0.017319564,0.1873641,0.047533218,-0.064767301
0.1089594,0.009310869915865546,0.13039688298012742,0.18808926472763168,0.00817791,0.013586277,0.17009351,0.04425076,-0.066989847
0.10957117,0.008714825233754471,0.1325884944632739,0.189250491396896,0.0091211116,0.013339123,0.17148551,0.047196694,-0.064660192
0.10114598,0.006720918278789708,0.13808527861365458,0.1820043605953066,0.011809138,0.012314021,0.1694475,0.048128128,-0.045790996
0.11530422,0.006333021386976729,0.13802751588928833,0.18147436947553236,0.012361347,0.012127024,0.1692552,0.047081485,-0.045485798
0.098788641,0.006739367972695814,0.16625630271297617,0.19980614289353277,0.013309406,0.01297089,0.1926264,0.04490814,-0.028298829
0.10942465,0.006065311514202985,0.16271610074229229,0.20150143508840937,0.014123019,0.01258398,0.19103774,0.054564934,-0.033616636
0.11326553,0.003538314250600135,0.16646380406907635,0.1943343826788349,0.016709445,0.010936623,0.18784845,0.046969973,-0.016511625
0.10909537,0.024007336004001095,0.21883433374064204,0.2826202727125938,0.0069310199,0.029022662,0.26898041,0.04587676,-0.073614404
0.126541,0.034947762144313846,0.10216519301207268,0.1656919642121901,-0.027240992,0.026402749,0.14490099,0.0086348802,-0.079893485
0.13428217,0.03622617335151736,0.07797578425629137,0.130089111142241,-0.029099567,0.027002646,0.1123302,0.0084292879,-0.065069579
0.1192588,0.03546568413065173,0.1250932544132535,0.19011178264274617,-0.02717573,0.026993101,0.17077258,0.015113514,-0.082163237
0.12393998,0.03713966329126752,0.12406333053053048,0.1855483792403193,-0.027540302,0.028656894,0.16791442,0.011776735,-0.078065723
0.13557245,0.0330815266748049,0.08250407572321879,0.13308092368153496,-0.023219198,0.026082495,0.11670834,0.0044666128,-0.063794553
0.13602017,0.03218013852681884,0.08135828137036438,0.1310358487781741,-0.022246812,0.025516016,0.11499026,0.0043497924,-0.062679447
0.13547739,0.030594986144426663,0.08721387459056344,0.1357899758191149,-0.020467369,0.024549298,0.12088831,0.0056423103,-0.061588135
0.12186415,0.02994082444374778,0.12262625639429324,0.1807891617222244,-0.018204784,0.024799053,0.16394448,0.023800539,-0.072391041
0.13505565,0.02911101316734365,0.09219269835628241,0.14063195680616247,-0.018515516,0.023765681,0.12624228,0.0079390742,-0.061458971
0.12101112,0.02746989530852146,0.12775888168217708,0.1895447867103499,-0.015919361,0.023084838,0.17154215,0.023404384,-0.077154078
0.12056813,0.02697796103126109,0.12954175239706456,0.1914359343974818,-0.015629238,0.02267357,0.17367297,0.021492764,-0.077611066
0.12810634,0.025023201035239202,0.09013642961398612,0.14860658318177977,-0.01624932,0.020286787,0.12872697,0.015688565,-0.072575152
0.119325,0.020697307922402562,0.13373455659503136,0.17357525013165126,-0.0083811786,0.018927136,0.16495775,0.027732879,-0.046348631
0.13607372,0.023795655124327422,0.08725305205394192,0.1306442475045448,-0.012466671,0.020558869,0.11827032,0.0044405563,-0.05532027
0.13608949,0.02351800572720699,0.08800899554356331,0.13087559886699232,-0.012016931,0.020448145,0.11881586,0.0047242241,-0.054670792
0.1266537,0.02051009771112705,0.11349322617518784,0.1481957223572338,-0.0086740823,0.018599428,0.14061958,0.022852201,-0.040815227
0.1351732,0.022019444532025912,0.0943793864630998,0.13158488094502993,-0.01061091,0.019416988,0.12227441,0.014139233,-0.046514854
0.12336048,0.019038883028731843,0.15334008671614963,0.18450244874919225,-0.0054395339,0.018374143,0.18025459,0.022627497,-0.032209203
0.13499269,0.01918028772121055,0.12356181476246962,0.14998985473635384,-0.0046410942,0.018866677,0.14663266,0.011935045,-0.02921257
0.13574956,0.018865870066046637,0.11759741984556991,0.14388018089266838,-0.0047822972,0.018465169,0.14047024,0.0084879426,-0.029959522
0.13560154,0.029805133637490728,0.1100500986614568,0.1608995854308333,-0.01035261,0.027984694,0.14711502,0.0054774727,-0.064929537
0.12582324,0.027720496406815558,0.18091763051080959,0.22741054275545194,-0.0040220665,0.028407183,0.21960124,0.023230804,-0.054324765
0.13558669,0.030243176036455106,0.1078639878147481,0.15894433289844795,-0.011090769,0.028147236,0.14484975,0.0056920242,-0.065187819
0.12277526,0.016695370017681385,0.17075309701282937,0.20435215841739307,-0.0010342792,0.017698163,0.20005564,0.023697678,-0.034292355
0.1367082,0.02403047343670045,0.1252910616219671,0.17096851828839127,-0.00073953078,0.025791842,0.16069177,-0.007419073,-0.057908088
0.12831579,0.01398748410288429,0.155060939336747,0.1931628973387331,-0.00013514467,0.015138083,0.18677625,0.023726935,-0.043169085
0.12092558,0.016649672226790754,0.1680580275191133,0.20599529865262434,0.00093780545,0.018485619,0.19903615,0.036251318,-0.038788091
0.13613066,0.016356216607124753,0.12197217662639465,0.1590760117128939,0.0011329962,0.018249674,0.15214397,-0.0041183564,-0.046264771
0.12711744,0.022401130462271237,0.18721168154850545,0.23739465834574813,0.0039809793,0.026025526,0.22746809,0.037336111,-0.056749508
0.13639061,0.022127732557736417,0.13072596411061982,0.1790971318402846,0.0025602181,0.02512544,0.16799784,-0.010284858,-0.061210539
0.13542031,0.014184678487361112,0.13005299354838987,0.16431923699454562,0.0034341833,0.016867397,0.1588486,0.0074661891,-0.041378617
0.12422337,0.01889023122667857,0.20099222001875006,0.2488822240943779,0.0094144084,0.024517778,0.23973465,0.043950014,-0.050379116
0.13468565,0.01126482759176298,0.13142897266104825,0.17064946207780013,0.0076802475,0.015497734,0.1620324,0.028450407,-0.04535763
0.12649606,0.009993115445827778,0.11422436484824436,0.17310398485786263,0.0088892113,0.014629371,0.1532515,0.041938893,-0.068702959
0.12067388,0.007666558432041194,0.13565808908824994,0.1791195797832716,0.011210907,0.013087393,0.16776656,0.04037435,-0.048042867
0.12537993,0.007207621864393593,0.12547559008838102,0.17113204503050353,0.011210854,0.0125888,0.15698311,0.047654066,-0.048698768
0.1347453,0.009508578260502366,0.13193644071449062,0.17028067628952082,0.0099259112,0.014543042,0.16101125,0.036549941,-0.041653186
0.13873783,0.012492620501763328,0.14596065525641658,0.19494503461168067,0.012956889,0.019071361,0.18369852,0.027436061,-0.059208807
0.13721725,0.006945262566046304,0.11528346236807116,0.1443615377266116,0.010777108,0.012119669,0.1381356,0.028909676,-0.030381577
0.13496637,0.00556755044285246,0.15094800790769866,0.17889385180024708,0.015456304,0.012609178,0.16927972,0.056495432,-0.012476088
0.13769795,0.005983801177848066,0.14674348214680163,0.17463316283603272,0.015012946,0.012873182,0.16869852,0.039488759,-0.021867529
0.12045491,0.022798864482680176,0.20947417265709928,0.2615804987374494,0.0064277523,0.027496202,0.25160292,0.043740664,-0.056631107
-0.13688375,0.051372722817848965,0.11034651237236982,0.15643316741597096,-0.037932009,0.039708108,0.14489959,-0.00037681367,-0.058951698
-0.12827055,0.04607247762428443,0.15479983855735255,0.22564283870437762,-0.027128922,0.03853577,0.206524,-0.009878234,-0.090360105
-0.1353275,0.04374776717614657,0.09498563385719085,0.1458395279704381,-0.033546951,0.033286005,0.13062245,-0.0054683122,-0.064630032
-0.13745625,0.04201341135068756,0.07097290186119364,0.12179985542245803,-0.034495998,0.030999023,0.10397647,-0.0039620046,-0.063311934
-0.13537724,0.03793595775751232,0.09417994630711743,0.1448450200520537,-0.027354354,0.029600887,0.12950608,-0.010213301,-0.064062029
-0.13502899,0.03762620553100378,0.09510682532331946,0.146320347762569,-0.026687246,0.029547555,0.13078715,-0.010828503,-0.064707875
-0.1339127,0.05468104477831624,0.15917202605186936,0.22075764991461588,-0.032289568,0.045697212,0.20625921,-0.0046389112,-0.078546539
-0.13521044,0.053973539649255615,0.15096846051497148,0.21552535067090792,-0.029674891,0.046038471,0.19905485,-0.0032576411,-0.082569554
-0.13590351,0.056303945534441395,0.1508867078194616,0.21216137100174717,-0.032684091,0.047292802,0.19715783,-0.002971641,-0.078309685
-0.12733985,0.059552446269985314,0.178017003858052,0.24375096715616731,-0.038308341,0.048434492,0.2288219,-0.0093641123,-0.083470866
-0.12699075,0.05463590235536588,0.1707149034366854,0.2391953263571419,-0.035915755,0.044108946,0.22242497,-0.012532074,-0.087088943
-0.13546026,0.049625255907623615,0.1384706685673174,0.20708344792184716,-0.02382121,0.043799408,0.18761764,0.0027418069,-0.087610833
-0.13560659,0.0406248859287208,0.10794042779025836,0.16443849670405614,-0.021525351,0.034996297,0.14776245,-0.0065779318,-0.071854077
-0.1353934,0.04531328815536717,0.1327622633476261,0.19817633832222142,-0.020086117,0.04070051,0.17969339,0.0017907957,-0.083552018
-0.13646479,0.04962560620129641,0.14111643934957424,0.21061130026685168,-0.019622451,0.045582056,0.19083352,0.011061754,-0.088415638
-0.12758684,0.03804205732654188,0.16617588730944666,0.23730716464496127,-0.013867232,0.035441093,0.21893926,-0.013825843,-0.09049385
-0.1363132,0.033957060215492496,0.09504559202854825,0.14059104161068178,-0.016875328,0.029726453,0.12788035,-0.0068213944,-0.058016598
-0.13562827,0.04362529943185495,0.17243176411607877,0.23188017855400428,-0.0096545769,0.043294672,0.21907787,-0.0132971,-0.0748097
-0.13637602,0.0378050142424391,0.12909225231826144,0.1804375244839063,-0.012939584,0.035577342,0.16803531,0.0058486909,-0.065479979
-0.13563047,0.03301614637023012,0.12216452168015898,0.17108893789818982,-0.012201907,0.030688031,0.15925077,0.0015756184,-0.062515073
-0.13619201,0.03941800358436485,0.15912280129351875,0.21324771324569786,-0.0080698645,0.039396703,0.20190462,-0.0053544911,-0.068413749
-0.13595918,0.047170574625939425,0.178955897185252,0.23925989333565462,-0.011038606,0.046558633,0.22652438,-0.014431641,-0.075655334
-0.13128974,0.04889640350879236,0.20910527651317035,0.27957279961092524,-0.0079904702,0.049727362,0.26309526,-0.042146172,-0.084649481
-0.13100024,0.04881382490071865,0.21109191535263638,0.28167793867239804,-0.0077105593,0.049756467,0.26521313,-0.04306972,-0.084554456
-0.13434945,0.05015382311509614,0.1938919799875306,0.26111570581903454,-0.01093292,0.049844377,0.24598521,-0.02716182,-0.08327619
-0.13634366,0.05429360929604903,0.15822908567383695,0.2193366188355865,-0.021011291,0.050063662,0.20489793,-0.0089379605,-0.077752836
-0.13600923,0.05376240215518507,0.17586015930088886,0.23661982773533194,-0.018594023,0.050512649,0.2236113,-0.010082852,-0.076715484
-0.13338754,0.03835902690566176,0.19504227887535694,0.2526910288568553,-0.0010746502,0.041215565,0.24020965,-0.041227903,-0.066725858
-0.13333078,0.03827449185423518,0.19685219427296186,0.2544348915318972,-0.00074223347,0.041264832,0.24199541,-0.042184714,-0.06630072
-0.1299227,0.03818272906817335,0.21630932435536093,0.2771913999758788,0.0024375864,0.042514898,0.26399904,-0.049689494,-0.0683413
-0.13615577,0.03206734203406528,0.16740291439082555,0.21584846630600601,0.0015022922,0.035474375,0.20591156,-0.031311143,-0.056662176
-0.12973903,0.03715940357977134,0.21749928268125462,0.2793672356031398,0.0036403486,0.04191374,0.26581803,-0.050450936,-0.069581106
-0.1361139,0.03088159877177024,0.18267025853500246,0.22893883520052968,0.0036636395,0.035103668,0.22022143,-0.035829987,-0.051300332
-0.13622005,0.02365599313645095,0.18521574481042521,0.22967626512943012,0.0091610579,0.029587572,0.22305343,-0.018721296,-0.051457431
-0.10857227,0.05687037148340804,0.21100228333673005,0.2924479802191855,-0.039009005,0.045223378,0.27310342,-0.015953975,-0.10337221
-0.12085333,0.05563885756191526,0.17371758933801834,0.2473779139531916,-0.03998924,0.043469425,0.22860487,-0.010323953,-0.093963087
-0.11435141,0.05364871773790714,0.1910162407741855,0.2700628048716429,-0.038112231,0.042104159,0.25028086,-0.011901183,-0.100756
-0.11094241,0.05293119560918746,0.21705882889045516,0.3009109810196301,-0.032309711,0.043787695,0.28097063,-0.016755931,-0.10640565
-0.12482481,0.049466727374761786,0.15171237939777302,0.2242248191245031,-0.034752082,0.038987309,0.20412341,-0.0058697825,-0.092606418
-0.11367486,0.048580758212570144,0.2080967379566645,0.28869665377780335,-0.030300723,0.039914317,0.26949969,-0.015703293,-0.10231853
-0.11636807,0.042264848649634305,0.13287869541141026,0.20659617367267935,-0.033907406,0.031522017,0.18380867,-0.016025934,-0.092949025
-0.1104226,0.04152169761888501,0.1403568210084835,0.21768981348688068,-0.032833133,0.031170689,0.19411138,-0.0094641689,-0.098081887
-0.11873524,0.045572632560063595,0.18632484186423856,0.26666099219680633,-0.027203796,0.037960976,0.24597506,-0.0085859206,-0.10261889
-0.12239765,0.05569424813121224,0.20466207236761194,0.28000680983961396,-0.028832013,0.048265561,0.2628808,-0.013199944,-0.095515758
-0.10496784,0.054033457370741576,0.2274311462873726,0.3189836335024705,-0.027408849,0.047065441,0.2963073,-0.022331798,-0.11599066
-0.11891172,0.05885457767617218,0.21589958363062628,0.2968615580494908,-0.030139275,0.051143918,0.27783424,-0.023113998,-0.10198364
-0.10551694,0.047474878831439,0.21686691745697356,0.30386894128069963,-0.025413228,0.040787552,0.28210849,-0.02727486,-0.10957744
-0.11118708,0.0559007400843503,0.22573639792486583,0.31475861030519153,-0.025252026,0.0500095,0.29309443,-0.021308403,-0.11275899
-0.11055286,0.043927879482365983,0.19749707525384944,0.28209511213623895,-0.023541886,0.03772857,0.25994557,-0.023878323,-0.1069382
-0.12375516,0.04911256743774652,0.1861501541876251,0.2667574283854361,-0.023532577,0.043364961,0.2459942,-0.0038063724,-0.10311106
-0.11690405,0.05269154561409314,0.21200977962125156,0.29873332961493937,-0.023110187,0.047432315,0.27691486,-0.022575889,-0.10977291
-0.12595971,0.05263636869107257,0.1918646992567006,0.2670399883837529,-0.023061581,0.047393005,0.24908173,-0.009937468,-0.095759563
-0.12158833,0.042672829162507496,0.17125817896951684,0.2533952297828131,-0.020391254,0.037702497,0.23057887,-0.0060708737,-0.10490792
-0.12521531,0.03678553437187245,0.1385728848096192,0.20671293958113096,-0.020702889,0.031174492,0.18730751,-0.01197299,-0.08661861
-0.11921157,0.04982210551309199,0.21247305871318936,0.29570365432112705,-0.017694047,0.046614084,0.27530181,-0.025869325,-0.10478713
-0.10726754,0.046071960662489156,0.2179140650603617,0.30720726384492075,-0.016582865,0.043011744,0.28465921,-0.024444612,-0.11290659
-0.12644936,0.04273307123228064,0.17630204144772346,0.2509175032743203,-0.016902337,0.039248899,0.23190667,-0.011388506,-0.09512724
-0.11986642,0.04503780916936695,0.20316058316343238,0.28561285168728756,-0.015318177,0.042425111,0.26479638,-0.025851902,-0.10387135
-0.10754533,0.03619890210848349,0.19606514272232306,0.2716571041888177,-0.014826512,0.033031572,0.25300306,-0.030074194,-0.094247423
-0.1128354,0.03854638028654582,0.18818847659917431,0.27439097909071086,-0.01535608,0.035356991,0.25064233,-0.02493326,-0.10884468
-0.11283945,0.043623303192765736,0.22017344826960805,0.30518274660191785,-0.013542554,0.041642155,0.28424963,-0.032693647,-0.10615923
-0.11660656,0.035309058199333894,0.18016271591873778,0.2539765183775485,-0.013977314,0.032425344,0.23521468,-0.022841308,-0.093039781
-0.12202086,0.04070414613910081,0.2134682139319798,0.2851741273912281,-0.0091746422,0.040324967,0.26962349,-0.027033947,-0.088862941
-0.10890152,0.04031428949362409,0.2276888770938176,0.30885088468954813,-0.0068845963,0.040873509,0.28963259,-0.039754163,-0.099606417
-0.12263011,0.03570286920882457,0.20188616402188597,0.2652072477672893,-0.0069619901,0.035830993,0.25220671,-0.026916634,-0.077473573
-0.12507509,0.03240183533738377,0.1725960344249844,0.233953455689354,-0.0090093827,0.031375814,0.22007623,-0.020284224,-0.076741271
-0.11292585,0.03675110785065131,0.22291047996188895,0.29285877042655,-0.0043992843,0.038057562,0.27721888,-0.045767799,-0.082590923
-0.11606828,0.0319695053327775,0.1993797815015992,0.2636019671367052,-0.0053059258,0.032478172,0.24894376,-0.041308444,-0.076201141
-0.12598445,0.029384921722287856,0.1822235425495091,0.24074782955841809,-0.0039982246,0.030225469,0.22811246,-0.029638391,-0.071033716
-0.11214175,0.051705110110921576,0.22668291499035823,0.3102632141227166,-0.01750019,0.048741993,0.29073223,-0.027585333,-0.10477157
-0.10554732,0.05249056856556571,0.23176646733461276,0.31909085770671797,-0.018732581,0.049072165,0.29836115,-0.027533405,-0.10973382
-0.12595364,0.04896553299648674,0.2289435218084914,0.3009090109679774,-0.005390435,0.050906111,0.28493211,-0.04560836,-0.085321762
-0.12500151,0.04995282475862219,0.22603584322363118,0.29840907575022024,-0.0066919578,0.051426202,0.28237855,-0.042251475,-0.086747587
-0.11511184,0.049028413452695055,0.2361314247631521,0.31570863075249556,-0.0042304294,0.051466815,0.29782665,-0.038772181,-0.097303361
-0.11531737,0.047965379870734626,0.23776698357427112,0.31755718999666077,-0.0033832989,0.050671563,0.29959795,-0.040227074,-0.097290389
-0.11894598,0.03900610930881706,0.22188845020819814,0.2909565646654509,-0.0023680713,0.041369505,0.27591103,-0.042240113,-0.082125507
-0.11096122,0.0307599749634581,0.2127781734678238,0.28318173417543285,-0.0020456738,0.032548081,0.26721117,-0.039677199,-0.084945895
-0.11950391,0.0293333711110569,0.21547802624999843,0.27490416529450123,0.00045026909,0.03205774,0.26255926,-0.046212766,-0.067076936
-0.12455762,0.04000839818654113,0.23003068577781458,0.2922094616073153,0.0025578442,0.044549279,0.2795839,-0.048245609,-0.069939785
-0.10802229,0.029514324645927476,0.23094563082413266,0.30399087348311765,0.0049136393,0.034148909,0.2872791,-0.050319634,-0.085726917
-0.10078724,0.055950949600204414,0.20958216481172073,0.2953251263602678,-0.039986242,0.043809742,0.27383202,-0.020303223,-0.1087232
-0.08850763,0.055601304963191434,0.22696127179706366,0.31565868790469503,-0.038931906,0.043877441,0.29429188,-0.019717457,-0.11244518
-0.095132448,0.05280874889719414,0.22658938425982317,0.31399915717178756,-0.035040148,0.042495672,0.29320642,-0.018439397,-0.11083977
-0.10288038,0.05130167570622103,0.2124553841120371,0.2992605466985446,-0.03492438,0.040907588,0.27741981,-0.02311361,-0.10982206
-0.084577575,0.050625046898915,0.230374242392372,0.3216384349952075,-0.033346459,0.040842313,0.29939282,-0.020552099,-0.11572741
-0.086287864,0.04243721790839238,0.1528744591693764,0.24297892445478536,-0.034103703,0.031625949,0.2140795,-0.020493167,-0.11308738
-0.099881269,0.04281913548677474,0.1502058467038546,0.23916841470365502,-0.034231897,0.031986434,0.21068227,-0.017023897,-0.1119138
-0.096460775,0.0475384969715727,0.2184389946312043,0.30604021156332384,-0.030264812,0.038797289,0.28453878,-0.017753435,-0.11127942
-0.090932995,0.04043624196272409,0.1413167884362734,0.23602998573683864,-0.03286501,0.029977962,0.20309469,-0.028690992,-0.11678839
-0.10347209,0.04006929825063081,0.14594156592323018,0.23033484770963125,-0.031702578,0.030072752,0.20363577,-0.017391527,-0.10622688
-0.089510344,0.047463759201483574,0.2305715420917753,0.3222048560192326,-0.026568729,0.040284991,0.29975533,-0.022112489,-0.11607648
-0.10240189,0.04352548057823485,0.21068810320867903,0.2900481995110329,-0.026132932,0.036191586,0.27101791,-0.028706789,-0.099263139
-0.090400428,0.053185778394837,0.23723172887712918,0.33316911259410226,-0.027817234,0.045971207,0.30935967,-0.022309627,-0.12165744
-0.083430223,0.038888705042877725,0.15516452178860118,0.24301738090193142,-0.029966153,0.029527271,0.2154427,-0.021103518,-0.11043791
-0.085143313,0.057680705870665164,0.24464585654004747,0.33751302969321356,-0.034689192,0.047937345,0.31568831,-0.020690862,-0.11759177
-0.10234012,0.05904493604095107,0.23425012027934475,0.3224325850001606,-0.034942146,0.049312018,0.30185351,-0.019788409,-0.11160488
-0.094625987,0.05936775466866365,0.24072734206285457,0.3349353741048036,-0.032523438,0.050689396,0.31224075,-0.020187307,-0.1194985
-0.083463557,0.04442671685297246,0.2229224060043743,0.31393180297038215,-0.023258025,0.038390979,0.29109171,-0.023192761,-0.11524274
-0.09610559,0.04743060291356127,0.22344345847257563,0.31630399244800766,-0.023235234,0.041663956,0.29274788,-0.02162143,-0.1178109
-0.085536599,0.039616073613030114,0.20716116243755828,0.2912695085332587,-0.02000884,0.034544084,0.27010572,-0.024798887,-0.10614067
-0.090735115,0.04251089948363242,0.21493978715262246,0.30400295619797496,-0.019748978,0.037799213,0.28121072,-0.026566816,-0.11239454
-0.097289972,0.041352345573387954,0.21516936440527895,0.2993035924219449,-0.019155925,0.036792342,0.27868655,-0.026646217,-0.10586041
-0.098672643,0.03492190809871444,0.18203768437842185,0.25408641979291924,-0.01946602,0.029674942,0.23611714,-0.025345,-0.090367228
-0.098270729,0.04954899398812132,0.23456226749633843,0.3270824486615386,-0.017292453,0.046487853,0.30431616,-0.027879406,-0.11660764
-0.10436571,0.03901241747886851,0.20681211449460474,0.29205159679960596,-0.015200677,0.03592924,0.26999781,-0.031518225,-0.10677977
-0.083838843,0.04227201699470949,0.22847796698133743,0.32243067429802547,-0.013448033,0.040214293,0.29854658,-0.027723942,-0.11858694
-0.093465112,0.03640691108203976,0.21045860825113977,0.2886777142875052,-0.014202479,0.033522431,0.27005821,-0.029659076,-0.097589575
-0.092051074,0.04656081080421076,0.24035052279223326,0.3317353300412531,-0.012842842,0.045130357,0.30982774,-0.029682748,-0.1147782
-0.10331579,0.04545410841067008,0.23457979600782472,0.32144394762540224,-0.010786,0.044801157,0.30091152,-0.031577107,-0.10854195
-0.088056207,0.035169364662543334,0.21020811055684294,0.29339572375096423,-0.011858862,0.033172816,0.2724869,-0.032029007,-0.10395231
-0.097916842,0.043928098029236744,0.2352126593434794,0.3233456769118724,-0.010537066,0.043249026,0.30222878,-0.033235133,-0.11002553
-0.093398139,0.04185454495574653,0.2388411700665521,0.32371940847808434,-0.0066023758,0.042666577,0.30414987,-0.034733545,-0.10526487
-0.085878573,0.04145839704324871,0.24734070968450916,0.3327245714111271,-0.0055443333,0.04268533,0.31384277,-0.029977854,-0.106347
-0.10168903,0.039688150538442185,0.23223235461300545,0.31275762303780535,-0.0060340734,0.040554322,0.29425204,-0.038204283,-0.098861016
-0.084493779,0.031100696729563254,0.20718834279088227,0.2826234413546186,-0.0076429402,0.030542329,0.26462457,-0.034225322,-0.093158327
-0.097887926,0.033058322398168416,0.21334892836058128,0.2914096889567872,-0.0066144904,0.033105567,0.272412,-0.039314516,-0.095737547
-0.09127222,0.030289391563312295,0.208223954131788,0.27913816533290825,-0.0064175865,0.030181091,0.26309663,-0.033841237,-0.086908281
-0.10402708,0.029811895384424324,0.20628117901595658,0.2773371282901015,-0.0049546636,0.030283332,0.26094982,-0.03581709,-0.086822867
-0.086935118,0.04915602762670632,0.24425695636045175,0.3369670509058874,-0.013855627,0.047519796,0.31491101,-0.02731142,-0.11675588
-0.090466067,0.05306895978303243,0.24140366224352794,0.3364891915359545,-0.018977588,0.049596507,0.31334379,-0.02350799,-0.12036619
-0.097112663,0.05528663555940746,0.23665624090242893,0.3306535998344046,-0.02264108,0.050450642,0.30755398,-0.024713678,-0.11887635
-0.092396066,0.03697399247405306,0.23835245847074646,0.3182526249429226,-0.0032053478,0.038806491,0.30050564,-0.037292592,-0.097930364
-0.10462107,0.03490503579972673,0.22944440136241448,0.3058291514098758,-0.0018999687,0.037112959,0.28844255,-0.042558674,-0.092309937
-0.085527562,0.0358348465182124,0.24541131259985832,0.32272463805789253,0.00034331274,0.039075285,0.30676094,-0.03315926,-0.094601169
-0.096949682,0.03371032777825347,0.23710628461886984,0.31562347676909064,0.0011803918,0.037122611,0.2979975,-0.041839629,-0.095210895
-0.08775305,0.03176010602942456,0.24334232174584258,0.3181956524178046,0.0039332327,0.036172479,0.30252984,-0.040460277,-0.0899285
-0.10078167,0.0291184159477249,0.2297337908813631,0.3021932114049859,0.0042885528,0.033453476,0.28583539,-0.048177354,-0.085427217
-0.09597744,0.025610169874071397,0.22901109006752,0.29784730201050363,0.0083826603,0.031380102,0.28281173,-0.048020329,-0.080153532
-0.070175812,0.060001613141018886,0.24221005788241223,0.33770486369236613,-0.040427282,0.048023012,0.31463346,-0.018077817,-0.12134065
-0.071997456,0.0556577786744004,0.2366369397281326,0.33139624584738564,-0.035920337,0.045217127,0.30810118,-0.021107337,-0.12021487
-0.064191937,0.05626376454183343,0.24947921662163658,0.34490166229332303,-0.03458745,0.046441223,0.32249889,-0.015686641,-0.12126645
-0.063249491,0.051766056562859306,0.22896083374151927,0.3279590185608336,-0.035150848,0.041315943,0.30231568,-0.015105898,-0.12623058
-0.077692404,0.05192443206122328,0.22214601198832373,0.31673382686992657,-0.035622176,0.041287929,0.29243359,-0.017575836,-0.12039104
-0.069867045,0.05011519755590473,0.22040493011757617,0.318539568903777,-0.033917449,0.040046062,0.29228887,-0.02308494,-0.12450606
-0.072843462,0.04068151482218964,0.14833580973402946,0.2418354347332353,-0.032681234,0.030322425,0.21090648,-0.01613785,-0.117228
-0.071788512,0.04974336928265799,0.2449628991962043,0.34441326535808,-0.026786523,0.042669021,0.31969938,-0.021882156,-0.12622985
-0.066008866,0.04415880055397704,0.2238066215371872,0.3156286165133894,-0.026481614,0.036731593,0.29258853,-0.020969406,-0.11650605
-0.080886371,0.05202640390386938,0.24180974711061606,0.34066519602894796,-0.027365696,0.044903375,0.31595528,-0.021909181,-0.12547918
-0.061009593,0.0471669626353343,0.2359848699299783,0.3309503018790217,-0.027439909,0.039592769,0.30766413,-0.016284175,-0.12085409
-0.0768677,0.05844957708233602,0.24351803318202292,0.338351775226824,-0.037559245,0.047554351,0.31569496,-0.017315915,-0.12049388
-0.075049266,0.05628910020197675,0.2501722376543287,0.3507381612826339,-0.027015563,0.049682822,0.32602814,-0.019703601,-0.12780719
-0.067142695,0.05640055862844317,0.25346052110158734,0.35573698217136684,-0.02496477,0.050674416,0.33056471,-0.018847736,-0.13007896
-0.078780718,0.04660886918797931,0.23225893435713363,0.33058570085419015,-0.024487339,0.04023977,0.3052935,-0.022505254,-0.12480504
-0.0637701,0.04979090055436561,0.24298662154088235,0.34390262754175777,-0.02336036,0.044174977,0.31838331,-0.021658864,-0.12818728
-0.074618116,0.04420821017231712,0.22656105911239405,0.32038651920688055,-0.022692366,0.03839371,0.29654333,-0.024544321,-0.11877353
-0.063153327,0.0356898972071485,0.17925569696908167,0.2662445512736389,-0.021905856,0.029473606,0.24121647,-0.026653839,-0.10950045
-0.069466352,0.043732811420479516,0.2271357389022168,0.3231128916428532,-0.017805491,0.039951611,0.29831401,-0.025587272,-0.12147421
-0.072974332,0.03893080240002172,0.21248896115362526,0.3027861593714582,-0.017040724,0.035059523,0.27917361,-0.027850913,-0.11386782
-0.063334636,0.04439650894054502,0.23488904838622823,0.3335952942933415,-0.015993338,0.041441839,0.3082501,-0.025157945,-0.12503909
-0.078531213,0.038399485952010565,0.21482445974710446,0.3034114564334173,-0.014895117,0.035393078,0.28069273,-0.02906335,-0.11146939
-0.06629061,0.03754778132087731,0.21753412907367348,0.3116400192175628,-0.014031447,0.034834426,0.28686807,-0.025407089,-0.11908271
-0.074301325,0.046273598412051926,0.24512555044639905,0.34124060941504003,-0.011623198,0.045336049,0.31781375,-0.026619146,-0.12137131
-0.066213638,0.03296617691291903,0.20373378822306074,0.2875294411884842,-0.011272877,0.031028096,0.26602629,-0.028543251,-0.10530183
-0.07928893,0.03371057101976679,0.20668791082979399,0.2878255985616593,-0.01107059,0.031922642,0.26742184,-0.033500265,-0.10102904
-0.076175623,0.03656194884275066,0.23459617967098673,0.31937052846084757,-0.006571569,0.036929987,0.29961517,-0.033308007,-0.10544601
-0.067926139,0.03886758383166299,0.2496224301734315,0.333068268984522,-0.0056495885,0.039826095,0.31524697,-0.02785979,-0.10381547
-0.06461972,0.03276088277535149,0.21323912068975934,0.2989966235302081,-0.0055595995,0.033230215,0.27701855,-0.035189603,-0.10687093
-0.072962813,0.03111278581378757,0.21076199516370012,0.2923365424010045,-0.005550364,0.031443708,0.27233234,-0.029273076,-0.10217063
-0.080119714,0.04585786549860113,0.2502201595620797,0.34260475993887884,-0.0096262014,0.045732088,0.32113495,-0.027530668,-0.11615691
-0.06837444,0.04629377821109518,0.2554428001412037,0.34997298870398674,-0.0084850602,0.046690032,0.3281374,-0.024030706,-0.11928732
-0.081703328,0.05058198495712444,0.24481700146707155,0.341030330726645,-0.015750928,0.048264392,0.31761625,-0.024733799,-0.1216957
-0.074454121,0.050932972542117316,0.2453530942647676,0.34507453330513344,-0.01598436,0.048546605,0.320178,-0.024411894,-0.12635878
-0.064355619,0.050351499298352996,0.2521321372148988,0.35020851870584047,-0.014386191,0.048593298,0.32672548,-0.020313468,-0.12443404
-0.060778957,0.04584856360537325,0.26014528299689527,0.35226330423627883,-0.0071404492,0.046777122,0.33176291,-0.024793055,-0.1157934
-0.08123789,0.05490157326114995,0.247582209619842,0.34608752547583904,-0.020027421,0.051141758,0.32199433,-0.022091225,-0.1249328
-0.070580877,0.05400792993344577,0.2500303629037328,0.3499502925725419,-0.017489886,0.051248059,0.32545748,-0.021396894,-0.1268259
-0.074039891,0.04145717860761417,0.2543177955841993,0.3417191503566696,-0.0033152902,0.043630179,0.32245749,-0.030965392,-0.10878552
-0.080796555,0.039425985454688846,0.25041067661437827,0.332978311271764,-0.0021477374,0.041919168,0.31534997,-0.031884722,-0.10204076
-0.065446444,0.04153547190539484,0.25555881075282333,0.34224939543018623,-0.0014884792,0.044490669,0.32350013,-0.028357031,-0.10806569
-0.062007707,0.028944059447226077,0.22210478792492044,0.29760805044949556,-0.001533378,0.030792799,0.28047442,-0.037164584,-0.092322506
-0.079745896,0.027610486849624524,0.2227552479610542,0.29380243118502664,6.0253482e-05,0.030020515,0.27811775,-0.041561835,-0.085105814
-0.077968411,0.034613996676634735,0.2488203706459531,0.32449816043916335,0.0025130643,0.038670007,0.30918503,-0.036269374,-0.091587149
-0.069400795,0.03604933394053277,0.25208309302829757,0.3312250961979722,0.0027767324,0.040341221,0.31504157,-0.032299813,-0.097033992
-0.060731541,0.037069753713933846,0.256177186078431,0.3354989650765164,0.0020138188,0.041125927,0.31967977,-0.029351138,-0.097482875
-0.057791613,0.057470625732148506,0.24712179846970644,0.3411619162835026,-0.038467895,0.046105158,0.31922427,-0.013663066,-0.11958528
-0.040369164,0.05369810949596896,0.23074988983990027,0.32734973216899255,-0.038702693,0.04190718,0.30304438,-0.010107016,-0.12336855
-0.049490679,0.05396028038802408,0.2325057127958832,0.3269908736442619,-0.038219873,0.042396937,0.30366915,-0.014991443,-0.12034673
-0.045968667,0.048575625302516384,0.229321510241642,0.3243619071787668,-0.032634649,0.038918048,0.30046618,-0.017370502,-0.12095035
-0.058630873,0.0423790783225762,0.15604212601498044,0.25376306925522146,-0.034433097,0.031422969,0.2211176,-0.026937077,-0.12156108
-0.056734968,0.041802868372689025,0.1539325513222682,0.24997694449965718,-0.03402121,0.030971833,0.218183,-0.021759033,-0.12004664
-0.054720312,0.05098362346636437,0.2444709604984938,0.34471277081256263,-0.029029351,0.04306436,0.31972894,-0.018141825,-0.12755851
-0.040551148,0.04099833985657394,0.1566948170642711,0.2531367073656921,-0.032276016,0.030838616,0.22127903,-0.025469238,-0.12027095
-0.056329302,0.04258763484175315,0.201506350330982,0.29119514548023573,-0.029044576,0.033936828,0.26722133,-0.020805487,-0.11381786
-0.046302378,0.0497599214733426,0.24603342267367367,0.3491306387118949,-0.025995573,0.043022741,0.32301372,-0.017752053,-0.13129815
-0.038669903,0.04883781689842703,0.24285693917841072,0.3421360959094919,-0.028178426,0.041094437,0.31761137,-0.011273142,-0.1267006
-0.038736023,0.05377622120111689,0.25124318181669886,0.3532200585794615,-0.030722084,0.045379605,0.32819545,-0.010361464,-0.13017218
-0.050241724,0.05578109684043754,0.2533179147177489,0.3525981778829613,-0.033162456,0.046521746,0.32874063,-0.018495699,-0.12614667
-0.058171231,0.05795339843027583,0.2532830312680209,0.35595703529390876,-0.030544801,0.049992777,0.33069909,-0.014894808,-0.13084979
-0.051871166,0.062279892136585996,0.25601555316886854,0.3542722373922517,-0.040261284,0.050568506,0.33118591,-0.014102613,-0.12500331
-0.045252029,0.05598179053543049,0.2564513172237044,0.36054632537827513,-0.025715057,0.049901005,0.3349402,-0.01381193,-0.13273261
-0.039287813,0.044360689056365456,0.23008537326365,0.3256412824559793,-0.023988973,0.03800898,0.30165428,-0.01459689,-0.12179438
-0.049434677,0.04549352194997081,0.23077525652809985,0.32972431130892477,-0.02319726,0.039575707,0.30416659,-0.018386461,-0.12594739
-0.054479606,0.05209571411199459,0.24937496955618826,0.3525855207067077,-0.021916244,0.047291826,0.32669386,-0.017818851,-0.13141598
-0.056305192,0.045317979064081235,0.22709315963187354,0.328306327358732,-0.021649251,0.040042095,0.30134478,-0.02016676,-0.12872323
-0.044311225,0.038829579090960555,0.20764995954426121,0.29047586954142246,-0.021726545,0.032960545,0.27012011,-0.020059841,-0.10492359
-0.038746413,0.05088222611583646,0.2510140379275994,0.35299435990327493,-0.019784376,0.046878465,0.327903,-0.012904428,-0.13006966
-0.047225442,0.049256270443312156,0.25413583313922283,0.35090258406099634,-0.016589148,0.046468385,0.3281858,-0.018975178,-0.12274627
-0.050240595,0.040827108404880186,0.21893584140501993,0.3167800135041912,-0.017207414,0.037048839,0.29061389,-0.020921433,-0.1243199
-0.059144352,0.04008952388669189,0.22183117307194716,0.3178937020255622,-0.016521836,0.036538567,0.29268277,-0.023704393,-0.12178384
-0.041372605,0.039692830079865724,0.21428213313147654,0.3105475319425019,-0.01647068,0.036129329,0.28483105,-0.016692944,-0.12260664
-0.054568823,0.03704921575205652,0.21451880542540197,0.3028071493279712,-0.015697777,0.033585489,0.28048879,-0.022921763,-0.1117712
-0.043084398,0.043039654801144266,0.2407603981035873,0.33600057343605355,-0.01329414,0.041113548,0.31289074,-0.019184202,-0.12094518
-0.051223621,0.043883077794078615,0.254159076759516,0.3447464291520877,-0.010490177,0.043220021,0.32453796,-0.022538811,-0.11409301
-0.043032851,0.033799609747596306,0.2122567607610611,0.29782988707734265,-0.010965206,0.032064103,0.27657115,-0.021804076,-0.10833108
-0.05005838,0.03198247435017294,0.20721029478970598,0.28583733552786145,-0.0094464589,0.030734709,0.26718351,-0.022114985,-0.09913063
-0.058166489,0.041338346451984385,0.25705894215413544,0.3410120042653564,-0.0070830625,0.04190176,0.32355016,-0.026772307,-0.10434426
-0.050892923,0.03537822579439182,0.2188564245463974,0.3088235441825478,-0.0082616108,0.034926657,0.2861481,-0.022241781,-0.11400241
-0.042672183,0.03662589294404287,0.23818874956920427,0.3257596725276471,-0.0064608306,0.037046459,0.30572012,-0.020364549,-0.11063389
-0.057365194,0.03463019234781075,0.2223809238179413,0.3072485152008368,-0.0063225655,0.034937099,0.28689787,-0.026382232,-0.10674849
-0.046433181,0.04588746709474272,0.26007042102116285,0.3539380313635605,-0.005552968,0.047493231,0.33288842,-0.019565368,-0.11863653
-0.054799728,0.048749918968087266,0.2594933878263509,0.353944990160395,-0.010440976,0.048528049,0.33255535,-0.021087052,-0.11932867
-0.042554919,0.05010046652836454,0.2621549681642716,0.3602487185559598,-0.011185511,0.049679194,0.33764756,-0.016422093,-0.12451337
-0.059224106,0.0531981519754344,0.2583845924923057,0.358108312747468,-0.016021663,0.050991572,0.33440852,-0.020052562,-0.12653221
-0.054388762,0.041479343307435815,0.2604167026431247,0.3460340197815051,-0.0020765921,0.044180054,0.32814148,-0.026573367,-0.1065672
-0.044076819,0.027917838659176075,0.21125718048327694,0.2813234614488352,-0.0022176339,0.029387504,0.26648831,-0.023113912,-0.087135628
-0.046044499,0.04151053534891882,0.2601035840699036,0.3468222075780464,-0.0012718301,0.044555541,0.3287006,-0.020711413,-0.10868577
-0.039495695,0.04170901976248726,0.2595151886676608,0.3468397642487102,-0.00029168621,0.045187213,0.32847828,-0.019307857,-0.1096679
-0.051436491,0.029177977019695295,0.23162376806364962,0.3025906769308024,-0.00049830548,0.03148628,0.28877658,-0.022574198,-0.087519199
-0.043559212,0.03244461580368695,0.25352932928575833,0.3250366667986114,0.0017726209,0.035998978,0.31232783,-0.023274263,-0.086939462
-0.049234029,0.037486497800783475,0.2582909792376482,0.33886460072043695,0.0020272112,0.041584346,0.32276189,-0.028048631,-0.099334054
-0.053484324,0.034218259107735474,0.25808204300473814,0.3332300061615276,0.0046059084,0.039128453,0.31902614,-0.031163998,-0.09106791
-0.021440051,0.056989937111379375,0.25544462062638085,0.35725973369278285,-0.036037263,0.046614699,0.33269721,-0.0063725314,-0.1300249
-0.02984005,0.0466662512266347,0.1892993329041236,0.28458507148066464,-0.035220109,0.035746317,0.25709745,-0.01406946,-0.12120897
-0.032807074,0.04373955930400659,0.16888309910071683,0.2586697461964655,-0.034979701,0.032668922,0.23164169,-0.019290213,-0.11349032
-0.027421495,0.05075746068395552,0.24049478071403227,0.3366460271743747,-0.032415424,0.041381363,0.31330761,-0.011678954,-0.12260706
-0.024336023,0.042998528913708145,0.165413730241369,0.2602113476123472,-0.033962637,0.032295614,0.23070388,-0.0068704826,-0.12016015
-0.034833819,0.04075990134495287,0.14674452445030775,0.2378464375980417,-0.033546336,0.030040367,0.20780212,-0.019903062,-0.11398717
-0.018421914,0.045633063135790575,0.22507466436855705,0.3153030187085274,-0.029847141,0.036904592,0.2933999,-0.008237374,-0.11517221
-0.03587966,0.03890647642690789,0.16116819197834886,0.2576656153219518,-0.030223582,0.029437305,0.22650406,-0.020361993,-0.12113162
-0.021591123,0.05122425880516929,0.2458500440261132,0.34757631517915305,-0.028122578,0.043710679,0.32224688,-0.0087409997,-0.12996091
-0.031010563,0.05403872757792668,0.250532425078931,0.3541147522923252,-0.031477388,0.045344174,0.32830352,-0.011184795,-0.13224582
-0.037571613,0.058717617083791064,0.25493389506833464,0.3571790699107279,-0.035100654,0.048889149,0.33233756,-0.010117907,-0.13048472
-0.029563628,0.0591887918324395,0.2571716441901713,0.358848637003181,-0.036180604,0.048942603,0.33443838,-0.0099721979,-0.12970686
-0.020656319,0.05771627825538288,0.2587450372228345,0.3639893147918137,-0.028448321,0.050625082,0.3381651,-0.0072927065,-0.13445967
-0.019711575,0.062338214846186034,0.2579996592691056,0.36068190578445736,-0.039231919,0.051068805,0.33595663,-0.0045228843,-0.13116449
-0.031816185,0.04823905803149811,0.23772562910289505,0.3415983589515017,-0.025048919,0.041772366,0.31448916,-0.015351247,-0.13247772
-0.020640533,0.046734495116381,0.23692051329503488,0.3413214776453655,-0.021854773,0.041493703,0.31405649,-0.0064468738,-0.13351895
-0.025827942,0.044381414423063044,0.22876141312955367,0.3308914862070393,-0.021646427,0.039025847,0.3038629,-0.012490391,-0.13038598
-0.027885418,0.05158986822145731,0.25405490844290407,0.3571873413884254,-0.021065699,0.04710333,0.3318662,-0.011080687,-0.13162386
-0.033179056,0.04258072109857783,0.22188072272570578,0.3208388448547374,-0.020189898,0.037687905,0.29456648,-0.016378712,-0.12609477
-0.018884685,0.052465255658591343,0.2574494445847995,0.36002706041922444,-0.019403992,0.048759669,0.33528015,-0.0071564424,-0.13097897
-0.026298821,0.03988552902088701,0.2159453818669939,0.30828946535334345,-0.019625396,0.034999572,0.28460503,-0.012705481,-0.11781741
-0.018138558,0.038945751083469836,0.21332828378754431,0.30282476687461246,-0.018548325,0.034435824,0.28029928,-0.0073674107,-0.11437165
-0.03459971,0.033604967249126906,0.20197282037694533,0.27487766036221356,-0.015791608,0.029803965,0.25848836,-0.016377231,-0.092050433
-0.03551266,0.045194790618051976,0.25061313740963137,0.3450494826350843,-0.013596302,0.043326542,0.3232277,-0.012785304,-0.12008137
-0.033972006,0.03828749714333791,0.21585331472198271,0.3104858047985386,-0.014290242,0.035528172,0.28568658,-0.015492236,-0.12060101
-0.027202277,0.04514279329575481,0.252904979736714,0.3469929524970179,-0.012381738,0.043785606,0.32554749,-0.0099707488,-0.11968093
-0.024997614,0.0375415591547333,0.21624111212917013,0.3075520541376485,-0.013182439,0.035188049,0.28440833,-0.010260236,-0.11659715
-0.018029483,0.03413040749245345,0.21156514638592033,0.29780267184585824,-0.01026714,0.03271978,0.27649513,-0.012410462,-0.10992204
-0.018589539,0.041402370970337,0.2559924766593654,0.3424362569474456,-0.0077260328,0.041698389,0.32439655,-0.011563664,-0.10906764
-0.025692713,0.03307530682848318,0.2115964993831432,0.2930295929826848,-0.009769896,0.031784628,0.27379039,-0.01411237,-0.10346983
-0.026964622,0.03935390994410241,0.25450920379034603,0.33949701153318446,-0.0055947476,0.040377699,0.32193461,-0.012396216,-0.10706382
-0.033927526,0.033011390079749056,0.21578861339734057,0.30129055115293824,-0.0076317936,0.032622762,0.28047127,-0.018545372,-0.1084801
-0.034622837,0.03767111909139706,0.25414864021506944,0.3351972516265582,-0.0039340877,0.03925449,0.31906021,-0.017700672,-0.10121495
-0.0183533,0.030324170452574028,0.21432585953532735,0.2902417149800882,-0.0058720922,0.030450422,0.27366406,-0.0098135537,-0.096186951
-0.026040267,0.029028338740297935,0.21955198785753,0.2920180917446745,-0.0039046581,0.029877808,0.27703485,-0.017034985,-0.09075278
-0.037493166,0.04505241805369557,0.2641501571870193,0.35489291312058785,-0.0058798562,0.046447311,0.33551869,-0.017050261,-0.11439177
-0.026483437,0.04606521909251932,0.26162724107673474,0.3557701912072907,-0.0060249506,0.047485989,0.33493218,-0.010977778,-0.11946695
-0.018493596,0.04696129591279789,0.2628640865917401,0.35812682512378935,-0.007039438,0.048028827,0.33694786,-0.0082358085,-0.12105013
-0.016178489,0.041801559336010194,0.22116351152550406,0.3240721720106855,-0.016136872,0.038561862,0.29604751,-0.010372104,-0.13141942
-0.033515647,0.04929701183877845,0.2625483863910559,0.35903131214317086,-0.010386676,0.049145438,0.33719981,-0.014330464,-0.12245166
-0.01957434,0.05145318212307222,0.2631645551532089,0.3638973179428983,-0.012241667,0.050700419,0.34039238,-0.0082929712,-0.12839592
-0.025873126,0.051980551825472274,0.2620315903069112,0.3626295154469725,-0.012996024,0.050953127,0.3390657,-0.010346607,-0.12817006
-0.037394471,0.029216372386802428,0.2176484133025126,0.2930708765174299,-0.0020357682,0.030875377,0.27676526,-0.016386755,-0.094989493
-0.030856159,0.04223242108274455,0.26215422248921944,0.3509273592450159,-0.0010591698,0.045430038,0.33220986,-0.017568285,-0.11170486
-0.021075509,0.04181351760075235,0.26199008093751514,0.3497221556351766,-0.00027350683,0.045308452,0.33158913,-0.010393458,-0.1106626
-0.018295886,0.036567381515762734,0.26067208119099283,0.33750653078818627,0.00089081755,0.040103484,0.32361767,-0.010417397,-0.09525618
-0.026327306,0.03277559949667854,0.252348513354133,0.3264873499503952,0.0012200803,0.036124006,0.31299436,-0.015825747,-0.091531776
-0.01672456,0.029853571403904232,0.24429426774947,0.3153112877003128,0.0022845664,0.033401478,0.30268693,-0.009058347,-0.087862261
-0.027327659,0.02712961278340056,0.24964968962454956,0.31760983151935557,0.0071798479,0.032520201,0.30625176,-0.016451418,-0.082554318
-0.0032812443,0.056225505739169984,0.24219156836380845,0.33794720914098864,-0.039591931,0.044275384,0.31501949,-0.0037924978,-0.1222974
-0.01370088,0.05548002323416576,0.24096954524156106,0.33892498393708353,-0.038400549,0.043971233,0.3149344,-0.0023022916,-0.12522447
0.0058023781,0.056966011632004085,0.25605575086418875,0.3526441674494743,-0.037133913,0.046123207,0.33043846,0.0022325355,-0.12313955
-0.0020144449,0.051364849841896126,0.24128687157763778,0.33906337789863245,-0.032604758,0.041960839,0.31518033,0.0015512074,-0.12499171
-0.0059753503,0.04731355050495451,0.21397745708096727,0.30683429794567013,-0.033288617,0.037269387,0.2828846,-0.0031539686,-0.11880085
-0.013869178,0.050218542891550255,0.23828245794392436,0.3357704874022845,-0.031732161,0.041085932,0.31173688,-0.0066773351,-0.12456866
-0.015679104,0.04205455489068959,0.15123724318463946,0.24718837032229315,-0.034143861,0.031193193,0.21556471,-0.0068553155,-0.12077645
0.0007689718,0.041793865160616596,0.15913675359447998,0.25772605912985935,-0.032679409,0.031531613,0.22569187,0.002497863,-0.12441729
-0.0087973112,0.04009574380832109,0.15878137573244766,0.25717180793913685,-0.031065123,0.030372065,0.22519998,-0.0021489686,-0.12416799
0.0061121481,0.05331941033812522,0.2556833688665429,0.3576873692106083,-0.029627889,0.045347802,0.33309004,0.0017149366,-0.13033932
-0.0036681814,0.05501795018721436,0.2534058483668464,0.3574005617082888,-0.031190025,0.046529941,0.33173805,0.00072305324,-0.1329831
-0.013509789,0.05578776724002657,0.25476159871843707,0.3593355198631546,-0.0310627,0.047420286,0.33349293,-0.0065430254,-0.13364756
-0.010424361,0.05995168566855367,0.25314280877519624,0.3561304171882084,-0.037535157,0.049196407,0.33089498,-0.00059821102,-0.13167015
-0.0038851365,0.0607536177163094,0.2554544486669752,0.3576542856412609,-0.037956815,0.049888611,0.33294898,-0.0026579029,-0.13059288
0.0019378088,0.04565654202626866,0.23396456260783827,0.33222663233281124,-0.025172137,0.03891452,0.30752727,-0.00067659625,-0.12570225
0.0029784765,0.05597716126681119,0.25719118305361743,0.36412377561312653,-0.024911584,0.05023703,0.33745757,0.001607315,-0.13676962
-0.012428996,0.05028544029973804,0.2468963405747298,0.3540330814561342,-0.024777465,0.0441107,0.32638523,-0.0058488725,-0.13703246
-0.011408661,0.04425821140407071,0.2318257651842009,0.3305861039073421,-0.02346989,0.03811799,0.30545935,-0.0053817946,-0.12630437
-0.0055881869,0.04571141503632719,0.23441995223414494,0.33749261693212546,-0.023152627,0.039831363,0.3106423,-0.0033952775,-0.13187532
-0.0076590665,0.05444916007362999,0.2606444965569691,0.36438636113185935,-0.022496197,0.049602341,0.33941701,-0.002150204,-0.13254769
-0.0019142942,0.04896543545771716,0.24355179917717446,0.34922595331210493,-0.02214664,0.043793418,0.32198301,-0.00096964813,-0.13522118
0.001239238,0.040997785186709226,0.2145209409415333,0.3102367708686589,-0.019694366,0.036178607,0.285036,-0.00063338905,-0.12247829
-0.0087711085,0.039047871030856135,0.21092959034844438,0.29767248914069194,-0.019094963,0.034314729,0.27617252,-0.0079709534,-0.1107886
0.0027510489,0.04966735090419765,0.2565205613328461,0.357322784719836,-0.0169187,0.04677508,0.33332261,-0.0006638437,-0.12874459
-0.012862993,0.04677704956823272,0.254253083237955,0.35106855223024647,-0.014459942,0.044678852,0.32861575,-0.0043209158,-0.12345909
0.0045063528,0.04146669040685719,0.23215195978395947,0.3312133315542367,-0.014014922,0.039098788,0.30598578,0.0044291941,-0.12670973
-0.0045813248,0.03891181355231945,0.2197132880975119,0.3129969489353337,-0.014159079,0.03626208,0.28934354,-0.0024466489,-0.11933742
-0.0060861274,0.04316532793724918,0.24508204588285026,0.3387053178069005,-0.01259188,0.041548166,0.31694642,-0.00070769445,-0.11943935
-0.00095099409,0.03501359036866719,0.2136878749312779,0.3021065276653602,-0.011363789,0.033213735,0.28014341,3.4235265e-05,-0.11308414
0.0058742114,0.03519200054233359,0.2143828155599716,0.3045005711785887,-0.010712791,0.033683885,0.28179023,0.0068720165,-0.11518524
-0.0076487102,0.032943916189508635,0.21119580601569526,0.2909719326007978,-0.010680547,0.031255342,0.27260533,-0.0027198722,-0.1017035
-0.01287124,0.03663647747541859,0.22707943162674657,0.3171767375322997,-0.0093674026,0.035824191,0.2955119,-0.0067006494,-0.11501696
0.0045876228,0.03873100088779661,0.25403743622375313,0.3364911565715361,-0.0045589483,0.040140666,0.3200365,0.0053470121,-0.10379955
-0.00051331555,0.0303626898319143,0.2159341908203513,0.29051515859349036,-0.0054709422,0.030662546,0.27469796,-0.002935597,-0.094506457
0.0015734649,0.04475235035289458,0.2608955399682018,0.35160425190582184,-0.0074228602,0.045466363,0.33225462,0.00036693944,-0.11503166
-0.0048977188,0.04359236954988031,0.26106180064028645,0.3515198607161454,-0.003873575,0.045712788,0.33227986,-0.0028469281,-0.11466561
-0.011354611,0.04914122083316365,0.2635997165003129,0.36096276205004424,-0.00988233,0.049190275,0.33898115,-0.0045187222,-0.12395756
-0.004690541,0.04858416528470726,0.2616240463971096,0.35986192671340494,-0.0084463153,0.049194664,0.33736792,-0.0022593862,-0.12521337
0.0040295259,0.04953402700757286,0.26252966964442676,0.3617790381461787,-0.0090662464,0.049963411,0.33891931,0.0016605288,-0.12655045
-0.0035466836,0.05225080012345428,0.2619755606886675,0.3634902362397853,-0.013991784,0.050824039,0.33959961,-0.0029227932,-0.12957127
-0.0075276648,0.03163540135199085,0.23100167563502627,0.3092083603489839,-0.0033451868,0.032947499,0.29293019,-0.0046014604,-0.098896615
-0.012482707,0.04319607485262471,0.2619332326972485,0.35151415082969195,-0.0025243033,0.045855001,0.33266887,-0.0067075035,-0.1133518
-0.0079869693,0.037927979047173474,0.2594049391650258,0.33988007989692043,-0.0021311503,0.040298834,0.32457882,-0.0037112492,-0.10076351
0.0061233398,0.04319599988995793,0.2621771418070731,0.35293895862909797,-0.0016909407,0.046208661,0.33365697,0.001092896,-0.11505538
0.0028583177,0.03261115482792967,0.25260036889223697,0.32595857626453684,0.00024898187,0.035533153,0.31301513,0.0010685169,-0.090936132
-0.0029827314,0.03921394882748331,0.2629809446245137,0.3465616140895411,0.0015191449,0.043245319,0.33026412,-0.0021170438,-0.10500515
-0.0072641633,0.028256370099071386,0.2469044613534931,0.31323470897319766,0.0043535377,0.032544568,0.30256265,-0.0053631952,-0.080889195
0.0068576802,0.05324176766252694,0.23120562921066956,0.3281808408348153,-0.038340889,0.041565005,0.30381969,0.0036255091,-0.12402869
0.022326821,0.04947628413306092,0.22434201590289338,0.3181030535897094,-0.034997456,0.038893536,0.29453728,0.010141082,-0.11972678
0.014073629,0.041857598180129345,0.15396071254315785,0.2451888625773561,-0.034154698,0.030974627,0.21627542,0.0025989169,-0.11548059
0.021780444,0.04204499406032418,0.16596633114648132,0.26002835820389947,-0.033087816,0.031631071,0.23081419,0.013311207,-0.11900575
0.014842676,0.049322006172852276,0.2439077688625175,0.3423868044664347,-0.029909881,0.040885482,0.31837872,0.0057707289,-0.12581897
0.019361032,0.04096294685817206,0.14923224527595413,0.24230396605143453,-0.033488546,0.030285478,0.21186219,0.0096560474,-0.11718526
0.0078021339,0.047624580929745024,0.24049991097506726,0.33512988417444034,-0.029666638,0.039144717,0.31256157,0.0039844587,-0.12083637
0.010318544,0.041677360612187686,0.17151625678944135,0.26344867462149857,-0.032132458,0.031637214,0.23601441,0.0010276914,-0.11705275
0.025170671,0.048442319718332086,0.24164965811429362,0.3444665311524394,-0.025926435,0.041620698,0.31832543,0.0064079552,-0.13147262
0.014591183,0.05191652184813753,0.2468408038792964,0.35178017711969717,-0.02691102,0.044977002,0.32513568,0.0042619477,-0.13423084
0.021610083,0.05377358247619385,0.25529145418960875,0.3559173347172867,-0.030989526,0.045263216,0.33187881,0.0049208649,-0.12848887
0.026902257,0.05681140810030371,0.2558952845284769,0.35396631642598514,-0.03495682,0.046879373,0.33102912,0.010071568,-0.12494174
0.014378587,0.05742941571661104,0.25684648375634467,0.3588897061867645,-0.033930156,0.047986545,0.33435395,0.0045503001,-0.13034014
0.023617903,0.060681903722932334,0.2569328859799378,0.3559292934685926,-0.038853817,0.049429949,0.33270925,0.0072514503,-0.12624434
0.020261496,0.04141727706805985,0.21513432147048858,0.30812414658772874,-0.022548065,0.035423003,0.28418654,0.0062899692,-0.11890726
0.011715914,0.04264076777357122,0.2179789888420563,0.3201077875724013,-0.021977218,0.036994465,0.29220748,0.0068934988,-0.13052304
0.021531181,0.052446963849767256,0.2560747006430262,0.3582080003731149,-0.021333024,0.047920972,0.33354494,0.0073564444,-0.13040946
0.0086873416,0.046831577306909504,0.2341032756452131,0.34013390005699495,-0.020855037,0.042023532,0.3119013,0.0026898829,-0.13565181
0.018344874,0.04652936714810443,0.23051732287654944,0.33778088211878615,-0.020105951,0.042013191,0.30861568,0.0076755714,-0.13708892
0.024608321,0.04202636729427798,0.2209759575976854,0.32273955789990544,-0.017790182,0.038104296,0.29525584,0.0087105567,-0.13003437
0.0096292328,0.037418163519359844,0.2068577894960559,0.2986012702116839,-0.01650138,0.03364519,0.27452004,0.0061875898,-0.11731658
0.016762204,0.03685064242012213,0.2020894494861053,0.2943368672412581,-0.015784413,0.033332992,0.26961923,0.0046528387,-0.11797463
0.016335007,0.04128048401421819,0.23198202088730707,0.33082992781837794,-0.014385358,0.03873926,0.30569053,0.0035169087,-0.12644909
0.011829993,0.04426664321461205,0.25907075138606955,0.34946329871280923,-0.010346751,0.043697592,0.33010533,0.0036188848,-0.11463844
0.024297578,0.036420328218896285,0.21965598589394714,0.31149289111705325,-0.011616059,0.034634877,0.28831476,0.014116602,-0.11706042
0.027698953,0.0421100913533769,0.2518211430079249,0.34122162496317565,-0.0096136769,0.041665971,0.32168061,0.010329253,-0.113345
0.016199058,0.034397157845202024,0.22215803962936462,0.3099496336518437,-0.0087190317,0.0336667,0.28890705,0.0067664711,-0.11205225
0.011849452,0.03151965276321943,0.20921756355365825,0.28672326360278344,-0.0086822957,0.030556286,0.26917985,0.0033821787,-0.0986965
0.024788167,0.03149205702440226,0.21929567650210852,0.30059345488604894,-0.0052910205,0.031965818,0.28200936,0.013848025,-0.10312797
0.022739744,0.04324439107058264,0.2607052165055327,0.3494723721615171,-0.0036850926,0.045414764,0.33081055,0.011187293,-0.11211674
0.020438453,0.047286370654840704,0.26129262552862087,0.3560312572791946,-0.0091079054,0.047503963,0.33495232,0.0087220874,-0.12037078
0.011278853,0.04890124216952871,0.25956599059975327,0.35870842287338095,-0.0098775728,0.048931591,0.33565181,0.0048076208,-0.12643766
0.011176099,0.0533834373316704,0.2615669146991655,0.3625846492780568,-0.019996282,0.049505733,0.33887476,0.0037243648,-0.12890948
0.016768605,0.050783934337655115,0.2641004638166875,0.36228756097173065,-0.013118173,0.04960132,0.33999133,0.0043831202,-0.12505583
0.026735026,0.05065666878086709,0.2631141870445973,0.3625931226286754,-0.012646592,0.049663238,0.33961597,0.0091082398,-0.12669572
0.017121419,0.0403041531250616,0.2576248516379009,0.34254771505313103,-0.0033707677,0.042354029,0.32529053,0.0087674651,-0.10699598
0.013268591,0.0441859285563539,0.2587117519285106,0.35146928149781986,-0.0027559162,0.046832025,0.33107981,0.0052435738,-0.11785296
0.026350157,0.03615440685372349,0.25504198460040534,0.3325005175826992,-0.00072467921,0.038969107,0.31797013,0.012893276,-0.096360542
0.012199125,0.035099927085967576,0.2538069678287818,0.3310835925802463,-0.00064976537,0.037855361,0.31667575,0.0050966614,-0.096471958
0.0086026145,0.028941633182470203,0.2360271011757249,0.3052661666650566,0.00038587555,0.031604838,0.29284382,0.0079294061,-0.085831545
0.022452632,0.03868561388118702,0.26499842377459043,0.3453961716375094,0.0024809479,0.043079618,0.33040121,0.010028692,-0.10016477
0.019166334,0.032191747644763305,0.25439390309350846,0.32556842428248717,0.0027945754,0.036158066,0.31346998,0.0094632339,-0.087417491
0.017866826,0.026773822510969294,0.25343242483622086,0.31892919671720643,0.0079454044,0.032458644,0.30883548,0.01008939,-0.078960009
0.028828328,0.043497993595935244,0.2264507112722364,0.3157898182193432,-0.026309572,0.036086746,0.29437596,0.0090230061,-0.11394994
0.043872401,0.05573675067828805,0.24825723234947183,0.34557941959959676,-0.035011977,0.045688495,0.32230631,0.013513219,-0.12394019
0.048346907,0.0496225316221208,0.22485599964103317,0.32104679240698086,-0.033746794,0.039583288,0.29625735,0.017472822,-0.12246357
0.032388903,0.052694360204326766,0.24818525646952888,0.34744636233355525,-0.031997439,0.043662958,0.3233538,0.011650208,-0.12659213
0.043010108,0.05126333212150082,0.24615706148569994,0.34499577797386394,-0.031432319,0.042348225,0.32093027,0.011460427,-0.12607342
0.045665853,0.04248041524348579,0.15826769813934538,0.2532249838973307,-0.034336958,0.031573866,0.22265247,0.016523898,-0.11948109
0.037351038,0.04082811037033768,0.1440342568651295,0.241222031114632,-0.033466302,0.030148439,0.20805433,0.011614772,-0.12151774
0.032337572,0.048191976819627065,0.23946158407930113,0.33585036584482997,-0.029025171,0.0400334,0.31227863,0.013820435,-0.1228272
0.036068343,0.0414203197020653,0.16558517975610393,0.2605059471878234,-0.032106772,0.031368878,0.23093294,0.0084035723,-0.12026099
0.038499702,0.04844821156822025,0.2419857055022813,0.3424266662726895,-0.027716147,0.040867411,0.3172828,0.012791088,-0.12815629
0.036648668,0.057028626286651334,0.25290707157820397,0.35323788457800165,-0.0347098,0.047220204,0.32909369,0.0090934597,-0.1280299
0.046108413,0.059508895109632455,0.24966211279342213,0.3464678505714264,-0.038909283,0.048132095,0.32353181,0.013456235,-0.12323177
0.030842377,0.05796627857713291,0.25987014482521403,0.36418010103499887,-0.028707242,0.050786767,0.33884126,0.0088695707,-0.13317311
0.039170705,0.06318038173783688,0.25580997434460817,0.3561223081547834,-0.041102517,0.05118968,0.33218408,0.011103502,-0.12788099
0.046386808,0.05593684377069685,0.25681668654685186,0.35905309307153027,-0.024474509,0.050378758,0.33427712,0.014719758,-0.1302354
0.028477401,0.049303740608243454,0.2515815659949593,0.35249782808612495,-0.019485027,0.045290727,0.32797378,0.010130045,-0.12878393
0.047081597,0.046013789488113806,0.23325830452925472,0.33160693364211963,-0.022730349,0.040339097,0.30663693,0.014446942,-0.12541227
0.040319398,0.04372835070775348,0.22607364743431296,0.32305579095040954,-0.022568855,0.037924837,0.2981385,0.012539953,-0.12377895
0.045788687,0.03924654145146299,0.21195590905174716,0.2927325733654186,-0.022506677,0.03308237,0.27387708,0.011192624,-0.10275422
0.03665857,0.05127656096919058,0.2508651562639133,0.352492825631492,-0.021938793,0.046392359,0.32754818,0.012782336,-0.12961479
0.044290069,0.0496304423159986,0.24982616524652,0.34886906022688974,-0.018613731,0.046015486,0.32491761,0.015583524,-0.12607665
0.036633432,0.0391713813385069,0.21223426742429435,0.3025911411893587,-0.018995894,0.034490958,0.27924412,0.020767627,-0.11468577
0.031417698,0.04196343339007968,0.2233461831369185,0.32443692409160907,-0.017937178,0.037973531,0.2974239,0.011737172,-0.12907587
0.037321091,0.04491520478024854,0.24327244154564237,0.34124373095029303,-0.015461461,0.042231098,0.31725436,0.014929113,-0.12479614
0.046945609,0.04020143664160117,0.22072659258012683,0.31895478082897183,-0.015666597,0.037023172,0.29282126,0.019457465,-0.12493706
0.04807958,0.04509407229098499,0.2538977021732139,0.3460943579132161,-0.011802025,0.043978751,0.32529685,0.01947852,-0.11654978
0.041646998,0.03448110362178845,0.20410923244501214,0.28506538152292593,-0.013135794,0.031883091,0.26533574,0.017579146,-0.10271412
0.030031459,0.03512569215030563,0.21712933991488997,0.3044294241206832,-0.011383194,0.033327281,0.28313765,0.010765414,-0.11133037
0.035347693,0.0364671070189524,0.220632808014259,0.3122258302808727,-0.01046987,0.035172224,0.28922993,0.014432232,-0.11671644
0.040468901,0.040262771838060867,0.2522524340333907,0.3377394476789819,-0.0081784381,0.040268339,0.3196547,0.018421171,-0.10746845
0.046171341,0.03495340788235699,0.21803718014479026,0.3040209862225868,-0.0087042982,0.034277242,0.28303269,0.022194432,-0.10875966
0.036498815,0.030796805912389594,0.21190980290594583,0.28640712804045393,-0.0079545984,0.030079903,0.27011558,0.015119798,-0.094010681
0.044765331,0.02942326172685831,0.21975461836235072,0.2909400694635831,-0.0049588848,0.029859344,0.27638489,0.019730648,-0.088702977
0.036279339,0.04533286366401155,0.26130592616752985,0.35271197665457676,-0.0069492836,0.046298031,0.33289245,0.01586831,-0.11548399
0.04421144,0.045759677737626445,0.2612154423311362,0.3533183981922428,-0.0066291136,0.046897609,0.33318469,0.016490977,-0.11640404
0.028861115,0.046177943378044886,0.25883981475060047,0.35267924140011075,-0.0070941099,0.047154617,0.33178359,0.0098822657,-0.11918321
0.034275491,0.05079953802311261,0.26159333058220713,0.3604336247859662,-0.01248268,0.049888022,0.33758798,0.010885512,-0.12581041
0.042926054,0.05131230722083614,0.2615853684145467,0.36028088641121114,-0.012202275,0.050564099,0.33740735,0.015235503,-0.12540525
0.047586132,0.04130173290836675,0.2601191751965049,0.34574393230325595,-0.0017020283,0.044146098,0.32805222,0.021124875,-0.10711838
0.031190705,0.04117200308662652,0.261008063661219,0.3474484453047826,-0.0010865116,0.044266436,0.32967898,0.014891337,-0.10867585
0.039640319,0.040883399674398045,0.258797296378327,0.3440152542866145,-0.00098207593,0.043997239,0.32647634,0.018863166,-0.10678893
0.037237152,0.0339013823648755,0.24968979654028992,0.3268786405752451,-0.00071401772,0.036526036,0.31196523,0.018118346,-0.095911764
0.039990515,0.02727419893628192,0.22809882246525928,0.2976741090648494,7.5311771e-05,0.029661577,0.28432202,0.019154489,-0.086046323
0.047982693,0.034327118221630246,0.25459094998921694,0.3290243972854813,0.001235437,0.037816033,0.31522432,0.02452101,-0.091046154
0.032605819,0.029093666157607268,0.2399940760558015,0.31021054267344633,0.0025355211,0.032682471,0.29735282,0.019077526,-0.086301386
0.053971559,0.05440897283176731,0.23041750654320553,0.32342823936605386,-0.039637391,0.042282678,0.30069155,0.010312788,-0.1186763
0.06088005,0.05733364110735608,0.2506794368350874,0.3453133980835085,-0.036726445,0.046695545,0.32332423,0.016412856,-0.1201391
0.060863923,0.052746469667280374,0.2292372114610226,0.32314158145169225,-0.037425004,0.041415703,0.29978248,0.016045332,-0.1195554
0.068796962,0.05484235652477741,0.24361156718302351,0.3376926602581642,-0.035435867,0.04453693,0.3152495,0.021076983,-0.11920506
0.063851044,0.04387972017336621,0.17019795501220863,0.26076235729995173,-0.035491779,0.032603823,0.23348118,0.019563628,-0.11445877
0.066356428,0.04879345977974014,0.22829061940130496,0.32072900576353713,-0.033019524,0.038991325,0.29775527,0.0217379,-0.11720221
0.071906552,0.04239302966161621,0.1524229842153741,0.24290865165288603,-0.034637298,0.031351447,0.21391718,0.016728818,-0.11386044
0.059187822,0.041786759993320065,0.15164395907705808,0.24781768200239992,-0.033859562,0.031022949,0.21602476,0.01223075,-0.12081935
0.059241712,0.04940345249066308,0.24088793185959043,0.3392725528736683,-0.028053526,0.041761938,0.31481701,0.018217938,-0.12515679
0.055307336,0.0410266849121344,0.16802228547209758,0.25839697893100416,-0.031404473,0.031239357,0.23116738,0.014247153,-0.114576
0.052606072,0.03972903955642556,0.14989363301845743,0.24068905869919593,-0.031961989,0.029592995,0.21140122,0.012323933,-0.11440659
0.052447807,0.04508589043829177,0.22629894971558628,0.3166103773160594,-0.027660741,0.037238237,0.29440346,0.021923905,-0.11440313
0.067395791,0.050561145855849865,0.2413065988554111,0.3416248710526723,-0.026634116,0.043622114,0.31630152,0.019585358,-0.12758258
0.051851593,0.05300578909855374,0.24959519926487173,0.3496060361835542,-0.030157205,0.044782415,0.32514191,0.01811769,-0.12719618
0.053475559,0.05775698557811737,0.2510298670434524,0.34977668690126523,-0.035755482,0.047567599,0.32608357,0.014211765,-0.12574284
0.060183145,0.05715980079819747,0.25218194164285956,0.35494163775381404,-0.027117759,0.050585337,0.32946885,0.018252887,-0.13076955
0.067397602,0.05894614446399843,0.2523189590014363,0.3532726750868865,-0.031398967,0.050708685,0.32861102,0.018175378,-0.12839796
0.061164409,0.044011331295194925,0.2239029385288202,0.31795860002020543,-0.023698559,0.037752725,0.29391176,0.021510676,-0.11937688
0.061532423,0.051017755647707705,0.24417235102892093,0.3465650028332335,-0.021759897,0.04618714,0.320528,0.020388862,-0.13020521
0.052785661,0.05277662874507345,0.2524888142371502,0.35337756958205685,-0.021242665,0.048317462,0.32879433,0.016872864,-0.1283951
0.054197334,0.04639483059726565,0.23253418034526746,0.334615103596671,-0.021184865,0.041409064,0.30770472,0.021022467,-0.12978108
0.068373121,0.04412180026818224,0.22462955803635593,0.32167357341733704,-0.021275902,0.038901091,0.29626802,0.02352353,-0.12306824
0.071497113,0.04047757116861078,0.21652150735619846,0.3036936435009249,-0.020885848,0.035107713,0.28201747,0.023271663,-0.11024702
0.062658362,0.03929093416184223,0.20977448134694293,0.29969470189886804,-0.017568298,0.035226814,0.27625012,0.02287503,-0.11392769
0.056589924,0.041768284774185614,0.22347349808521863,0.3224732662563244,-0.015925309,0.038615517,0.29619965,0.020311451,-0.12586588
0.05406506,0.038074691729204815,0.21442550152625475,0.3065545635000721,-0.016034003,0.034556806,0.28256571,0.021587718,-0.11690291
0.065353714,0.04364331963792161,0.24183439635755594,0.33283511951807904,-0.013211531,0.041804411,0.31140557,0.025499742,-0.11469765
0.067140654,0.033756358473571016,0.19687154132571863,0.2732340832464665,-0.014464972,0.030531554,0.25433102,0.029802747,-0.095312081
0.072516181,0.039870782866941464,0.22155404034822243,0.313711287177298,-0.012731214,0.037909959,0.28986928,0.031078737,-0.11586494
0.051955543,0.03387482855397061,0.20213732462269743,0.28188111028903706,-0.012686973,0.031414971,0.26229152,0.023279859,-0.1005891
0.063603736,0.03648039740625567,0.225597467963721,0.3127517742514161,-0.0093032876,0.035681847,0.29153231,0.029097939,-0.10943443
0.061589759,0.03177057751876274,0.20613286461021985,0.28538842238058765,-0.009110556,0.030647095,0.26616237,0.026596751,-0.099482447
0.05338579,0.04001803431592419,0.25442613863385327,0.3362801701791944,-0.0061848825,0.04084868,0.31964681,0.023008088,-0.10188669
0.072417334,0.034221487102841494,0.22803589956907605,0.3094536415000552,-0.0060412386,0.034612514,0.29080549,0.029920503,-0.10148146
0.056612264,0.033784021067018645,0.22869620434918844,0.31036680656940396,-0.0053602918,0.034426313,0.29187012,0.02596477,-0.10229965
0.052610505,0.029722413895067513,0.21971173851988512,0.2947731134728721,-0.003874022,0.030644828,0.27859834,0.020809224,-0.094027281
0.064901531,0.04315852070037382,0.2550366335690761,0.3432956830475683,-0.0045937798,0.044935763,0.32399258,0.02562665,-0.11056224
0.059715949,0.04609885597048536,0.2568318095223385,0.34683403939487223,-0.0095054675,0.046045139,0.32708162,0.022068042,-0.11324516
0.070696525,0.04612992177341004,0.2518594888456394,0.34234291903279856,-0.0092835454,0.046173088,0.32186484,0.026045278,-0.11368088
0.053649969,0.046958226322708976,0.2575139706863513,0.35028708540422016,-0.0081109982,0.047570642,0.32937723,0.023331046,-0.11690742
0.064225174,0.04991960301373312,0.2571580376119539,0.35216744275007345,-0.013098091,0.048670869,0.33036005,0.021260988,-0.12013374
0.072077021,0.051170344381551686,0.25280302466958954,0.34854339452618643,-0.014080434,0.049612645,0.32599345,0.023907911,-0.12099248
0.05239626,0.051716009516270575,0.2580373795763496,0.35560653789285346,-0.012473222,0.050887655,0.33281726,0.019846985,-0.12367206
0.069198743,0.054169523201181534,0.25301323172579443,0.3515207972854985,-0.018656576,0.050928377,0.32784465,0.022490218,-0.12481565
0.059147179,0.05363779695754067,0.2590592794114523,0.3585639452885422,-0.015938904,0.051504314,0.33506379,0.018336825,-0.1263492
0.065709457,0.029334835355647362,0.22249987042264596,0.2974897192783966,-0.0028661955,0.030651575,0.28092039,0.032451916,-0.092362009
0.057491481,0.04179165856437982,0.25910326236797576,0.3440432550127515,-0.0020655571,0.044524025,0.3263976,0.025147909,-0.10582037
0.067029633,0.03924049200644588,0.2533831945540449,0.33593488276729405,-0.00034060373,0.042484738,0.31868666,0.028757783,-0.10229393
0.059634529,0.03713783676866619,0.2550342977165631,0.33256375358827794,0.0017949631,0.041106991,0.31750193,0.026710089,-0.095277205
0.069240063,0.035794894423517264,0.24930159376894795,0.3248367191150961,0.0026207161,0.039998583,0.30993158,0.031245207,-0.092114314
0.05981731,0.02657927173777186,0.22941158185121124,0.29826169660579843,0.0024147141,0.029899653,0.28425875,0.036668256,-0.082537517
0.051135726,0.037069404009109574,0.25719875465928865,0.33590406287584973,0.0033965767,0.041712493,0.32055467,0.02609433,-0.096929505
0.060321555,0.03298852564016811,0.25331848249484945,0.3269906200621848,0.00512947,0.038014758,0.31319386,0.028614029,-0.089519322
0.06923449,0.030675997728950653,0.24678875539873568,0.31891866931661494,0.0054091066,0.035621218,0.30495471,0.034262445,-0.086820662
0.075315244,0.060587624413971,0.24326529258608684,0.3364408597350901,-0.040827613,0.048489701,0.31444475,0.018622469,-0.11819541
0.073275484,0.04124724254820728,0.1477817072372986,0.24225373578762463,-0.033572901,0.030558519,0.21067066,0.018956929,-0.11809056
0.09201283,0.056181020283510186,0.23049497506348177,0.32045515720530404,-0.037528437,0.045102958,0.29889613,0.017318761,-0.11424829
0.076710626,0.05479782195403706,0.2438115573398163,0.3387166770815612,-0.033054497,0.045499381,0.31587604,0.022597868,-0.12016926
0.076000318,0.0483232134850083,0.22578477254722182,0.3161101204137226,-0.032244828,0.038809307,0.29374227,0.024662964,-0.1141614
0.091556445,0.051136610336991295,0.22651537332199656,0.3188890608258235,-0.032058958,0.041944567,0.29590592,0.018702591,-0.11738881
0.077025376,0.042940343279952095,0.16327083901330663,0.25697274952060434,-0.034137275,0.032158274,0.22727945,0.023551907,-0.11757701
0.093345299,0.04292171677511683,0.15023279360930278,0.24663556964841876,-0.034609675,0.031937517,0.21439211,0.018012905,-0.12058467
0.085437767,0.05306720454845906,0.2352088468714384,0.3312581090561657,-0.031199628,0.044406652,0.30734709,0.01905084,-0.12209327
0.080535002,0.049185267331151555,0.23178467183368376,0.3282401941897585,-0.02755639,0.041735932,0.30361319,0.025728367,-0.12206026
0.094106108,0.04477668850740279,0.21597845289053197,0.30437122849223314,-0.025800252,0.037692063,0.28207645,0.024101647,-0.11177581
0.082019717,0.03824458733487013,0.15637840234028197,0.24741202739032886,-0.028405759,0.029489875,0.21823664,0.024682656,-0.11391333
0.084264539,0.05847499283216401,0.24414912522002585,0.3368136160385486,-0.036793154,0.047907148,0.3150897,0.019150143,-0.11745282
0.073999941,0.056174351370317434,0.24813259835696846,0.3487734798123189,-0.026542841,0.049758822,0.32385716,0.019945202,-0.12791274
0.091048725,0.058183828218559434,0.23963733843557508,0.33797419999682954,-0.028845364,0.050964475,0.31334272,0.021138325,-0.12488423
0.072803862,0.047426189698896073,0.23385386423922316,0.3325941315298983,-0.024239771,0.041232761,0.30730653,0.020975074,-0.12546553
0.086949393,0.04832332937144405,0.22630985627496988,0.3243008696728062,-0.024630409,0.042041562,0.29868561,0.021606479,-0.12446333
0.085902415,0.0439210382477131,0.21557658080904618,0.30640825199796773,-0.024295377,0.0374013,0.28309175,0.021792404,-0.11519622
0.07868652,0.043418715927747105,0.22001926154340226,0.31546860429174656,-0.021440072,0.038067602,0.2902762,0.026062064,-0.12075155
0.078494661,0.050621026060232,0.2438973820155717,0.3413352201221519,-0.019767698,0.046601787,0.31734553,0.023898667,-0.12341151
0.080215968,0.0389766673474579,0.2131816050452009,0.30677698012090165,-0.016775033,0.035222128,0.28166854,0.029280759,-0.11797282
0.093627639,0.04999915183782787,0.2369278257336845,0.33051211963378374,-0.016190931,0.047444455,0.30753037,0.026639467,-0.11812566
0.086823218,0.04056607086985669,0.21498516053112238,0.30817596129699165,-0.016724745,0.036970139,0.28352821,0.026868602,-0.11773808
0.090703025,0.03696039314672521,0.20729389815105195,0.28911715021236395,-0.016568061,0.033119582,0.2688008,0.027965501,-0.10272676
0.085383937,0.046851353764622974,0.2435664071529052,0.33356548820483345,-0.011582026,0.045981176,0.31257421,0.028110826,-0.11301805
0.077691965,0.046460896949861885,0.2496975042281082,0.33932349214266644,-0.010593777,0.045976486,0.31901833,0.026639536,-0.1125081
0.076415345,0.03478292346481631,0.20330650530791627,0.2876484071871705,-0.01234832,0.032545239,0.26534107,0.036832646,-0.1047811
0.090839446,0.044943693456880304,0.23894055833681752,0.3281635893245944,-0.01063002,0.044312872,0.30709293,0.029220412,-0.11194392
0.081349559,0.041610164696797035,0.2401488398336043,0.32724559212857596,-0.009374625,0.041224342,0.30709976,0.030450776,-0.10886765
0.08382304,0.033866978813015196,0.2013265242986418,0.28370236993785697,-0.011006509,0.032119758,0.26243547,0.031701371,-0.10300331
0.07415507,0.041206563827454065,0.25273784223710216,0.33773568192879855,-0.0039914576,0.043070905,0.31936994,0.030435391,-0.10555529
0.091168888,0.03158459051853518,0.20050885805575855,0.27568017238673564,-0.0092736613,0.030375812,0.25730976,0.033740509,-0.093020551
0.094504714,0.041243507225859496,0.23845535631228917,0.3236008385811282,-0.0057305074,0.042372856,0.30382326,0.035809215,-0.10548284
0.086637273,0.03639381468939681,0.2295485313857024,0.311810280851914,-0.0054524937,0.037222352,0.29261547,0.034978297,-0.10187422
0.077270702,0.02948923024968128,0.21515783841031338,0.2881458834168054,-0.0038643454,0.030395614,0.27153653,0.036971055,-0.089045517
0.085861012,0.05147068336883451,0.24510513471691645,0.33967565138299066,-0.016854795,0.048761275,0.31698245,0.025094917,-0.11946514
0.07928291,0.05213472256296355,0.24991482209149762,0.3446040226415524,-0.015145261,0.050208315,0.32221663,0.025520945,-0.11948664
0.091287903,0.0549078704186571,0.24122271882301313,0.33698093553742714,-0.021164009,0.050666146,0.31350324,0.024108853,-0.12120492
0.084810957,0.040417906949572736,0.24988593855918004,0.33124573384712314,-0.0030678019,0.042606208,0.31412473,0.030817121,-0.10049724
0.093119524,0.03594004008933879,0.23830566546693555,0.31673077524864185,-0.0012398604,0.038517546,0.29916173,0.042633988,-0.094884068
0.078236848,0.03787030022790711,0.25211188652946853,0.33199257677551514,-0.00058558397,0.040892228,0.31532049,0.035537358,-0.097617395
0.089234523,0.030142314861939207,0.23213926706305096,0.30593788130588406,0.0013558954,0.03332096,0.28980565,0.041909672,-0.088624217
0.084383175,0.03390258776126189,0.24752715022660043,0.3210745412324092,0.0034095261,0.038277686,0.30659547,0.034688625,-0.088796273
0.07687635,0.033333201867298316,0.2484023854944132,0.3218344370871005,0.0040895506,0.037947781,0.30705455,0.040181134,-0.087637804
0.093888409,0.030550405259078334,0.23993236538986895,0.3112660956672813,0.0059770783,0.035725869,0.29628122,0.045375895,-0.083934791
0.098412938,0.05652889018851049,0.21899046157201293,0.30453910629164965,-0.039904736,0.044472191,0.28400317,0.017057359,-0.10860623
0.11504796,0.05473591824913508,0.2020481956244346,0.27864771787581416,-0.036603078,0.043925848,0.26066521,0.017086297,-0.096985862
0.098741725,0.0506685924421277,0.22111414011428193,0.31011023950077926,-0.032005209,0.041458946,0.28805724,0.022026459,-0.11272188
0.11218003,0.049457647607796404,0.20716445581411588,0.2875090589393592,-0.031823296,0.040220641,0.26838475,0.014532354,-0.10207789
0.11013692,0.04043345183364798,0.13032536400422143,0.21035989673653016,-0.033130128,0.029862395,0.18410821,0.017819295,-0.10018945
0.1088969,0.040672551610492796,0.14471302979785505,0.22697217967240876,-0.032026231,0.03059072,0.20127207,0.015197197,-0.10380255
0.10288469,0.04659516258831098,0.21346443090053932,0.2989190621094025,-0.027620874,0.038894773,0.27772954,0.023696896,-0.10796928
0.10640208,0.04818173374329397,0.21128085025736867,0.30074391302120324,-0.025861083,0.041365348,0.27779949,0.018480612,-0.11372252
0.11693435,0.03917537900683263,0.12998060173582582,0.2033083341649191,-0.030356139,0.029673163,0.18057354,0.011220827,-0.092744641
0.1017793,0.05461295343664646,0.22759987607568372,0.3207741794137199,-0.030119348,0.046544444,0.2974335,0.021338057,-0.11821199
0.1101383,0.05644488732968433,0.2237335961004453,0.30745030202036555,-0.033828344,0.046960209,0.28811464,0.015721245,-0.10615312
0.10136931,0.06116090944916015,0.23319863894789133,0.32186475893252725,-0.03836767,0.050156679,0.30102631,0.018926037,-0.11234718
0.11471952,0.04176690433969494,0.17796704991550774,0.25492578857583237,-0.023728814,0.035301626,0.23501395,0.010726489,-0.098186269
0.11261095,0.05456994290378171,0.2220869829286917,0.30899497944884574,-0.02325373,0.049412001,0.28786871,0.02358206,-0.10978793
0.09525992,0.048275436285691226,0.22517359608501214,0.32028502173588885,-0.022873454,0.042735316,0.29569528,0.025851659,-0.12032659
0.10679825,0.0543962246685279,0.228787274321951,0.31999210656642707,-0.021849617,0.049819291,0.29756334,0.022707196,-0.11547896
0.11080898,0.04262386370159,0.18813230837364692,0.27734157265350073,-0.020836882,0.037460145,0.25244355,0.019213339,-0.11323184
0.099687114,0.03973324138859884,0.2029148685616463,0.2851085066296285,-0.019809093,0.034756158,0.26440004,0.025562894,-0.10356649
0.11302605,0.04797818909596781,0.21236833063222524,0.29679684770159914,-0.019630007,0.04378916,0.27599451,0.02309265,-0.10668706
0.10091635,0.05106901749720118,0.23035963673245075,0.3229755087695904,-0.018833127,0.047485169,0.29996595,0.024853267,-0.117115
0.10540897,0.04052273661155281,0.19754841583602428,0.2838363602016311,-0.018786635,0.036047842,0.26094648,0.023517236,-0.1091648
0.10647705,0.04845424734740408,0.22834461990847044,0.31709781466963455,-0.015801068,0.045931619,0.29554501,0.026309535,-0.11185696
0.096333668,0.0420503896546539,0.21482491469254233,0.3068793782843314,-0.01601406,0.038884312,0.28263602,0.028724246,-0.11604633
0.11384161,0.03616224785020885,0.18292695848265225,0.253657490990234,-0.017034613,0.032054469,0.23676412,0.015935415,-0.089615494
0.11449607,0.049269780959370416,0.22672184610166307,0.30770636327532447,-0.015188373,0.047077656,0.28910649,0.030521281,-0.10084193
0.098289303,0.0454566078696083,0.23236424682255108,0.3219120004576434,-0.011238388,0.044611845,0.30008709,0.031153267,-0.11226998
0.10752438,0.03509601441604125,0.19271524252560743,0.2720599069845983,-0.012913448,0.032645486,0.25125903,0.033784643,-0.098712161
0.096270017,0.03540282787414778,0.20628233172587795,0.28812196203970053,-0.011751028,0.033472214,0.26762757,0.029544806,-0.10255171
0.11631264,0.04216337238028448,0.21091845759465525,0.2863942465725603,-0.011377766,0.040975042,0.26911527,0.026956331,-0.094191253
0.10416118,0.044043986594192376,0.22621095018101264,0.31008954740283795,-0.0099092331,0.043641422,0.29019779,0.031215474,-0.10472041
0.099972747,0.031689830180999204,0.199141615012331,0.27160519412346057,-0.010495706,0.029971413,0.25436044,0.032358617,-0.08957158
0.11002172,0.039791306134495184,0.20881924641830732,0.290584990133139,-0.0087786559,0.03950138,0.2701329,0.03273797,-0.10196116
0.1030812,0.039203498275306205,0.2232239837468258,0.30458240600715003,-0.0075255046,0.03939474,0.28555503,0.030680086,-0.10142731
0.11312999,0.036000180833973085,0.20761136387655163,0.2829890547549011,-0.0051733176,0.036913227,0.2650272,0.034494668,-0.093024224
0.11427607,0.046141512029359275,0.23721124170801117,0.313048011738938,-0.0019102698,0.049315449,0.29666388,0.039525617,-0.091800466
0.099320419,0.035793793960562155,0.23167592666248923,0.31031509049926365,-0.0016849563,0.038169738,0.29285839,0.033467293,-0.097001851
0.1145914,0.04558178013912252,0.23640440367147544,0.31175566115547454,-0.0014299856,0.048911247,0.29549959,0.039601412,-0.091122515
0.10577241,0.034879852266533576,0.22750334254313062,0.3032738419060895,-0.0012232963,0.037372831,0.2864626,0.036564901,-0.092613228
0.11603443,0.03217052797561486,0.21662510371287622,0.28278241461465303,-0.00031019252,0.034817118,0.26871595,0.039655045,-0.078645468
0.10958438,0.03014762119728772,0.21935422380274577,0.29112008223270847,0.0018111931,0.033519987,0.27493092,0.041422125,-0.08630237
0.10029911,0.031085495181702286,0.23081584270147454,0.3021188301039837,0.00355119,0.035277441,0.28694251,0.040859159,-0.085266128
0.10430573,0.027544066150902827,0.228108711756514,0.29730042095793474,0.0067442656,0.032785553,0.28188851,0.049802024,-0.080288023
0.11566153,0.026238737521869834,0.22162806612886993,0.2811345722959367,0.006869494,0.031420652,0.26902908,0.047193557,-0.066579051
0.10765803,0.04797629965960477,0.2460541899188696,0.32464605013349035,-0.0022320382,0.051172107,0.30783656,0.038902421,-0.095489852
0.12631883,0.058149356541810304,0.1705840563833716,0.2333549355739926,-0.039943267,0.046216246,0.21922567,0.0035693168,-0.079886742
0.12883694,0.05462074088474898,0.15414479664932976,0.21717437848725396,-0.037939753,0.043233339,0.20161952,0.0060724812,-0.080482326
0.11948697,0.04885709094532919,0.17649715545521108,0.2514163919628116,-0.032950211,0.039089873,0.23235054,0.0083663352,-0.095673576
0.1231078,0.040400293699361524,0.1167510122098952,0.1827612610188692,-0.031684745,0.030439902,0.162278,0.0097474121,-0.0835016
0.12594433,0.04665377433721619,0.16614459249019026,0.23807783090447754,-0.027410792,0.039047621,0.21952894,0.0055568502,-0.091963142
0.13545954,0.04854814744976798,0.1272728223954013,0.1836810058892656,-0.030518962,0.039786253,0.16887258,-0.0045896149,-0.072108939
0.13657238,0.04637847153338357,0.09924936348711301,0.14814625854992455,-0.03212906,0.036745757,0.13426271,0.0063502435,-0.062293764
0.13515216,0.0399050477722559,0.0727432863313843,0.1243948781227661,-0.032077469,0.029735185,0.10635401,0.0042253588,-0.064382114
0.13569121,0.03996343294768119,0.08551729548633577,0.1392113456133309,-0.028858803,0.031164855,0.12154816,0.0071873409,-0.067484707
0.13592203,0.039224534502320656,0.09013247238034444,0.1428532129368612,-0.027785929,0.030817553,0.12621811,0.0055229883,-0.066674776
0.13632837,0.05290309303897974,0.141001424241399,0.20470930002555413,-0.030049538,0.044716552,0.18775661,-0.0041734283,-0.081461251
0.11953509,0.05206058444401427,0.20269730869640384,0.2820200893134078,-0.028813314,0.04432603,0.26313406,0.0081443079,-0.10114083
0.12471218,0.05432527152051608,0.20313954395836592,0.2760418150271516,-0.027702356,0.04725787,0.259909,0.010322608,-0.09241125
0.13606319,0.058247171752870544,0.14895226176642673,0.21272476716983926,-0.032067701,0.049665488,0.19644721,-0.0019946445,-0.081586406
0.13480869,0.06063803047650978,0.15817240561097545,0.21515660850636248,-0.036427774,0.050412081,0.20249462,-0.0083813816,-0.072236054
0.11860276,0.0567154703656085,0.2191599183689598,0.3010853820058885,-0.025832545,0.050648175,0.28205585,0.019158939,-0.10358494
0.12398949,0.05940174040254924,0.20458215253471038,0.27589878720566896,-0.032625917,0.050682817,0.26056102,0.0090602236,-0.090255238
0.13603392,0.05953671078329945,0.154380312092594,0.21618825616508192,-0.03213571,0.051037524,0.20124066,0.00077951414,-0.078987032
0.12604177,0.0499684890889933,0.18975467528336343,0.2622459362374853,-0.025370661,0.04351458,0.24525632,0.011448933,-0.092147656
0.13512892,0.05095953437881534,0.15240473265449125,0.22089547242371563,-0.021746958,0.046129383,0.20276275,-0.0018005954,-0.087628961
0.13514192,0.053549070359909634,0.16079024547180348,0.227510178871978,-0.021483744,0.04905428,0.21081865,0.0081529487,-0.08514639
0.12895018,0.04352817612901197,0.1568417348547983,0.2204057371956919,-0.021461254,0.038177524,0.20447461,0.017881149,-0.08030621
0.12127198,0.046422850182037366,0.19842240095700234,0.26886243797212256,-0.01921081,0.04227744,0.25315616,0.018799199,-0.088575162
0.13553004,0.0453809825062459,0.13600325623733958,0.19426381757344338,-0.021031385,0.040372808,0.1791985,-0.011695582,-0.074091442
0.12150489,0.04867991080073148,0.21180723257768033,0.28528843849415847,-0.01648324,0.045887206,0.26904401,0.024227764,-0.091748729
0.12242977,0.04142710860860449,0.1759288056309556,0.2501491975467095,-0.017290056,0.037665576,0.23119821,0.014426075,-0.094413437
0.12478594,0.03597788931125659,0.16360491218314266,0.22974474593419372,-0.014898098,0.032761086,0.21345513,0.011733163,-0.084153958
0.13015674,0.037064516613421,0.13896347647088939,0.20155600614298516,-0.015456053,0.033704717,0.18412274,0.024930146,-0.078116119
0.13665056,0.04781317377982283,0.1534582454994871,0.20849585870258916,-0.014217999,0.045907155,0.19622511,0.011474811,-0.069530986
0.12416627,0.03867646336835078,0.19092215007533905,0.2571858462755173,-0.011559398,0.037109904,0.24269132,0.018358972,-0.083116971
0.13607912,0.03986414905617326,0.12782367180892498,0.1887775970226064,-0.013449123,0.037598018,0.17182668,-0.0090398854,-0.077658571
0.11953394,0.0378110254316984,0.20551406660101038,0.275713123131217,-0.0069909468,0.038108919,0.25994939,0.031209312,-0.086429276
0.13580565,0.042836774840629886,0.15872661561730128,0.21903029463251944,-0.0107993,0.041952144,0.20505978,0.0041441545,-0.0768608
0.13584125,0.04211855972154418,0.16538100128861635,0.2242342928713931,-0.0097429371,0.041620303,0.21138018,0.0040422673,-0.074720129
0.1260708,0.03201210805974392,0.1702608478335261,0.22088615691690286,-0.0079704653,0.031393424,0.21123016,0.018538212,-0.06187769
0.13665153,0.036034194007826086,0.1662297121106006,0.21642905427916453,-0.0041351584,0.03739085,0.20708005,0.0079648057,-0.062417548
0.13676189,0.03286514171145798,0.14122220500726343,0.19450976296921624,-0.0048549706,0.033642575,0.18222453,-0.0047772164,-0.067863442
0.13004138,0.04498321910090667,0.20925479206586312,0.2763645511856205,-0.0045892708,0.046919957,0.26155543,0.038254928,-0.080639213
0.12970166,0.04663466650376681,0.20998340090308754,0.2785762085271114,-0.0059072878,0.048154559,0.26335829,0.036803581,-0.083021753
0.13556483,0.05112010105200252,0.17336261942835673,0.22823255672780318,-0.015416609,0.04899089,0.21705379,0.020000555,-0.067658924
0.1336915,0.04868842697308253,0.19531895508265187,0.25913923004348005,-0.010029914,0.048635732,0.2459542,0.018201625,-0.079551071
0.12504338,0.04730406862875916,0.22598330873090797,0.2930841143866186,-0.0046974444,0.049395319,0.27916664,0.040906917,-0.079315253
0.12511665,0.04737825845573253,0.2256099424990631,0.2926468672786756,-0.0047851643,0.049438681,0.27872324,0.040972546,-0.079226226
0.11894516,0.04793631157489341,0.23414328983414634,0.305659415622699,-0.0038635638,0.050436124,0.2909109,0.037221882,-0.086099118
0.12158728,0.0328213153788087,0.20345321876467742,0.2622033781862787,-0.0034932545,0.034172978,0.2508488,0.029807147,-0.070263967
0.1211578,0.04700886794324357,0.23344660800052158,0.30275854907183863,-0.0027939691,0.049882602,0.28865334,0.039054196,-0.082563661
0.13273686,0.037264341144422855,0.19569298056611745,0.25463952998000233,-0.00046948771,0.040283218,0.24243249,0.033557147,-0.070297197
0.13259155,0.03641178468463498,0.1976668495982749,0.2561996151844688,0.00086756819,0.039924581,0.24371876,0.039721958,-0.068275727
0.12380668,0.027287674294485333,0.20828913706269514,0.25821984626532796,0.001186242,0.030147778,0.25000739,0.032379147,-0.055905141
0.12893638,0.037398805570133344,0.22070715779060948,0.2772852809934357,0.003684917,0.042192735,0.26539636,0.052975677,-0.060377784
0.13535914,0.0292994543267255,0.17975887589719092,0.22786303043286404,0.0046507912,0.03380391,0.21907161,0.028078688,-0.056042641
0.13526557,0.028929411658511164,0.18310248615644084,0.23112138981326513,0.0057085729,0.033850912,0.22214803,0.032736182,-0.054732915
-0.13423349,0.08283406329209424,0.18768119419069512,0.2615561012463725,-0.049994241,0.068766348,0.24385606,-0.0089751966,-0.09415552
-0.13385522,0.08555770403204965,0.197312994401934,0.2710183843385718,-0.049759738,0.071824744,0.2539081,-0.017263362,-0.093185931
-0.130973,0.0823334801066699,0.2089533303247391,0.2881161928984526,-0.04453294,0.070540719,0.26956767,-0.016936643,-0.1002864
-0.13414975,0.07812719093801405,0.19317047732605735,0.2645188180901139,-0.043666936,0.06633877,0.24836303,-0.0074209482,-0.090724528
-0.13551292,0.07728182254406035,0.1890927161603046,0.25633932340886206,-0.043200247,0.065618493,0.24158557,-0.0093932003,-0.085194066
-0.13427393,0.08111970234753652,0.19925875487630806,0.27165202014066764,-0.042830992,0.069944553,0.2554507,-0.01025299,-0.091840275
-0.13539362,0.06958177213446975,0.16291836082326866,0.22767200705557267,-0.04279314,0.05742627,0.2120274,0.0080516813,-0.082547531
-0.13642783,0.0730641398920576,0.17501101392557028,0.24292215397385222,-0.041348167,0.061822731,0.22688182,-0.0061128247,-0.086593568
-0.12877257,0.07745878169474059,0.2069147909655919,0.29106207751209917,-0.038703993,0.067719281,0.27020121,-0.016132535,-0.10699617
-0.13469821,0.06307016562531179,0.1639984818780283,0.22339294639808394,-0.039054934,0.051939093,0.21020794,0.0041550822,-0.075496793
-0.13641916,0.06354552325084642,0.1572320569327065,0.22081591703559342,-0.035742447,0.05386157,0.20530643,0.0021516636,-0.081266902
-0.1302467,0.07027530340489911,0.21846669824984075,0.297172292478873,-0.029727109,0.063725896,0.27906877,-0.027654672,-0.098321982
-0.13232702,0.06696419029568329,0.20457583013359149,0.2833393148406894,-0.030139178,0.059953921,0.26449636,-0.020350277,-0.099542499
-0.13620691,0.06563841384128147,0.1790767591505301,0.24672140454564936,-0.031936519,0.057750724,0.23109682,-0.0070285462,-0.086118005
-0.13404703,0.06663531407180902,0.20222114180960055,0.2767869543428544,-0.028075755,0.060472514,0.25952524,-0.021175729,-0.093857639
-0.13534021,0.06509181823592616,0.19868453361258542,0.26734115040578327,-0.026649909,0.059400957,0.25226444,-0.021718616,-0.085803524
-0.131437,0.062213327595808054,0.21384154667235594,0.28757005733276275,-0.021887725,0.058295306,0.27120101,-0.027415615,-0.091623873
-0.13162115,0.05896153477436297,0.21879735234229425,0.28911772789802903,-0.018197782,0.056328975,0.2741195,-0.032911647,-0.085815988
-0.12850687,0.05912802081499554,0.2270757665005991,0.3001699144911087,-0.017091716,0.056979336,0.28476408,-0.031051869,-0.089706063
-0.11256861,0.0773965907655945,0.23118020166538306,0.32292972847866724,-0.047296435,0.064004444,0.30071875,-0.014570869,-0.11678841
-0.12054273,0.07537109400747434,0.21945428360695965,0.30315585393563155,-0.04654536,0.062122837,0.28361425,-0.011115524,-0.10650293
-0.10524437,0.07353214987238793,0.23850919449398778,0.3335769891608076,-0.042299598,0.0619273,0.31043833,-0.016666865,-0.12092918
-0.11349639,0.07073808605709968,0.22971902505760836,0.3175115096147772,-0.042352762,0.058869373,0.29688054,-0.015698129,-0.11148575
-0.12033546,0.06930084761720892,0.21878480303133105,0.29809244472984614,-0.041590922,0.057631396,0.28037056,-0.01166998,-0.10057468
-0.12530045,0.06655499145610927,0.20133271723322116,0.2729335109775665,-0.04094493,0.054922614,0.25723067,-0.009691623,-0.09072572
-0.12297932,0.08006034442436089,0.22608749205757586,0.311982677710782,-0.039478686,0.070216678,0.29167327,-0.022021716,-0.10851239
-0.1071442,0.06840576363959204,0.23539625418048754,0.32687255320035635,-0.038056098,0.058159456,0.30500725,-0.018350122,-0.11610132
-0.1145094,0.06656191229429079,0.23002489542611126,0.3167712462427042,-0.035995521,0.057031032,0.29642576,-0.021370931,-0.10963154
-0.10746711,0.06385535352229796,0.2334046155645437,0.3241511828703126,-0.032972168,0.055374071,0.30238754,-0.020114221,-0.11502688
-0.12615475,0.07441435353708985,0.22221872350026894,0.30210667640677463,-0.033963695,0.066424072,0.28401527,-0.023002293,-0.10037263
-0.10918738,0.07461803008147239,0.2420853071660458,0.3359812655220473,-0.032369629,0.067321979,0.31349775,-0.021101981,-0.11898436
-0.1239122,0.061938827232261726,0.2168384023036849,0.29183965793925243,-0.033698816,0.052983589,0.2758154,-0.010222674,-0.094824828
-0.11939836,0.06407641635662326,0.2220993131259041,0.3061571008629991,-0.032877479,0.055654418,0.28639174,-0.020424809,-0.10627685
-0.12380694,0.07323238970588519,0.2307592858868421,0.3123807883385086,-0.032037843,0.065957509,0.29433104,-0.01948403,-0.10281716
-0.11230145,0.06125702843832549,0.22629396494964601,0.3138074727961765,-0.031640194,0.053116743,0.29275489,-0.023502324,-0.1105321
-0.12655491,0.0709983913936088,0.2289213926663877,0.30800229468063656,-0.031567864,0.063730076,0.29077125,-0.022132214,-0.099134549
-0.1146242,0.0698447892673184,0.2390310060702542,0.3262933019891985,-0.027109075,0.064369492,0.30626178,-0.025000386,-0.10975437
-0.11092076,0.07539305949767632,0.24196292005197456,0.3347946254388021,-0.03233093,0.068180367,0.31275234,-0.02138711,-0.11754151
-0.11167742,0.07668129747411326,0.24157660999132563,0.33445204257149613,-0.033663046,0.069014408,0.31236666,-0.021222631,-0.11762159
-0.12251496,0.07867590704745481,0.22761999150460663,0.31311571839234725,-0.036992673,0.06976793,0.29311559,-0.021523556,-0.10798815
-0.115573,0.07739632074099147,0.23781590380470735,0.32906567890796107,-0.03411242,0.069600433,0.30739903,-0.020971045,-0.11554338
-0.11738997,0.07891712812466485,0.235891519429429,0.32585686229966887,-0.036213383,0.070360772,0.30460069,-0.020817619,-0.11387599
-0.12084978,0.0827834070964052,0.23054330115328722,0.3166546564929509,-0.042689815,0.071811862,0.29664579,-0.020711614,-0.10882314
-0.10773904,0.0826892623183878,0.2459404519855052,0.34086714631719295,-0.039695114,0.072980762,0.31827712,-0.019984432,-0.12037736
-0.1072334,0.0825579814624591,0.24704107319863577,0.34219152125536995,-0.039246738,0.073028468,0.31960496,-0.019543214,-0.12068873
-0.11529417,0.08450466763521443,0.23730334973516923,0.3287794444123884,-0.043437794,0.073364273,0.30702311,-0.019590724,-0.11596955
-0.10612508,0.06750242711579163,0.24637791374270027,0.33754029708898525,-0.023383105,0.063406423,0.31644776,-0.024108315,-0.11494806
-0.11680031,0.06486380543503124,0.23491168898892414,0.3208077443268187,-0.022916354,0.060738053,0.30090302,-0.027957324,-0.10767251
-0.11877371,0.06530492018868304,0.23498108502058396,0.3195825321528748,-0.022222187,0.061511919,0.30014095,-0.029597361,-0.10569958
-0.1058007,0.06620442468537859,0.24749968894468294,0.3385234757488397,-0.02174565,0.062691383,0.3175568,-0.024537019,-0.11468983
-0.12577507,0.06339178966969203,0.2241119632054055,0.30502917972029736,-0.021103993,0.059908215,0.28641519,-0.027776292,-0.10118111
-0.11215018,0.06386705332357791,0.2421171210445796,0.32987016610886355,-0.019553436,0.061082695,0.30980316,-0.026315439,-0.11019903
-0.12614261,0.06258482794366901,0.22452286033036098,0.303863054304927,-0.019823099,0.059575271,0.28591931,-0.028099274,-0.098961279
-0.11261839,0.06287223855421976,0.2418254135535919,0.329339498538837,-0.018503943,0.060447451,0.30931535,-0.027079001,-0.10979639
-0.11620879,0.06176893622181599,0.23994944191868245,0.32464709536132746,-0.016355149,0.060160976,0.30551621,-0.029903466,-0.10564736
-0.12179799,0.05952699997526245,0.2313418237500012,0.3125214688683513,-0.016319508,0.057740554,0.29419509,-0.030277178,-0.10100599
-0.12166008,0.058037221621883225,0.2298698645846974,0.31114249699485114,-0.015689727,0.056389444,0.29267836,-0.030126285,-0.10119999
-0.10639542,0.05718073337284581,0.24207652454429146,0.3288497960013896,-0.012310429,0.056893416,0.30885631,-0.032716177,-0.10807229
-0.11424509,0.053977880186711215,0.23395492357367842,0.31573227193792347,-0.0094767278,0.054616798,0.29709598,-0.034482609,-0.10115234
-0.10913735,0.05175780732743417,0.24007459331807654,0.32239373127494503,-0.0063807769,0.053519152,0.30394882,-0.034975093,-0.10163452
-0.10880004,0.050417041960320624,0.24155898473905862,0.32340534269833954,-0.0048463764,0.052713912,0.30521974,-0.035571277,-0.10082961
-0.11941747,0.05016835134631488,0.2318065168664709,0.3093192621659637,-0.0053556301,0.052227579,0.29189521,-0.039553907,-0.094398521
-0.12196664,0.04960572587696819,0.2315118696093063,0.30667735520502415,-0.0051354733,0.051709816,0.29002911,-0.041199505,-0.090756357
-0.086506195,0.08251666075861569,0.2512917126260815,0.35611436878018843,-0.050400596,0.068249047,0.32975954,-0.013843543,-0.13373274
-0.10067432,0.07660863540398415,0.2418148574010869,0.33980590114249837,-0.045179717,0.064046934,0.31563076,-0.017169442,-0.12470158
-0.087437287,0.07757024768244983,0.249498781190356,0.3525129739966319,-0.044577256,0.065347321,0.32677668,-0.015627733,-0.13129422
-0.089877963,0.06494936687056181,0.23907809329028568,0.3314797582587047,-0.043627478,0.052039653,0.30950099,-0.01835474,-0.11726496
-0.094859488,0.0726987515723484,0.24488576250637256,0.34348178267723595,-0.041817989,0.06122636,0.31925592,-0.018292382,-0.12538254
-0.099717103,0.06477634977031518,0.23209734218175396,0.3223895645878801,-0.042063449,0.052515585,0.30070004,-0.020683885,-0.11439709
-0.090282254,0.0736837868766138,0.24859208127459778,0.3501065692029317,-0.038290605,0.063793749,0.32489747,-0.018077826,-0.1291876
-0.085371487,0.069230913879335,0.24934804028240148,0.3504502532760681,-0.037289936,0.059381083,0.32547799,-0.01833651,-0.12862049
-0.096685052,0.0686972307578232,0.24295393326241108,0.34053365904149485,-0.036973137,0.058935784,0.31655896,-0.019603141,-0.12397304
-0.10118054,0.06644728375003037,0.2395653746836959,0.33473170890257437,-0.034693517,0.057459172,0.31152394,-0.020235278,-0.12078363
-0.090263724,0.06583375486583513,0.24538006268609538,0.3452811603003338,-0.034429267,0.056904826,0.32046163,-0.020127153,-0.12695795
-0.084170945,0.06330197082834554,0.24984380530329042,0.35007609075618173,-0.028150108,0.056819741,0.32546735,-0.020302901,-0.12732661
-0.092972256,0.06167649812419286,0.24272718328708004,0.34119305809090533,-0.028413426,0.05494212,0.31673175,-0.021876754,-0.12496043
-0.084742293,0.058890293702576674,0.24648015826688124,0.3465034809426111,-0.026958482,0.052532885,0.32166845,-0.021650361,-0.12698556
-0.10066995,0.06057387193223094,0.2386633073739199,0.3337602011192761,-0.027332911,0.054202922,0.31039652,-0.023344796,-0.12043626
-0.10132597,0.07245762660849024,0.24905850267258928,0.3437788197973472,-0.026872234,0.067308508,0.32145125,-0.021975696,-0.1198751
-0.097861186,0.07347644047921435,0.25073334840703104,0.347012393361633,-0.029304866,0.067382716,0.3241857,-0.020730674,-0.12203062
-0.090329617,0.07251584111665414,0.25456742076203687,0.35224691961539945,-0.026595645,0.067489155,0.32912016,-0.020512041,-0.12384292
-0.098315664,0.07441443090493632,0.2503917721700724,0.3465293961394596,-0.03090729,0.067721523,0.32374662,-0.020453645,-0.12187041
-0.083019167,0.07614225878880063,0.2583019481146758,0.3593721618828692,-0.030667989,0.069700144,0.3351253,-0.018561129,-0.12843235
-0.084189996,0.07659404829399108,0.25738896516127174,0.358760381451469,-0.0317799,0.069718972,0.33431229,-0.018467503,-0.12885362
-0.094612643,0.07972589733915666,0.2538406876873633,0.35308750861180493,-0.036273021,0.071214072,0.32933873,-0.01660916,-0.12621777
-0.097493164,0.08150055751154711,0.2524333847019793,0.3514468888862187,-0.037363697,0.072679028,0.32766768,-0.017388012,-0.12588274
-0.082526714,0.07375709510033988,0.25025929708299577,0.3522187356652991,-0.043268863,0.061760243,0.32698888,-0.016609471,-0.12984774
-0.10334376,0.08304624735139765,0.24905552550817817,0.3465176592792238,-0.038924869,0.073695526,0.32313237,-0.017967302,-0.12384319
-0.089869954,0.07172735924217266,0.25473928118925077,0.3522493651837606,-0.025631443,0.067041859,0.32919905,-0.020817712,-0.12358893
-0.1024139,0.07087347093672697,0.2486168662354975,0.3421430810277117,-0.025283035,0.066262119,0.32027289,-0.02256074,-0.11822934
-0.094231673,0.06857050224841597,0.25249158030179425,0.34778133023473906,-0.022694957,0.064858839,0.32546067,-0.02233074,-0.12053441
-0.10391333,0.05781410178575128,0.23725757276893833,0.3295727143695018,-0.02254842,0.053235713,0.30718976,-0.026176244,-0.11647931
-0.084502794,0.06891174348090263,0.2577403443486672,0.3551408360828996,-0.022184128,0.065446384,0.33235127,-0.021360191,-0.12333446
-0.090146497,0.0582528395545128,0.24622022526145276,0.34335790115183196,-0.02156195,0.054131072,0.31972116,-0.022988198,-0.12306328
-0.09322726,0.06702989147209844,0.2533573629669722,0.348305107322933,-0.021193491,0.063822515,0.32618561,-0.022650486,-0.12002646
-0.097913057,0.06288660669637232,0.25158181637949484,0.3417834481196259,-0.0171287,0.061046816,0.32135275,-0.02715629,-0.11318512
-0.084951691,0.06314919659567587,0.25628568947440067,0.3517777922413249,-0.016438728,0.061624959,0.32955223,-0.025130671,-0.12046324
-0.083865926,0.0628217718645546,0.25664031468310555,0.3522726929541788,-0.016024929,0.061444905,0.33003348,-0.024658082,-0.1206894
-0.096320257,0.0607486103116974,0.25166814715300195,0.34156792589525425,-0.014168516,0.059980705,0.32126394,-0.027284613,-0.11275495
-0.099283352,0.05726173587149616,0.24804203793929486,0.3373395861527277,-0.011122502,0.057485659,0.31683236,-0.031012598,-0.11159512
-0.098987587,0.05659243419285991,0.24834574680624275,0.3374153496236296,-0.010273988,0.057118729,0.31701118,-0.031287223,-0.11123911
-0.089061484,0.05687328863188289,0.2530506240112782,0.34445541072182473,-0.0097743403,0.057635926,0.32351875,-0.029467087,-0.11452877
-0.088955633,0.056870962245547975,0.2531459207419123,0.3445563535061087,-0.0097520556,0.057642858,0.32362518,-0.029451955,-0.11453561
-0.104616,0.05597371471947209,0.2455597163164735,0.331215846809435,-0.0095993206,0.056732956,0.31187978,-0.033754647,-0.10628059
-0.094288617,0.0521342531440722,0.2508347355879669,0.33846927682141253,-0.0051783989,0.054438487,0.31871051,-0.033643167,-0.1088724
-0.093143776,0.051167315898879955,0.25154565557837727,0.3387653251639831,-0.0040684077,0.053859208,0.31919029,-0.034291297,-0.10818323
-0.099782422,0.05168528285864683,0.2518779859824566,0.3357571066880927,-0.0038085284,0.054532219,0.31742814,-0.036411863,-0.10318133
-0.083925977,0.05086901960658579,0.25690179019800935,0.34441476295809376,-0.0020007414,0.054412823,0.32513905,-0.033706423,-0.10848965
-0.072108418,0.07864976939679004,0.25658663386574415,0.36131003760425745,-0.048991345,0.064646401,0.3354488,-0.013199718,-0.13358448
-0.06790176,0.08272844293065446,0.25854187986407706,0.36611449011761865,-0.04977927,0.068742856,0.33919749,-0.010143378,-0.13741177
-0.068140246,0.07394516809540722,0.2553141369563858,0.35746133381389716,-0.047024358,0.060370445,0.33264211,-0.012970311,-0.13022904
-0.062874801,0.07792107582740698,0.2585579904843884,0.36431402618736475,-0.046101492,0.065081447,0.33818969,-0.011333117,-0.13499631
-0.07854639,0.07914020919963208,0.2532096349067016,0.3584525598477208,-0.04583865,0.066517435,0.33205467,-0.014488758,-0.13423118
-0.068402559,0.06768657225154848,0.25363226813032114,0.3555272820830728,-0.041003976,0.056126855,0.33061665,-0.015942462,-0.12976177
-0.061228462,0.07379881897893575,0.25958841954498263,0.3645953887394712,-0.040468808,0.062994123,0.33885795,-0.012919682,-0.13393345
-0.07074891,0.07450546757866197,0.2577179158663174,0.36200017973768267,-0.040528569,0.063736431,0.33640778,-0.014094631,-0.1329484
-0.076907642,0.07276572987365947,0.25455703129308693,0.35789864848909336,-0.040347889,0.061923143,0.3324233,-0.015942035,-0.13165122
-0.08137624,0.06414597044140513,0.24910727893410844,0.3463390252224097,-0.03911791,0.053081073,0.32304442,-0.018436342,-0.12350354
-0.063349172,0.07028737053296794,0.25995156748864373,0.36449330296742743,-0.03502892,0.06148852,0.33895829,-0.014478721,-0.13324043
-0.074890926,0.06734935977716465,0.2544759525211685,0.35685809338487445,-0.03483846,0.058377627,0.33176762,-0.017210349,-0.13031404
-0.066269673,0.061936186260557594,0.2556486377197765,0.35588831878429433,-0.033928111,0.05288339,0.33184335,-0.01680723,-0.12749119
-0.069492005,0.06941991823275659,0.25788347459332106,0.36159550281021274,-0.033688881,0.061114967,0.33621499,-0.016375933,-0.1320705
-0.080015957,0.06505280581955385,0.25078497009761547,0.35202974488698685,-0.032247175,0.056982677,0.32712761,-0.017762396,-0.12882921
-0.066612206,0.0629702972936925,0.2569539131077867,0.3603925617445069,-0.027800966,0.056607626,0.33504349,-0.016926147,-0.13168965
-0.074197963,0.06355009473389207,0.2546513575605705,0.35715181002236007,-0.02772858,0.057268221,0.33197966,-0.018761028,-0.13036466
-0.079504758,0.07409422858714121,0.25964238327688194,0.36070490532772476,-0.027787736,0.06869784,0.33658889,-0.017793382,-0.12844977
-0.080134287,0.07403056820611681,0.25964487603022174,0.36036516229652693,-0.027579648,0.06871701,0.33638653,-0.018212264,-0.12796666
-0.068536073,0.07668833372617442,0.26347923299722065,0.36704746206629857,-0.030018978,0.070568867,0.34220284,-0.015333608,-0.13185574
-0.06145427,0.07660850484052295,0.26550899735009365,0.3696039734528585,-0.029411597,0.070739962,0.34472761,-0.013595629,-0.13260894
-0.080215059,0.07961557948776271,0.25958822565909,0.3621691139607193,-0.034290463,0.071935773,0.33741149,-0.016817804,-0.1305263
-0.076560065,0.07958264258589645,0.26150816825381984,0.36451473592626865,-0.033300705,0.072320119,0.33975431,-0.015569878,-0.13113192
-0.061625998,0.08041036528589525,0.26492666611668836,0.3711708285315666,-0.034479588,0.072718918,0.3453283,-0.012328249,-0.13551444
-0.070680998,0.07209828055893525,0.26094619726818763,0.36364508787728467,-0.025716372,0.067408763,0.33893123,-0.017288197,-0.13063112
-0.071364097,0.06987650003353471,0.2601341024378205,0.36224248510500234,-0.023613356,0.065887786,0.33769932,-0.018134138,-0.12980732
-0.075828426,0.05928631024208802,0.25310703787713557,0.3546647322609903,-0.022632373,0.054799426,0.32973987,-0.020180631,-0.12904043
-0.062109828,0.06972933194170415,0.26361688005311384,0.36544799402716904,-0.021733269,0.066525958,0.34135485,-0.016042793,-0.12950572
-0.064010799,0.06863943631176171,0.263217108935087,0.36446196629939664,-0.02055721,0.065841146,0.34055644,-0.01742265,-0.12864792
-0.065756068,0.05771370557255061,0.25409572028170957,0.3566432740162043,-0.020399302,0.054038893,0.33138305,-0.01950505,-0.13038118
-0.065672599,0.06707271403122025,0.263368992697295,0.36365098256502043,-0.018759664,0.064902134,0.34012496,-0.019140115,-0.1272427
-0.077814989,0.06586384763985054,0.259246366527445,0.35651639103863547,-0.01818434,0.06383308,0.33390194,-0.021251747,-0.12313324
-0.073943608,0.06551233187288855,0.26062822466666336,0.3585413502064581,-0.017649006,0.063678443,0.33577588,-0.020679418,-0.12401137
-0.077035308,0.06013727253616855,0.2583569909856685,0.3533834786301426,-0.012431051,0.060054082,0.33155298,-0.024131725,-0.11987562
-0.067100599,0.06070481062824415,0.2615758982465621,0.35794311779659976,-0.011827651,0.060926761,0.33581209,-0.023443826,-0.12167129
-0.077898696,0.059511838426827585,0.2584478412037243,0.3528609840860045,-0.011604788,0.059725363,0.33125368,-0.025211619,-0.118938
-0.061303321,0.060193439368040655,0.2631602267736423,0.35963588599225965,-0.010728322,0.060837865,0.33766457,-0.021007674,-0.12198068
-0.067781672,0.05766102521715514,0.26016935958427984,0.355823511649216,-0.0087622916,0.058921281,0.33382854,-0.024999512,-0.1205981
-0.071183823,0.05581857375075385,0.25898806687685855,0.35290411327614846,-0.006818668,0.057744734,0.33149505,-0.026439715,-0.11812403
-0.082147442,0.05572322649895444,0.25744644890333224,0.34804211876029334,-0.0068977764,0.057607573,0.32774681,-0.029870195,-0.1132392
-0.060971122,0.05717200337987925,0.26250396522790187,0.35806267012108217,-0.007821369,0.058789425,0.33638462,-0.022340011,-0.12064488
-0.06350252,0.053156713007156936,0.2632539440647834,0.3552020203496929,-0.0032788301,0.056355566,0.33492279,-0.026558477,-0.1152816
-0.073244862,0.053263962873151764,0.2600447208566896,0.3500555787590569,-0.0032829717,0.05647032,0.3302429,-0.028793542,-0.11246985
-0.080827795,0.05143233202532289,0.25712075004977486,0.34621555462311704,-0.0026095391,0.054766364,0.32638666,-0.032328706,-0.11086845
-0.05908132,0.08150911360740773,0.26068438725265064,0.36922208242853344,-0.048835579,0.067818798,0.34202099,-0.011921388,-0.13858019
-0.052178048,0.08265706247398771,0.261754987207518,0.3721437333293886,-0.048466872,0.069222391,0.3442488,-0.0088165598,-0.14108859
-0.044546802,0.08246846160107253,0.26266643389719185,0.37452413532552964,-0.047738347,0.069326743,0.34604564,-0.0086536696,-0.14298901
-0.045707352,0.07257656693503381,0.2610324244367082,0.366184514027057,-0.044360049,0.060014583,0.3405523,-0.009883659,-0.13422944
-0.052847993,0.07619244953810092,0.26062588792351127,0.3685700193029117,-0.043314721,0.06438645,0.3416577,-0.010228465,-0.13787405
-0.045650907,0.07707250772741578,0.2611462271274396,0.37043909993253304,-0.042065974,0.065872572,0.34296829,-0.010068259,-0.1396299
-0.038313858,0.06779735747803382,0.25919734332147787,0.3640177863674592,-0.041626938,0.055982776,0.33840767,-0.0081898086,-0.13387354
-0.05895061,0.06780772836877699,0.2570018417414553,0.3593106907776738,-0.04144286,0.056072179,0.33457547,-0.011935984,-0.1304644
-0.051104542,0.06784676974103686,0.2592789715487487,0.36502828834977197,-0.038055427,0.057552472,0.33894506,-0.012474774,-0.13493064
-0.054193161,0.07294984180201601,0.26020480200843193,0.3676153207752681,-0.037750505,0.063225679,0.34087893,-0.011894884,-0.13711707
-0.045218196,0.0715616182138689,0.2622597751655962,0.37030283540343106,-0.036464624,0.062263392,0.34347299,-0.010726269,-0.13796899
-0.043022864,0.06263866187636842,0.2594469932207732,0.3631272569350558,-0.035086848,0.053154677,0.33797693,-0.012284575,-0.13221985
-0.059077129,0.06605224564229487,0.25836934249692495,0.363488554640741,-0.032351904,0.058023974,0.33754915,-0.015378979,-0.1339701
-0.0512124,0.06124125020222739,0.25575494352523775,0.36077896746775334,-0.031132944,0.053314917,0.3346886,-0.014486989,-0.13392211
-0.044190101,0.06662317057997512,0.26271820817502295,0.3695433233813823,-0.03047793,0.059439659,0.34328943,-0.010940337,-0.13636328
-0.052525889,0.06791600221228701,0.2612089335070882,0.36758479226261964,-0.029907444,0.061086297,0.34136778,-0.013131656,-0.13569885
-0.038748004,0.06420817458598187,0.26306559378631167,0.36921104657399884,-0.027668979,0.058008432,0.34326792,-0.012016523,-0.13542354
-0.058627412,0.06190072146648906,0.25744289275046306,0.36177102731974525,-0.026201477,0.056124624,0.33605084,-0.017585481,-0.13281137
-0.040582288,0.0741723347279287,0.26763435867717134,0.37314916550651633,-0.025865663,0.069598563,0.34787756,-0.010341732,-0.13459031
-0.054671954,0.07536093618047478,0.2655593266234118,0.37074022458975175,-0.028302148,0.069855586,0.34541997,-0.012146458,-0.13411123
-0.047228221,0.07691212175922288,0.2669990509515009,0.3734149332235542,-0.029573273,0.071001172,0.34769404,-0.010502223,-0.13578391
-0.048994806,0.0774641621401097,0.26654611722454385,0.3731202616619656,-0.030383853,0.071256816,0.34729251,-0.010555313,-0.13599716
-0.054135773,0.07804395869596856,0.26578453262015744,0.37209574941724594,-0.031502023,0.071412049,0.34631273,-0.011182743,-0.13563807
-0.041071128,0.08070776845363756,0.26825788224838104,0.37619705586525226,-0.033233467,0.073570952,0.34993464,-0.0083614588,-0.1378407
-0.04895502,0.06276383367759328,0.2616592656380031,0.36708236398764377,-0.025655892,0.057293862,0.34134012,-0.012296533,-0.13448115
-0.059658065,0.07295997324332365,0.26511702533258164,0.367967535232687,-0.024697986,0.068777151,0.34359246,-0.014128079,-0.13093787
-0.040398825,0.05917985982752652,0.26090095234399985,0.3658094593882597,-0.024049139,0.054082401,0.34023625,-0.012153232,-0.13382135
-0.042978168,0.0698464491107498,0.2657787231315467,0.369993371743945,-0.021028988,0.066952139,0.34511471,-0.012123081,-0.13283058
-0.057349041,0.05772486267016539,0.259252397305769,0.3616208320358244,-0.021098193,0.053754352,0.33689502,-0.018093852,-0.13016906
-0.042878494,0.06972461747305128,0.26574350715719863,0.3699474506543315,-0.020863501,0.066890031,0.34507141,-0.012084336,-0.1328187
-0.055812731,0.06703429951039425,0.26239908735874184,0.36586716316623613,-0.019638477,0.064487368,0.34098098,-0.015326208,-0.13174164
-0.04905884,0.05669371151154998,0.26188847935877657,0.3643881941464842,-0.019637346,0.053254243,0.33986956,-0.015982091,-0.1304301
-0.049311493,0.0676977505262907,0.263906652567422,0.3673028964438897,-0.019403186,0.06530799,0.34258771,-0.014438638,-0.13166854
-0.050211281,0.0659581236756733,0.2638025402838886,0.3659315323333743,-0.017160175,0.06437023,0.34173813,-0.015434372,-0.12993351
-0.04192451,0.05568288566697357,0.26089506129696677,0.3638469467768533,-0.016233768,0.053600855,0.33908817,-0.014432105,-0.13113172
-0.058419764,0.06360239973732353,0.263803350627525,0.3627611444332585,-0.014412226,0.0629775,0.33988032,-0.017692676,-0.12555471
-0.046251144,0.06346468943779836,0.265735086471618,0.36577281241605664,-0.013567594,0.063186422,0.34263742,-0.015276794,-0.12710613
-0.051625688,0.05355397829360939,0.2595929844380693,0.3589948502282454,-0.013719158,0.052355483,0.33558559,-0.018165942,-0.12621257
-0.05237224,0.06267665861195487,0.26526077809336385,0.36433975785379313,-0.01294308,0.062595427,0.34152904,-0.017281754,-0.12570885
-0.045693517,0.05886729767884817,0.2663957513079559,0.36318166983673517,-0.0087505067,0.06023673,0.34145424,-0.01650236,-0.12262789
-0.048814256,0.055604023826021816,0.2659372134132694,0.360513862950338,-0.005255905,0.058175009,0.33960137,-0.019393699,-0.11943634
-0.046198629,0.05422770295920158,0.26687705568285675,0.361419206914786,-0.0039488841,0.057234626,0.34063321,-0.017936649,-0.11946186
-0.054316882,0.05389683883201597,0.26401466129104234,0.3571998204938547,-0.0037334987,0.056966614,0.3366569,-0.021595996,-0.11742
-0.038532991,0.05560396980337368,0.2662027242359627,0.36230904097728117,-0.0051109949,0.058236461,0.34089804,-0.014775198,-0.12181158
-0.038150858,0.0644157253241158,0.2663003416060018,0.36827111604542107,-0.014581326,0.063789286,0.34442791,-0.011173126,-0.1298776
-0.038363408,0.054300861195456206,0.2677602023927411,0.3623179637703591,-0.003470239,0.057517275,0.34165049,-0.015669234,-0.11959818
-0.021941992,0.083878468752969,0.2655479462891434,0.3799354889308511,-0.049528003,0.070098855,0.35060185,-0.0033988457,-0.1463481
-0.033621605,0.08353078599930557,0.26370149176503715,0.376738421322539,-0.048179794,0.070293427,0.34785071,-0.0049741496,-0.14459246
-0.036819775,0.074248369022159,0.2622780607100503,0.36960950581202184,-0.047132276,0.060654022,0.34314001,-0.0077045825,-0.13713774
-0.02661173,0.07545452139137618,0.2635392283095113,0.37305395205576874,-0.046599571,0.062190458,0.34573317,-0.005698205,-0.14001913
-0.018930569,0.06833161090783439,0.2546291944880955,0.3606124478577276,-0.045097042,0.055090196,0.33415595,-0.0027874517,-0.1355484
-0.037466276,0.07964182279790248,0.26343047421072946,0.3748808875979692,-0.043713655,0.067964375,0.34666461,-0.0074441247,-0.1424918
-0.021471851,0.0777918785554621,0.26398803673427396,0.376176008898234,-0.043143284,0.066196777,0.3477028,-0.0039806883,-0.14351065
-0.029556032,0.07780686782156543,0.26401731992584654,0.3757837139047033,-0.042165779,0.066627987,0.34749222,-0.0055519878,-0.14293961
-0.031698003,0.0716464100803598,0.2616097627161478,0.37096472130610564,-0.039797459,0.060940802,0.34354597,-0.0067596398,-0.1398045
-0.027302006,0.06434205961402342,0.2613480720295459,0.3634934576413366,-0.039453778,0.053151529,0.33922905,-0.0084826667,-0.13030422
-0.038097698,0.07346939668414502,0.2638056442112113,0.3732208032011732,-0.038030811,0.06367112,0.34593949,-0.0083107157,-0.13982335
-0.020956693,0.07392354632879895,0.2655597545302808,0.37722954986933266,-0.037537642,0.064373828,0.34912166,-0.0039460049,-0.14283077
-0.020306045,0.06857424685286768,0.2647641113694233,0.3744415643669927,-0.035917871,0.059250113,0.34714985,-0.0055966051,-0.14022177
-0.027842209,0.07173901576185046,0.26489793996085226,0.37491619472038423,-0.034636993,0.063231893,0.34747675,-0.0063095456,-0.14064939
-0.032746878,0.06473469237391072,0.2617327855010982,0.3687886627031919,-0.032390635,0.056576196,0.34238589,-0.00863674,-0.13675667
-0.035970643,0.06907987075636637,0.26449615338481625,0.37212688724151216,-0.032056652,0.061438393,0.34567675,-0.00985061,-0.13743715
-0.025447447,0.06717503196955324,0.26458455752660937,0.373636351486074,-0.029522317,0.060444813,0.34661195,-0.0052906312,-0.13941409
-0.022107331,0.06304771080603461,0.2625689160212884,0.3699755490775228,-0.028851841,0.056245655,0.34351069,-0.0063393852,-0.13726662
-0.031578906,0.05786766961856486,0.2593667991125634,0.3654548849241129,-0.026090378,0.051790435,0.33926305,-0.010478492,-0.135455
-0.020377811,0.07546979392989735,0.2692518230084949,0.37714260389873366,-0.026794065,0.070613988,0.3510139,-0.0051052361,-0.13783948
-0.035428081,0.07584207908870771,0.2677940866892947,0.3746637240818905,-0.027594555,0.070678636,0.34883583,-0.008417408,-0.13643906
-0.03161563,0.07599064905534884,0.26856297294353404,0.3753153836779416,-0.027076403,0.071059979,0.34961358,-0.0073030861,-0.13630351
-0.0271789,0.07674334182676532,0.2691984834269542,0.37687640121359206,-0.028333671,0.071343996,0.35082966,-0.0060484251,-0.13754195
-0.020308465,0.07673865977083474,0.2692940059495015,0.37779840947252763,-0.028323865,0.071343072,0.35140434,-0.0047364486,-0.13865134
-0.029173352,0.06223345254525571,0.26377938438319054,0.37019596569417834,-0.024939423,0.0570218,0.34425113,-0.0079912944,-0.13591303
-0.016032107,0.06413410386360449,0.26516951065734523,0.3736824506988267,-0.024700062,0.059188195,0.34695092,-0.0046498319,-0.13871558
-0.028494351,0.07030539125617807,0.2678390223489638,0.3727867876769495,-0.020938044,0.067489319,0.34781924,-0.0073997411,-0.13392912
-0.034990024,0.07000288732886749,0.2665938756155029,0.3719264587593664,-0.020771494,0.067231387,0.34666452,-0.0095318547,-0.13439548
-0.029436706,0.06986896104078315,0.26751622599117114,0.37258543304081637,-0.020633662,0.067144401,0.34753248,-0.0079822922,-0.13407969
-0.019704595,0.05902011310450245,0.2629545871229674,0.3689836998785792,-0.020285143,0.05550658,0.34316653,-0.0058234963,-0.13546878
-0.025985941,0.057233252716801304,0.2635002092392377,0.3679180897931352,-0.019144733,0.054049481,0.34282252,-0.0088146804,-0.13326193
-0.035317089,0.05874377192625875,0.26292607323589484,0.3677411836481064,-0.019099904,0.055709478,0.34240603,-0.010128746,-0.13375013
-0.023054754,0.0669329545900886,0.2677930853892613,0.3714418098336498,-0.017213956,0.065406419,0.3470473,-0.0065510748,-0.13222811
-0.021478042,0.06680465517983801,0.26789050168194073,0.37159737973506074,-0.017016398,0.065350898,0.34718946,-0.0060972357,-0.1323137
-0.033504874,0.05438903811761973,0.26186694422204854,0.3635331817059098,-0.016056234,0.052270629,0.33947545,-0.011306705,-0.12955675
-0.037206113,0.06483388652803208,0.2665962886021486,0.36873463870753026,-0.014919468,0.064100027,0.34484971,-0.010690628,-0.13011388
-0.028043278,0.06533552093072505,0.26893652515019323,0.37073810799861745,-0.014829806,0.064683042,0.34720394,-0.0090373196,-0.12967072
-0.01706294,0.06403772554151235,0.26763989970663504,0.3706077153087796,-0.013988603,0.063630238,0.34650618,-0.0056517497,-0.13134536
-0.02280079,0.0614815079091302,0.26907250252876663,0.36880601947881386,-0.010474789,0.06234479,0.34619239,-0.0074185152,-0.12693965
-0.031390518,0.059541751010546345,0.26779895963729117,0.36530192375222365,-0.0087840455,0.060955193,0.34347746,-0.011896735,-0.12380306
-0.016571442,0.05944617031162087,0.26881623898920887,0.36790586827256694,-0.0082871607,0.061062273,0.3455559,-0.0067556719,-0.12609603
-0.031037088,0.05836943308332281,0.26779663293363143,0.3650613461568885,-0.0075669256,0.06019827,0.34333944,-0.011813201,-0.12348386
-0.02430246,0.05555736900940574,0.26863898854073626,0.36454689137075463,-0.0045309858,0.058432035,0.34350854,-0.0088884719,-0.12172639
-0.02595274,0.055493763635908536,0.26860621303858595,0.3644086178905174,-0.0044093523,0.058414567,0.34339756,-0.0098813428,-0.12154882
-0.0099106086,0.0781315104830233,0.2648011005343865,0.37726844037303264,-0.048476238,0.064302035,0.34874716,-0.0015890192,-0.14389013
-0.0061381957,0.08389837476534723,0.26563155452729914,0.3809781818569359,-0.048639927,0.070497446,0.35122424,-0.00019002972,-0.14760038
0.0028381357,0.08473836334332924,0.2661822445741848,0.3816390833854583,-0.049462099,0.071060985,0.35188177,-0.00070034974,-0.14774004
-0.012662269,0.08663327600713429,0.2667573141695298,0.38237128138878934,-0.052220397,0.071948715,0.3525888,-0.0021190231,-0.14793392
-0.014711037,0.08197577464141395,0.26587950561435725,0.38020643490296463,-0.045894738,0.069574073,0.35093126,-0.0027638003,-0.14627558
0.0014558575,0.07991527857259702,0.26554838874237785,0.3793376144778365,-0.043893747,0.068185002,0.35028341,-0.00037282982,-0.14559677
-0.0050136568,0.06679355076804565,0.2592368414450275,0.3639718659089956,-0.043997463,0.053886052,0.33845094,-0.0020317698,-0.13387439
-0.011660757,0.06537471857491016,0.2532563388866415,0.35740222211485856,-0.043629024,0.052501082,0.33165914,-0.0013013242,-0.13317984
-0.0037552393,0.07445729554270317,0.2621235150619817,0.3739796053747063,-0.043289538,0.062512137,0.34551018,-0.00098671892,-0.14311704
0.0017071491,0.06493136426329224,0.2559922889245742,0.3575371308824405,-0.042648524,0.052435637,0.333166,-0.0019882729,-0.12972765
-0.0071347654,0.07880967400162989,0.2655583852386534,0.3785410494810505,-0.041867264,0.067844108,0.34985018,-0.0018202472,-0.14455056
-0.012056303,0.07069168831174659,0.2627900782207125,0.37218994860154736,-0.04016795,0.059746366,0.34487671,-0.0028563852,-0.13991874
-0.014136971,0.07582117793571416,0.2654516580296859,0.3772957488578631,-0.039515495,0.065595791,0.34910485,-0.0030797229,-0.14306782
0.0018227274,0.06897465217936033,0.26250847204710415,0.3715631201296538,-0.038845643,0.058442332,0.34438708,0.00059860875,-0.13948596
-0.00018881625,0.07356737285180591,0.2667513540515266,0.3775357657014963,-0.036465023,0.064442195,0.34993547,-8.560883e-05,-0.14169832
-0.0074683353,0.07157020368202999,0.2668973044146663,0.37798335899456625,-0.035151679,0.062830031,0.35025704,-0.0020071333,-0.14208236
-0.012049806,0.06396043796117824,0.2637861534212381,0.37130792970489684,-0.032572221,0.055657998,0.34491608,-0.0025713309,-0.13746223
0.0019454886,0.06839119830364086,0.26656090767021684,0.37603603658075324,-0.031960763,0.060730949,0.34900528,1.0365693e-05,-0.13999434
-0.015257279,0.0682419955671828,0.2651404816751534,0.37475644933875374,-0.031476725,0.060774323,0.34753188,-0.0044243839,-0.14015853
-0.0056347004,0.06722926922614426,0.26642478757396104,0.37584703656035734,-0.03061397,0.060040355,0.3488259,-0.001961224,-0.13992012
-0.0038973412,0.0608496123981118,0.2629098804200594,0.36847739487476444,-0.029921021,0.053403888,0.34288552,-0.0011772406,-0.13492118
0.0023447075,0.06353654151406633,0.2643929928019038,0.3730673839537981,-0.028810546,0.05679423,0.34621647,0.0001608227,-0.13897267
-0.015011298,0.07491501110703806,0.26937592543943023,0.3769980478942486,-0.025853969,0.070410341,0.35100543,-0.0039926148,-0.13750191
0.0058080773,0.0765319128995198,0.2706923420996753,0.37850289427366524,-0.026981162,0.071688414,0.35254315,0.0010986865,-0.13775544
-0.0039032099,0.07868106142719843,0.2702946714277955,0.3798484016657023,-0.030147519,0.072679125,0.35308534,-0.0011843871,-0.14005052
0.0033322696,0.07924359742523213,0.27029953396911277,0.3796821996934155,-0.03077512,0.073023841,0.35299644,0.00019377076,-0.13982864
-0.0097806379,0.07924866319031787,0.2703888853014136,0.3795897319135817,-0.030425154,0.073177896,0.35298803,-0.0022796879,-0.13958015
-0.0075806119,0.06303738737444797,0.26522354166739426,0.3727897628027137,-0.024312891,0.05816111,0.34649509,-0.0024832629,-0.13750343
-0.0088482043,0.07327790341082444,0.26935136239072427,0.3765428613384534,-0.023990497,0.069422849,0.35074753,-0.0018498627,-0.1369572
-0.014926762,0.07329007638903214,0.26982069878064724,0.37659169353944594,-0.023747694,0.069539137,0.35100782,-0.0042716567,-0.13636923
-0.0031249346,0.07169387523321133,0.2684688662700159,0.3757216020147173,-0.022619927,0.068283796,0.34983039,-0.0011453356,-0.13705513
-0.012380256,0.059413920958832446,0.2639474374590389,0.37007857789405163,-0.022442056,0.055018842,0.34431222,-0.0035505681,-0.13562685
0.0032198639,0.07141053576259061,0.2688001293813472,0.37590504287065735,-0.022197502,0.068155296,0.3501063,0.00050117978,-0.13685733
-0.0026798768,0.07121313804125297,0.268332940743433,0.37543972282440036,-0.0221246,0.067971796,0.34960222,-0.0010565828,-0.13686547
0.00090616138,0.06023158030681414,0.26435835905310895,0.37120790206994275,-0.021339646,0.05637506,0.34516573,-0.00046027219,-0.13658592
0.0031497222,0.07009239431267258,0.2690656466713496,0.37538205886506015,-0.020569868,0.067414209,0.3499516,0.00055177283,-0.13581334
-0.011018068,0.06914844082006359,0.27064033414607536,0.37468881097814777,-0.018652106,0.067202777,0.35036451,-0.0035017601,-0.13275599
-0.0043612048,0.05710837659555042,0.2642808765199498,0.3697554385524129,-0.018196294,0.054316409,0.34430447,-0.0038140477,-0.13475522
-0.012573463,0.05435182924315928,0.26338676310180825,0.3653336970278339,-0.0161501,0.052190363,0.34135991,-0.003794716,-0.13010658
-0.0052424227,0.06655500884563034,0.27029538419247184,0.37302540241719817,-0.015704973,0.065636359,0.3492541,-0.001592055,-0.13102286
0.0054450789,0.0546201755689595,0.2643061910612656,0.36756005046079226,-0.015100009,0.052927621,0.34308806,0.0036344281,-0.13182475
0.001942599,0.06425231557212116,0.2699324504590966,0.372199670104308,-0.013613912,0.064022407,0.34860274,0.00027463806,-0.13041721
-0.010387754,0.06244953356150096,0.2686023521016099,0.36958874535548203,-0.011642165,0.062900893,0.34643286,-0.0037415784,-0.12870942
0.0028872124,0.06107221645576169,0.2687904468298494,0.3700811753873665,-0.01067461,0.061815333,0.34681898,0.00036561568,-0.12913767
-0.0044145212,0.061262470579557145,0.2686885838037027,0.36979048175896295,-0.010611743,0.062048703,0.34660086,-0.001275668,-0.12888451
-0.011381421,0.06141305582789139,0.26844306866551426,0.36909143623853213,-0.010581616,0.062225081,0.34606466,-0.0044459733,-0.12824965
-0.010016991,0.058141535131561985,0.27124041651394093,0.3681323189720368,-0.0063468525,0.060468581,0.3469184,-0.0038738684,-0.12310167
-0.0041031172,0.05756871285487601,0.27066643037898747,0.3676152505394056,-0.0060503557,0.059972145,0.34634694,-0.00071890641,-0.1232244
0.0030188693,0.05652066624992,0.27147684680624773,0.36629299332996373,-0.0046867146,0.05941242,0.34597966,0.00037547451,-0.12028504
0.0154555,0.08344085195990843,0.26715083271308343,0.3809186099654431,-0.049522661,0.069625713,0.35200354,0.0028766198,-0.145548
0.022710666,0.08415020422673573,0.2667552957102619,0.3812012908691565,-0.049266234,0.070505172,0.35194242,0.0036361148,-0.14641631
0.0091813914,0.08190990342855609,0.2660696121692425,0.38015865857955455,-0.046357006,0.069306292,0.35100663,0.0029500972,-0.1459666
0.0066873231,0.0732524639733015,0.2636972731212865,0.3731866197215324,-0.046002928,0.06005149,0.34591264,0.0014870188,-0.14003745
0.015217658,0.07810589322073132,0.26430999242292597,0.3767986856665204,-0.043344613,0.066452451,0.348221,0.0031661897,-0.14390747
0.02213623,0.07831140288833749,0.2637194400691486,0.3758859159272996,-0.042824395,0.066896528,0.34739947,0.0040402813,-0.14348347
0.019150782,0.06499020665624676,0.25815672032429066,0.3610242165398613,-0.042472549,0.052574258,0.33623508,0.0036920367,-0.13141851
0.022876425,0.06999346198908366,0.26337755535417473,0.3698816656316992,-0.042374961,0.05805102,0.3438842,0.0062572863,-0.136077
0.015201063,0.07219439127652975,0.26313852097765444,0.37313560594544914,-0.041585054,0.060777318,0.34558594,0.0021598055,-0.14069781
0.0079925805,0.07628837187048701,0.2654820697690357,0.37814045268021707,-0.040969454,0.065486163,0.34958857,0.0021687814,-0.14412956
0.011589877,0.06361746607361937,0.25941416567624287,0.3609475898963587,-0.040307026,0.052002177,0.33683172,0.0054644812,-0.12960592
0.027362341,0.07691642907589191,0.26499312218864607,0.37618780658156076,-0.038883541,0.067053877,0.34823701,0.0053203888,-0.14219685
0.01773807,0.07332428930529569,0.265133510885864,0.375769150878646,-0.035840686,0.064443134,0.34809065,0.0038930492,-0.14149275
0.024572626,0.07137672907312959,0.2637715213717247,0.3739437897348936,-0.0354679,0.06248562,0.34634578,0.0059000179,-0.14086784
0.0093266284,0.07158583398456314,0.2650267836746705,0.37546813330161266,-0.035230525,0.062813543,0.34787613,0.001995693,-0.14126052
0.010145409,0.06661889920017028,0.2622509578061296,0.3707073053797774,-0.03521581,0.057423908,0.34377068,0.0031485942,-0.13869287
0.018229816,0.06351201241245413,0.2608972253252772,0.3686178722060813,-0.03311836,0.054939024,0.34189343,0.0041350969,-0.13773496
0.028192693,0.06398032384034699,0.2618158865137944,0.36839750727033677,-0.031909108,0.055961076,0.34223139,0.0070287935,-0.13618001
0.016519915,0.06702212046142403,0.2657418657710427,0.3744823796638591,-0.029905666,0.060115974,0.34770337,0.0034511797,-0.13902341
0.024804587,0.06583830342485014,0.2653693943230793,0.3726854865744244,-0.029140834,0.059154574,0.34648627,0.0065389038,-0.13710937
0.0091238339,0.05969893320825642,0.2612843790984391,0.3683766641398286,-0.029562535,0.052306004,0.34197134,0.0027902022,-0.13692766
0.0097775031,0.0640931849584487,0.26624166933504734,0.37434976115335106,-0.02695561,0.058186319,0.34789741,0.0023476782,-0.13820139
0.019974362,0.05856731136746611,0.26159911503831607,0.36717168313065,-0.02635462,0.052438334,0.34144816,0.0057436349,-0.13488962
0.0222857,0.07518985861792155,0.2687941875544257,0.3758994923975613,-0.026483614,0.070441656,0.3500829,0.0048360969,-0.13681741
0.02122898,0.07596529422069585,0.2692079145982393,0.37706376057053315,-0.027830211,0.070712462,0.35094914,0.0048100254,-0.13779929
0.026683249,0.07616088586360117,0.26885849910266857,0.37590752975515423,-0.027677434,0.070989795,0.35011944,0.0050320858,-0.1367389
0.027008394,0.0794197493090242,0.26981082768420805,0.3783138694277356,-0.031980123,0.072703712,0.35196006,0.0050052032,-0.13863783
0.0096902773,0.07975594204384573,0.27069018750542845,0.38004970656848475,-0.031392869,0.073318213,0.35340327,0.0018513136,-0.13978727
0.014709732,0.07349096260291126,0.2685124705448172,0.3763409423085786,-0.02498674,0.069231428,0.35019112,0.0034167632,-0.13779336
0.014251741,0.07232717185021625,0.2685080821016245,0.37561137417473317,-0.023489619,0.068602622,0.34978148,0.0034294243,-0.13683954
0.0095876893,0.0722155776659647,0.2691038815333528,0.3763125123133704,-0.023293307,0.06856472,0.35048765,0.0025393881,-0.13697834
0.023757342,0.06109074402453761,0.2656180560759782,0.3712374229840991,-0.022771772,0.05670052,0.34579846,0.0074450155,-0.13485259
0.016149255,0.06211926552873685,0.26642291956725167,0.37334724566627503,-0.021801665,0.058229651,0.34742838,0.003637705,-0.13663255
0.021588793,0.07028449968846724,0.26849921956468203,0.3727562404489143,-0.020188728,0.067784689,0.34816676,0.0047584409,-0.13305818
0.008465684,0.05966690522373586,0.26476683468226764,0.37061047899595884,-0.020020558,0.056321539,0.34502956,0.0047286251,-0.13521971
0.0098855747,0.06850940476572719,0.27090507374487377,0.37491793029778714,-0.018348306,0.066637509,0.3506324,0.0029240157,-0.13270955
0.023813607,0.067137238944691,0.2683311631227203,0.37146969008213565,-0.017165728,0.065648817,0.34734741,0.0056563937,-0.13155802
0.015680866,0.056392905108856334,0.26536733004574575,0.36902944470404925,-0.016976196,0.05405705,0.34446177,0.0036824127,-0.13234523
0.024117319,0.055360206842093966,0.2639839707117025,0.36688506121123277,-0.016059667,0.053324211,0.34250692,0.0076897885,-0.13128033
0.016785739,0.06382426184332718,0.26850518912905447,0.3701607832495027,-0.013823049,0.063468613,0.34670657,0.004079889,-0.12960291
0.022701703,0.062344245795802306,0.2680858520059702,0.3693407947531972,-0.012451133,0.062443126,0.34601361,0.005911944,-0.12904361
0.010202399,0.06258140844779585,0.26966246638097735,0.36951271949033715,-0.011753457,0.062996916,0.34693179,0.0023128558,-0.12717167
0.011601793,0.06052997586886171,0.2696326980160471,0.3687141953394013,-0.0093800463,0.061775774,0.3464568,0.0030588848,-0.12612885
0.017293753,0.05847259012425708,0.26942477845120993,0.3669674289561384,-0.0069428785,0.060575228,0.34533614,0.0051834476,-0.12402087
0.010075424,0.05829945159135928,0.2707888456812284,0.3678787276294716,-0.0065222485,0.060565684,0.34655601,0.002287315,-0.12340364
0.023406625,0.05770253818430964,0.269671547428708,0.36609331792738825,-0.0062705255,0.060024071,0.3449322,0.0074234023,-0.12243769
0.024937291,0.05586669024450622,0.2699668005584195,0.36510990208552296,-0.0042875116,0.058871418,0.34449062,0.0087761888,-0.12064175
0.042872604,0.08168855367864629,0.2633784166227439,0.3748463183306161,-0.047920883,0.068402,0.3466163,0.0075799152,-0.14251122
0.029461427,0.08198598760669783,0.2645564303721451,0.3779563171379195,-0.047364917,0.068961114,0.34897724,0.0048927213,-0.14505835
0.036352348,0.07999990200164572,0.26396278081728863,0.37573418257735935,-0.047009151,0.066954523,0.34742418,0.0068412814,-0.1429189
0.048822697,0.0718550771215882,0.258706624073741,0.36405362992464635,-0.04596924,0.058547724,0.33814093,0.010258029,-0.13450104
0.04347245,0.07609854496268129,0.26250493233358385,0.370815736162953,-0.045635261,0.063299425,0.34392706,0.007797766,-0.13841128
0.049641188,0.07830628017486194,0.26155734686832977,0.37073405685793914,-0.044073887,0.066360585,0.34335688,0.0095627718,-0.13949318
0.032171514,0.0752429159232916,0.2623269017732167,0.371932858169487,-0.043800972,0.063148513,0.34446463,0.0063885744,-0.14013335
0.028608989,0.06501325684610454,0.2557310285743879,0.357469217680589,-0.043616362,0.052113779,0.33296329,0.0063882782,-0.12991874
0.036592603,0.075438421741,0.2627049150473364,0.3723751689616566,-0.039716642,0.065094598,0.34488773,0.0083754938,-0.14016266
0.040810391,0.07114057926541689,0.26076308541720733,0.3680078700108528,-0.039626338,0.060463924,0.34143671,0.0090075107,-0.1370023
0.031417262,0.06836451136449283,0.261306006042799,0.3682023506619563,-0.039148215,0.057651065,0.34185958,0.0065554748,-0.13660902
0.045563687,0.07388516526041708,0.2627682928486511,0.3705712723224176,-0.037542444,0.064330094,0.3439084,0.0095202634,-0.1376933
0.048456606,0.06547498497134129,0.2575281046761648,0.3615760440852451,-0.037314396,0.055290408,0.33611804,0.011786074,-0.1327516
0.039078314,0.06521273944835071,0.2616642427278899,0.36653636009418566,-0.03436799,0.05625619,0.34106722,0.010620276,-0.1338255
0.033026166,0.06974645983073885,0.2645371672943578,0.37250081050005607,-0.033115551,0.061713073,0.34592974,0.0080798026,-0.13792819
0.041698389,0.06873114009163447,0.2646305225869649,0.37105676984634695,-0.030891063,0.061554309,0.3451435,0.010363411,-0.135837
0.046828099,0.06510293817101032,0.2631063920094186,0.368006419330415,-0.028888874,0.058462653,0.34262469,0.011558443,-0.13380377
0.041605856,0.059793584075292554,0.26097617510804905,0.3645071134276994,-0.02834234,0.052926771,0.33953986,0.012538888,-0.13198824
0.034558158,0.06388606001071755,0.2650929103223527,0.3707707441688989,-0.027445365,0.057753418,0.34523177,0.0099161156,-0.13486156
0.034222312,0.0749794108945646,0.268171714709522,0.37403587423550033,-0.026691433,0.07012482,0.34868848,0.0077646114,-0.13512546
0.049084805,0.07704148452043254,0.2659865428853923,0.37193170660574204,-0.029890537,0.071007036,0.34633756,0.010486919,-0.13517956
0.049492225,0.07776237764614105,0.2661231255684905,0.3719963407606783,-0.030516312,0.07152456,0.34644473,0.010490481,-0.13508248
0.033554818,0.07844204699739525,0.26898431683706864,0.37608819899421925,-0.030288529,0.072359614,0.35027039,0.0068020453,-0.13677251
0.040161625,0.08005969082453487,0.2683393210681595,0.37595982770368075,-0.032827243,0.073039338,0.34984583,0.0082820654,-0.13742305
0.039850175,0.07270941323269042,0.26652291632595326,0.37145650139521985,-0.02499106,0.06838055,0.34635457,0.010171249,-0.13384689
0.040745314,0.060210531870163335,0.26231121635651766,0.36606394303260376,-0.023194116,0.055565018,0.341115,0.012032076,-0.13228226
0.033935945,0.0709322865475157,0.2670033367253513,0.3718887140890823,-0.022058118,0.06769491,0.34686875,0.0085539669,-0.13382868
0.03059911,0.05952521375667828,0.26446292459111026,0.36898636413081937,-0.021772841,0.055423811,0.34391975,0.0088954177,-0.13338296
0.029144637,0.07096209622289906,0.26767593522531563,0.37214003258713585,-0.021158861,0.068109006,0.34737948,0.0066341027,-0.1333105
0.042227656,0.07014164997661776,0.26600693812193515,0.36949276334032316,-0.021080924,0.067250788,0.34496617,0.011248935,-0.13189657
0.043213844,0.06938557515795336,0.2655493355307022,0.36905134380024057,-0.020787932,0.066553786,0.34447202,0.011805508,-0.13190357
0.033025526,0.05552818460655331,0.2618715929208621,0.36339704442537174,-0.020054197,0.051811118,0.33942264,0.010001653,-0.12942044
0.049983975,0.06805540964077943,0.2644742674739545,0.36750670687377207,-0.020048359,0.065422677,0.34300822,0.013834557,-0.1312065
0.030335614,0.06843842036999515,0.2673160390500716,0.3712971629798228,-0.018813305,0.066363014,0.34670728,0.0077561997,-0.13264798
0.04013595,0.055509158413914766,0.26057230771695794,0.3623944308210289,-0.017348481,0.052938957,0.33814979,0.012253303,-0.12974706
0.049778342,0.06577205515977501,0.2653143066536924,0.36685116198946577,-0.017007444,0.064232923,0.34304106,0.015067487,-0.12913395
0.050055798,0.05608233168814469,0.2601869275356353,0.3617300294704725,-0.016783375,0.053801503,0.33747309,0.016840579,-0.12913916
0.038512364,0.06425120023587057,0.2652218584182181,0.3672687210229744,-0.014861584,0.06349159,0.34329981,0.01169272,-0.12998013
0.038040776,0.06404645533889579,0.26513232348370547,0.3672141673900469,-0.014743375,0.06331934,0.34322622,0.011518192,-0.13003591
0.029250599,0.06375090440884397,0.2671328586958486,0.3692134135711476,-0.014205744,0.063226476,0.34543261,0.0080771372,-0.13011386
0.045222033,0.06266343079344544,0.26641310809988383,0.3658760232767587,-0.012696648,0.062685661,0.34305117,0.01476308,-0.1263456
0.034373809,0.059209577328374126,0.2674540190391038,0.3664762429654205,-0.010821645,0.059729423,0.3439863,0.011459691,-0.12588462
0.046129134,0.05986201351081528,0.26780946727368227,0.36448113174983876,-0.0095442543,0.060980424,0.34291226,0.016278436,-0.12244464
0.030314589,0.058004731859399215,0.26775823078291056,0.36647129618520813,-0.0079765189,0.059628211,0.34416854,0.0094918581,-0.12553538
0.038682219,0.05506364567073884,0.2668797442707782,0.36228409734889444,-0.0048407298,0.057764195,0.3412098,0.015158379,-0.12081334
0.04864857,0.055431336521906335,0.26696174195692934,0.35954831968533957,-0.0046323659,0.058252085,0.33956099,0.018707564,-0.11671913
0.03861678,0.05371758218344749,0.267608854414064,0.3615063352047892,-0.0031589244,0.057015769,0.34110907,0.01547139,-0.11871002
0.046572171,0.053789820922985176,0.2671023082676948,0.3595315447370546,-0.0030925584,0.057122417,0.3396419,0.017955814,-0.11654999
0.052040868,0.08339665488132446,0.2617289020168557,0.37257180434088893,-0.049253717,0.069691859,0.34446684,0.0090683131,-0.14166902
0.069577187,0.0826495248364363,0.25707950179398215,0.36570449441033814,-0.047387518,0.069672361,0.33814663,0.012838715,-0.13867877
0.059637763,0.08489405105488958,0.2609546030823643,0.3709196963755059,-0.046815671,0.07235346,0.3431327,0.0099484492,-0.14050765
0.061584536,0.07936816940431986,0.25822658306274904,0.3666995570291409,-0.045989104,0.066701218,0.33933631,0.01115836,-0.13854575
0.072365068,0.07469048441300276,0.2538365836223009,0.35726052709681744,-0.045302454,0.061911032,0.33172485,0.01447017,-0.13184962
0.067257375,0.06905552439153431,0.2489690591385793,0.3506570628619295,-0.044403665,0.056170948,0.3254683,0.015588491,-0.12956759
0.054914661,0.0751311918669692,0.26009129163728223,0.36733266300796635,-0.043242954,0.063264005,0.34066233,0.011899222,-0.1368973
0.065037802,0.07439309079222753,0.2576699961054137,0.3633850543557334,-0.042234711,0.062890135,0.3371582,0.01383877,-0.13483892
0.058555327,0.06745645188244476,0.2576180727361392,0.3599663809498166,-0.039111212,0.056680292,0.33522749,0.013714144,-0.13042334
0.059210595,0.07319388612914013,0.2606248675577609,0.3667117191452153,-0.037755575,0.063488647,0.34058225,0.012785619,-0.13534306
0.066573247,0.06390359546426952,0.2555451276612306,0.3558027999689756,-0.037412215,0.053541791,0.33173779,0.01695668,-0.12750742
0.051266834,0.07087755828822931,0.26109586429294185,0.36693706539887055,-0.03663104,0.061449617,0.34094435,0.01331442,-0.13499069
0.068998106,0.07261954587594527,0.2579150435937648,0.36271757619061257,-0.036425363,0.063429348,0.33687168,0.015793744,-0.13353677
0.070805848,0.06769314976477019,0.2555946991425081,0.3586605593149276,-0.033264067,0.059419397,0.33336124,0.017113926,-0.13120516
0.063669547,0.07013635651720954,0.25921937803552464,0.36405598304612863,-0.033036176,0.062170334,0.33832079,0.014950241,-0.13361247
0.054614134,0.06146560188200818,0.2577417069947352,0.36127451842655195,-0.031675991,0.053328134,0.33597979,0.015643755,-0.13187923
0.055061318,0.06640180707931864,0.2605532565015434,0.3647875858561384,-0.031081835,0.058942836,0.33942229,0.015110957,-0.13279364
0.060879223,0.06348059389032645,0.25760938676713013,0.36094556197229516,-0.028605916,0.056820311,0.33567807,0.017544873,-0.13150707
0.068074279,0.06259583111478974,0.2556893432272356,0.3580012232689797,-0.026849955,0.056604501,0.3330301,0.017557384,-0.13018282
0.071648195,0.07218984827855626,0.25972990709057153,0.3609762241979197,-0.025800595,0.067472488,0.33680412,0.017166253,-0.12873282
0.055265147,0.07507651606492396,0.2651691523969874,0.3695309743753105,-0.027632752,0.069830745,0.34451312,0.013487997,-0.1329734
0.069866136,0.07778183206477703,0.26229132623816015,0.3655039432314703,-0.031539507,0.071111374,0.34074295,0.01437075,-0.13145667
0.054342948,0.07747880760097918,0.2654435806609116,0.37032637365449966,-0.030195065,0.071352862,0.345121,0.012513649,-0.13370313
0.060116883,0.07873246509676052,0.26379257564146086,0.3694985652178619,-0.033367135,0.071368322,0.34378695,0.013135056,-0.13478573
0.062209472,0.07331036301620612,0.26297500749126235,0.3653358205054704,-0.025302982,0.068900995,0.3409704,0.015693041,-0.13024276
0.050882597,0.06066812702380935,0.2604390207378008,0.3642960723847111,-0.024484914,0.05551422,0.3391194,0.013682033,-0.13237244
0.052825544,0.07199000063360483,0.26501811680461423,0.3690678309881805,-0.024403585,0.067848377,0.34418187,0.01313628,-0.13257957
0.062861823,0.06963010105834913,0.26205087406586325,0.3636178198876839,-0.021969091,0.066318057,0.33950561,0.016501848,-0.12915707
0.066364944,0.05827026417050107,0.25542732075696084,0.35650914907426834,-0.020958947,0.054405961,0.33196321,0.020689372,-0.12833998
0.064971857,0.06866919360291884,0.2616019144375502,0.36230396610551613,-0.020862166,0.065744027,0.33850226,0.01763913,-0.12794235
0.057688523,0.05957058018233885,0.25904264556347906,0.3616386658875697,-0.020794541,0.055888359,0.33683306,0.016736913,-0.13055991
0.056014121,0.06788152144833542,0.2630656629497245,0.3659734495678191,-0.020310586,0.065122463,0.34138834,0.015191622,-0.13099535
0.066748552,0.06650677832711491,0.26162100260668086,0.3608361351084017,-0.018384367,0.064446628,0.33763525,0.019149223,-0.12585095
0.059270673,0.06185844112093258,0.26268052654472673,0.3601666850688162,-0.013056778,0.061658286,0.33782655,0.017854411,-0.12358998
0.052154083,0.06143362787224431,0.2658521953713688,0.36355008300391173,-0.011767384,0.061744101,0.34135646,0.017910827,-0.12378866
0.06729234,0.06041885000500267,0.26049288861203157,0.3560013465762324,-0.011578387,0.060721911,0.33419546,0.022308534,-0.1206345
0.06173528,0.059657096080617436,0.2625384576673631,0.3576019900579264,-0.010091966,0.06052532,0.33621839,0.019918652,-0.12016499
0.06804695,0.05818610034321261,0.2606163432850651,0.35479852969812115,-0.0088952696,0.059435256,0.33350781,0.023773808,-0.11869854
0.061500061,0.05722863200604304,0.26296329308842337,0.3564365523182046,-0.0073143309,0.059066169,0.33571881,0.020959601,-0.11790077
0.07092604,0.05500785944467652,0.25956762179262305,0.3513850571452761,-0.005430772,0.057453133,0.33091795,0.025980981,-0.11528121
0.054618143,0.05361969393831012,0.2647865082447969,0.35572568989766495,-0.0031315072,0.056921065,0.33619854,0.020784736,-0.11436478
0.063418597,0.05285432929120987,0.26379363322028226,0.35361832721027087,-0.0022915096,0.056446161,0.33432636,0.024831846,-0.11249527
0.077730455,0.07986948066865862,0.253760672170382,0.35996880047460594,-0.047047649,0.066796497,0.33320698,0.013444417,-0.13553558
0.092832096,0.07742295133003596,0.24375896998912447,0.3456811924600836,-0.046451259,0.064391837,0.31997463,0.014907922,-0.12995952
0.084324814,0.07266281510000708,0.24832450635895564,0.34988619840847457,-0.043460242,0.060490225,0.32466778,0.016870148,-0.12933129
0.076806866,0.06874005576401412,0.25019978791148484,0.350738039231497,-0.042728808,0.05653917,0.3261193,0.017082252,-0.12795144
0.085973836,0.07750116508517796,0.24903242885574728,0.35354853948831283,-0.042199653,0.066281505,0.32711309,0.015164446,-0.13328029
0.07784836,0.07378795008993239,0.2532739018633184,0.3567737595127631,-0.041291673,0.06263303,0.33113021,0.015672948,-0.13188881
0.093277067,0.06376342447177871,0.2379195677797008,0.3326187633742104,-0.039844625,0.052357018,0.30959544,0.016646409,-0.12045249
0.091184154,0.07370898203381505,0.24716199914584722,0.3486453627353952,-0.038082972,0.063909255,0.32336384,0.016965598,-0.12923461
0.086332098,0.06828608120371521,0.24531343079521267,0.34674760586705067,-0.037344597,0.058331452,0.32132721,0.017275471,-0.12916766
0.076912135,0.06879418699879829,0.252324603843923,0.3548960335872469,-0.035552837,0.059643995,0.32954609,0.017255763,-0.1305864
0.077963762,0.0621519126601177,0.24726889935911997,0.3478949640035154,-0.033893194,0.053132568,0.32292807,0.019523174,-0.12793441
0.091176547,0.06491682100804974,0.24322817667710256,0.34285888533236575,-0.033581015,0.056268767,0.31801221,0.01920611,-0.12669481
0.082835607,0.06534430551171112,0.24702883837831255,0.34848253480029234,-0.032092866,0.057364851,0.32314718,0.018926317,-0.12906499
0.086544283,0.06224739676762388,0.2466146110861892,0.3470425604895962,-0.027781522,0.055830549,0.32201493,0.022348508,-0.12745771
0.076270752,0.06350648341535345,0.2532427965448607,0.3547032620756425,-0.026995091,0.057532191,0.32988217,0.018543907,-0.12902822
0.091377482,0.07305895119155499,0.2524406578000699,0.3492586308814018,-0.026650643,0.068055823,0.32630679,0.021458516,-0.12265807
0.080797121,0.07392251173651547,0.25754840424583275,0.3578910303636056,-0.027580585,0.068599224,0.33390078,0.018603766,-0.12747611
0.080158815,0.07433098158024681,0.25772635301606256,0.35841905513082456,-0.028140763,0.068805188,0.33430585,0.018061694,-0.12797497
0.083710246,0.07626415702728394,0.25678651891116977,0.35721677558873066,-0.030794961,0.069778673,0.33312055,0.018864032,-0.1275879
0.08492472,0.07673520360542731,0.2559201537958057,0.3564593924128411,-0.031792253,0.069867074,0.33223838,0.019151727,-0.12772693
0.080593653,0.08023822189080657,0.258280351235072,0.36095912346241027,-0.03483111,0.072382696,0.33606082,0.016562838,-0.13069157
0.076813549,0.08066061196874175,0.2600657416266755,0.3633296809632935,-0.034197628,0.073110461,0.33834946,0.01523783,-0.13151391
0.086789891,0.0837904078492691,0.25465112229237546,0.35867103003560824,-0.041274324,0.073506668,0.33291063,0.015609835,-0.13255849
0.08283934,0.05781002491106359,0.24647683524773512,0.34685924780467436,-0.025313795,0.052057452,0.32184306,0.022276478,-0.12740542
0.090615422,0.07186660505331856,0.25272254471029915,0.3495431877405946,-0.025260512,0.067350581,0.3266094,0.021536719,-0.12264954
0.073012806,0.0702642055738519,0.2586458936322814,0.35965085666585633,-0.024057606,0.066120401,0.33546907,0.018233184,-0.12836196
0.094586574,0.06884467459182744,0.2513851550683067,0.3462344464916897,-0.022869952,0.065082408,0.3239972,0.022884293,-0.11991837
0.084981278,0.06896546768042425,0.25480248209057615,0.3525519089884407,-0.022330664,0.065442547,0.32936648,0.021880969,-0.12382162
0.093540914,0.0674224590219443,0.2521885974663132,0.3473864039972942,-0.021728434,0.064021915,0.32506743,0.022722496,-0.12038342
0.076288804,0.05824216674689746,0.2539256402677857,0.353766177577356,-0.021463109,0.054161433,0.32963964,0.020808222,-0.12670925
0.089938603,0.05909085029808483,0.24665228255636362,0.3435495540348219,-0.0199084,0.055743344,0.31999528,0.024448879,-0.1226033
0.078304321,0.06574377250934749,0.25662480061391024,0.3535978428649745,-0.017856196,0.063841924,0.3308866,0.021923674,-0.12273893
0.074289478,0.06534528603995232,0.2582771801074392,0.3558025181653607,-0.017319215,0.063636959,0.33302224,0.020716699,-0.12354124
0.085194074,0.06292371330118422,0.25349268209407116,0.34892642769518417,-0.016423099,0.061386637,0.32647231,0.02607723,-0.12035556
0.083839178,0.062593556683154,0.2542025160871904,0.3495661172663988,-0.015752178,0.061312757,0.32721841,0.025560034,-0.12029658
0.077627465,0.060927517168160396,0.257101046581377,0.3517014217243688,-0.012831898,0.060742423,0.32997945,0.023561865,-0.11938296
0.078090623,0.05922353702540652,0.2576899247457579,0.3512883529084214,-0.010976378,0.059678908,0.32998383,0.024840131,-0.11788616
0.088228531,0.056253618200072894,0.2516822495323016,0.34203777690604115,-0.008941873,0.057316102,0.3214094,0.030048737,-0.11306154
0.087938257,0.055402405176130695,0.25240173881673583,0.34245590323198627,-0.0078201313,0.056867529,0.32198161,0.030533442,-0.11256819
0.081905372,0.05526445701484661,0.25691322355628876,0.34656744317030547,-0.0060539478,0.057467368,0.32663459,0.029639453,-0.11198366
0.093500532,0.05167059928564838,0.24969013749550484,0.3372709282067025,-0.0046509514,0.05415868,0.31744927,0.033668481,-0.10883048
0.092491403,0.05132969433638278,0.25088703256039474,0.3380584570959241,-0.0040247408,0.054054145,0.31848776,0.033746745,-0.10821379
0.079961911,0.05042179367096898,0.2563472430371323,0.34501607876646473,-0.0014077132,0.0541787,0.32533288,0.031844299,-0.11036554
0.082965821,0.05044459830007844,0.25620081379307513,0.3438619624555411,-0.0014034233,0.054205295,0.32449979,0.033291984,-0.10877766
0.10062931,0.07708958514984976,0.23948135287575656,0.33782934271367593,-0.04794642,0.063395023,0.31336176,0.015029617,-0.1253283
0.10639398,0.07660559614749848,0.23635793107651074,0.3313538360825148,-0.047193684,0.063188754,0.30815011,0.013681141,-0.12104421
0.112428,0.075780648196464,0.23198199368052413,0.3223659721228807,-0.04606754,0.062770583,0.30083495,0.013813864,-0.11501013
0.095168911,0.07908825540372127,0.2535260450054524,0.35161576480303475,-0.035813008,0.070716627,0.32830539,0.018080037,-0.12458864
0.11407173,0.07080187533945977,0.22765517914935812,0.31367563802457765,-0.042489145,0.05888078,0.29368278,0.014515376,-0.10923431
0.10230888,0.07363821065399775,0.2385163710908794,0.3355442017129078,-0.040963769,0.062609546,0.31150219,0.018014269,-0.12341711
0.095803037,0.07183477825418688,0.24158248035320223,0.3408424106477216,-0.040541731,0.060829513,0.31607363,0.01758706,-0.12633964
0.10638139,0.06992469925548331,0.23443298041293942,0.3282530795233358,-0.03930353,0.059280064,0.30528149,0.018483188,-0.1192127
0.099342823,0.06761691357517013,0.23958059693362935,0.3367499579682325,-0.036477134,0.057972711,0.31268644,0.019482985,-0.12348335
0.11388084,0.06619344092454273,0.22935619371045896,0.3169747443686129,-0.035468984,0.056854241,0.2962907,0.018929081,-0.11102477
0.10841044,0.06649739767353732,0.23325415403612806,0.32563696623064453,-0.034472726,0.057607334,0.30314896,0.020073714,-0.11720575
0.10168479,0.06340132787940028,0.2354583420542834,0.3313225938048064,-0.032202378,0.055207592,0.30747724,0.020163871,-0.12176135
0.11269659,0.061326372014479075,0.22637370296938392,0.3149171345972244,-0.030014642,0.053882081,0.29351294,0.021293981,-0.11211388
0.09649308,0.06042118326237225,0.24011632874602568,0.33724457232593474,-0.027872048,0.053808197,0.31316948,0.021637043,-0.12325022
0.10561003,0.05927148583945091,0.2301604078944952,0.3238683278908769,-0.028027615,0.052493177,0.30052012,0.020830365,-0.11893043
0.11320625,0.0701558508182716,0.23944057609741767,0.32683215396169163,-0.026928626,0.064784013,0.30682343,0.02392046,-0.11002932
0.097596087,0.07243931280420261,0.24841265445229982,0.3441147105387209,-0.027888814,0.0668571,0.32131526,0.021912172,-0.12120765
0.097926661,0.07300939860240306,0.24838407574219762,0.3446854471521098,-0.029338501,0.066861063,0.32163921,0.021483609,-0.12204397
0.10090296,0.07247400592760748,0.2477104959345439,0.3408868971697977,-0.026984874,0.067278489,0.31909606,0.022588899,-0.11777658
0.11082714,0.07593681625007323,0.24256117332512991,0.33440131802756434,-0.032542445,0.0686813,0.31285399,0.020798802,-0.11624987
0.10902223,0.07624793434215361,0.24304191359665198,0.3363375039670476,-0.033328231,0.06868574,0.31420666,0.020600623,-0.1182062
0.11629904,0.07899136437304997,0.24015355990469422,0.32759828186753065,-0.035063226,0.070929632,0.30770355,0.021861384,-0.11027801
0.1119438,0.0793370650528756,0.24430252331080113,0.33472033592645073,-0.035158962,0.07126455,0.31392324,0.0205577,-0.11431222
0.098189898,0.08125078227478269,0.25143138798019454,0.350409967345667,-0.037803344,0.072221063,0.32656336,0.017504776,-0.12584554
0.10375416,0.08306816211094889,0.2485861345251506,0.34576426877569283,-0.039763287,0.073363446,0.3224822,0.017399669,-0.1235128
0.10295942,0.07058965635913227,0.24744416903731214,0.33819351568406053,-0.024976593,0.066083871,0.31736767,0.023840653,-0.11438636
0.099437498,0.05694602423969272,0.23618285768550257,0.3312787863340338,-0.022838986,0.05216933,0.3077558,0.022281896,-0.12056334
0.10630976,0.066111196411315,0.24349424225096206,0.33258076201374925,-0.022298843,0.062355287,0.3121191,0.024866965,-0.11213057
0.11081995,0.06659425049395956,0.2415959473113289,0.32745869221867807,-0.022078462,0.062973604,0.30813232,0.026582623,-0.10759662
0.10601819,0.0653787750458223,0.24401858385802627,0.3332498521331585,-0.021212749,0.062020633,0.31276122,0.024985751,-0.11230136
0.11159607,0.06297383102445311,0.24123790817670818,0.3260745695019818,-0.018126724,0.060717937,0.30711594,0.027263274,-0.10611851
0.11673601,0.06360519342599155,0.23822185586791034,0.31910128165596446,-0.018113449,0.061409459,0.3015109,0.028103961,-0.10063286
0.098649092,0.06178271869725656,0.24840066863683397,0.33729421447078506,-0.015785091,0.060417924,0.31718311,0.027003912,-0.11150359
0.11178134,0.0606290604784964,0.23978086484827058,0.324739680478816,-0.015869448,0.059128828,0.30559155,0.027915327,-0.10625629
0.095767707,0.060112843630994804,0.24903712231886965,0.3384600522084773,-0.01358954,0.059535794,0.31817585,0.026971741,-0.11221346
0.099800162,0.05834748533235928,0.24636846829568618,0.3349747979042996,-0.011923709,0.058325082,0.31470329,0.029655626,-0.11086252
0.11597988,0.05677363552756108,0.23842879013119367,0.3190109584269409,-0.012141048,0.056523059,0.30144218,0.030204779,-0.099941358
0.099445686,0.05741012603692119,0.2466759510251217,0.33491515471823563,-0.010735026,0.057811338,0.31479308,0.030170035,-0.11028711
0.10526454,0.05546552918170472,0.2423476237630629,0.32865042578284176,-0.010071684,0.055980377,0.3089467,0.031418584,-0.10759141
0.1039654,0.05529701346014638,0.24515536891655265,0.3305059086619006,-0.0089493776,0.056273699,0.3113603,0.032147899,-0.10609162
0.1124412,0.05275322620996517,0.23824417361216368,0.3195756705065497,-0.008986026,0.053494673,0.30143946,0.034368694,-0.10040744
0.10766532,0.05010232129517083,0.24357507873807416,0.32418494730907293,-0.0051575019,0.052239947,0.30655617,0.036798771,-0.098818243
0.099897288,0.05187960639761331,0.2501972832394029,0.3341009954673438,-0.0045456025,0.054430455,0.31576627,0.034480166,-0.10356764
0.11886269,0.07962768042278454,0.22606002125366761,0.3133149151006797,-0.048990838,0.06570898,0.29268873,0.013568323,-0.11097497
0.12048915,0.07382851178443406,0.21655354115181458,0.2973814249746575,-0.047072187,0.060223412,0.27878839,0.013951458,-0.1025578
0.13235182,0.08310715577712949,0.21097948571316844,0.28113445220563643,-0.046501216,0.070545726,0.2663458,0.020937759,-0.087510601
0.13523534,0.07900119733774535,0.18675625023807574,0.2517293491382226,-0.045504536,0.066508241,0.23768251,0.012416618,-0.081978761
0.13632682,0.07404651849769839,0.16168481781558716,0.2316303621381466,-0.045008566,0.061336201,0.21363959,0.00017426127,-0.089502625
0.12580857,0.08208683855240356,0.22828652837030733,0.30902134035158807,-0.043857723,0.07055939,0.29130605,0.015067932,-0.10201927
0.13566141,0.07775632749892589,0.1886901508379544,0.2530185250807986,-0.044339597,0.065650351,0.23945373,0.0093011726,-0.081202053
0.12896214,0.08047129365206318,0.21642632543830503,0.29613006341907816,-0.043322325,0.069031589,0.27800977,0.013880479,-0.10104907
0.1241596,0.07091551027253168,0.21351750245399503,0.2907981185350802,-0.042953242,0.058807231,0.27343816,0.015659412,-0.097723596
0.13353701,0.07995763374864996,0.20487975418789262,0.2758489932536918,-0.043201018,0.068525061,0.26062754,0.011347991,-0.089650296
0.13608311,0.07165194155508853,0.16054364135031035,0.2336472060394083,-0.04393125,0.059192121,0.21407561,-0.005446557,-0.093450442
0.11763722,0.07938985371332793,0.23731351708962428,0.3238132133447317,-0.03635167,0.070815623,0.30407855,0.022556553,-0.10900658
0.11887839,0.06602591745408529,0.21884783670036584,0.2984986396460498,-0.040047925,0.054728605,0.28050655,0.016438641,-0.10073373
0.11983671,0.07930022810926723,0.23126799474592133,0.3195614015369229,-0.039347488,0.069446608,0.29866475,0.0208908,-0.1117248
0.12232746,0.07699147438491322,0.2295356213023365,0.3144940693799842,-0.035888113,0.068406887,0.2948041,0.023119286,-0.10706335
0.12437917,0.06457418259025687,0.20704797146383655,0.27878951881968267,-0.037582949,0.054197818,0.263311,0.014649014,-0.090423003
0.12166616,0.07598878605930695,0.23439687252333608,0.3173656563424929,-0.033620179,0.068280287,0.29883075,0.024137979,-0.10410812
0.13518509,0.06725186343171395,0.17385379894153127,0.23792871202679883,-0.035783637,0.057870507,0.2234706,0.0050627459,-0.081518903
0.12781212,0.07276754593400306,0.22339079860270677,0.30133333876264107,-0.032477509,0.065265894,0.28390989,0.027636087,-0.097124673
0.11885852,0.06172874791110791,0.2202839724173467,0.30188804791240276,-0.03125453,0.053792905,0.28316203,0.016788291,-0.10331414
0.13295932,0.06888724189657718,0.20418497549824338,0.27303187434187337,-0.032747764,0.060935769,0.25819573,0.023172652,-0.085699461
0.13045634,0.07161654711680839,0.21910181273145551,0.2949817734856753,-0.031439319,0.06445618,0.27809924,0.02759251,-0.094412461
0.12267647,0.07178931105232254,0.23494546796871058,0.31657192213329405,-0.029160842,0.06561102,0.29866302,0.023474691,-0.10230895
0.12451144,0.07055511254220766,0.2330351044970996,0.3131148014686689,-0.028869295,0.06439399,0.29560184,0.025751468,-0.099986464
0.13615169,0.06366203512898175,0.1752078151458339,0.23227465783309567,-0.031930614,0.055606171,0.22075315,0.0092522539,-0.071651652
0.12484869,0.06698941056075683,0.22911070460288485,0.3095902285274337,-0.026940923,0.061338898,0.29166344,0.025051946,-0.10075191
0.13219945,0.06450186255097151,0.20550181555897898,0.27672544440813734,-0.027421221,0.05843265,0.26104012,0.022553174,-0.089030229
0.1342154,0.06444811256201143,0.19975846035702022,0.26629084307297596,-0.027345549,0.058406379,0.2522755,0.019115971,-0.083081074
0.11868875,0.06662451821859815,0.2334790396712557,0.3174879466044896,-0.023925612,0.062222417,0.29842529,0.024703953,-0.10550193
0.13091344,0.057093672060469614,0.20591275082483398,0.27431676920122516,-0.01813579,0.054326117,0.25901821,0.035135273,-0.083215199
0.12460317,0.05998880573895196,0.2271561213800326,0.3023915709185687,-0.01717086,0.057880864,0.28613329,0.031149302,-0.092726067
0.12491626,0.059478300297032126,0.2282253205835795,0.3030228331295066,-0.016360162,0.057670392,0.28695783,0.032039352,-0.091932155
0.12111982,0.05935809388387745,0.23268755091520654,0.31077155825879804,-0.015504765,0.057902899,0.2938669,0.029208811,-0.096788697
0.13192242,0.05590109194949562,0.20711190645064342,0.27370143187651014,-0.016476665,0.053734802,0.25904864,0.037031975,-0.080217883
0.12885261,0.05687456567562048,0.2235438403905058,0.2934004829469522,-0.015016539,0.055412132,0.27868697,0.035905901,-0.084428564
0.1210131,0.05679013252533999,0.2324112588209563,0.31196035950409584,-0.013801591,0.055836122,0.29440042,0.029925933,-0.098752707
-0.13047871,0.0911473294722888,0.2141141658490992,0.2924794906642969,-0.052171793,0.076873235,0.27440724,-0.023381509,-0.098479562
-0.12496144,0.09339394349750191,0.2237006797808227,0.310110226266324,-0.053986281,0.078543663,0.28942037,-0.02132527,-0.10931347
-0.11388691,0.09323177908756526,0.23909668234706027,0.3356334583420344,-0.052716658,0.078906417,0.31194907,-0.014572565,-0.1229847
-0.1212386,0.09216658448776607,0.2285742166150394,0.3204675862287662,-0.052912794,0.077665977,0.29789567,-0.017712453,-0.11680716
-0.11931015,0.0933142098507309,0.23269015923754557,0.32589975110611885,-0.052547403,0.079067811,0.30310154,-0.016999189,-0.11853747
-0.10680569,0.0921309793179102,0.2440763484233982,0.34279305152786155,-0.050669,0.078579731,0.31852925,-0.015333127,-0.12574215
-0.11343306,0.09073754616573028,0.2364723779596871,0.33378147909430433,-0.050734244,0.077038266,0.30952322,-0.015260625,-0.12398615
-0.12449275,0.08670763934457647,0.23075288744118969,0.31399212458892245,-0.047347706,0.074097835,0.29525638,-0.019669499,-0.1050135
-0.11080429,0.08753571216681048,0.23858053577258012,0.33546701762684294,-0.047136154,0.075087219,0.31153166,-0.016665837,-0.12332232
-0.087569669,0.09754508877630597,0.2564667363741105,0.362024627552445,-0.054464158,0.082850456,0.33579025,-0.012798304,-0.13469574
-0.086280689,0.09632811311898822,0.25668064483396125,0.36263262841103083,-0.053012922,0.082144395,0.33624706,-0.012437172,-0.13522446
-0.097081564,0.09420864166016155,0.2499565164265898,0.35371287429890796,-0.053238917,0.079745956,0.32770407,-0.014749829,-0.13230753
-0.097026542,0.09259543740134343,0.24992757405497437,0.3526819880987593,-0.050800223,0.079028599,0.3270987,-0.015546637,-0.13095544
-0.091331489,0.09348489094380508,0.2554154223298503,0.3581160815525645,-0.048313025,0.081050619,0.33303112,-0.014359154,-0.13088627
-0.098738633,0.09074811478336157,0.24961064516902964,0.3508462746423163,-0.047870718,0.078265242,0.32588798,-0.016469406,-0.12891428
-0.090430848,0.09109804376300937,0.25535587942791327,0.3585372115917066,-0.046106234,0.07939437,0.33323857,-0.014196333,-0.13152738
-0.098725572,0.08922864976107257,0.25036132694531277,0.35109166151562116,-0.045373678,0.077674486,0.32641894,-0.016417289,-0.12824392
-0.10346312,0.0867070175097738,0.24700207480464434,0.34539438616262264,-0.043511357,0.075725593,0.32144716,-0.017659737,-0.12512849
-0.09359628,0.0861269826224415,0.2524957983071181,0.35457645604543647,-0.042305149,0.075607471,0.32950607,-0.015367996,-0.13005398
-0.086913832,0.08424193827236129,0.25486772967535626,0.3589167199797484,-0.041550778,0.073879845,0.3331669,-0.015368282,-0.13260786
-0.092941657,0.08424456100576651,0.25287838502015214,0.3546981974022226,-0.04072129,0.074234791,0.32977322,-0.015403172,-0.12970419
-0.061520666,0.09867425357171922,0.2635512839412519,0.37531462204642047,-0.055571545,0.083607078,0.3469649,-0.0076718512,-0.14289005
-0.076215982,0.09838334046552097,0.25959968266105626,0.36901377434387095,-0.055611763,0.08327397,0.34135476,-0.01038079,-0.13978674
-0.081946239,0.09863279180570293,0.2574568138846473,0.3657025027075774,-0.05560638,0.083547249,0.33837399,-0.011342366,-0.13824874
-0.068350762,0.09652487498666043,0.26176024430821687,0.3717610889239557,-0.052624445,0.082523048,0.34403718,-0.009107599,-0.14057659
-0.061912421,0.0964975078667828,0.2637253970104057,0.37458229025779005,-0.052222785,0.082663812,0.34665176,-0.0079782289,-0.14170673
-0.078104228,0.0954826363230103,0.2586116443645592,0.3670339069158916,-0.052058525,0.08163102,0.33972439,-0.01122653,-0.13847452
-0.070428416,0.09548481047899747,0.2612073849963271,0.37070252808219667,-0.051759169,0.081760451,0.34314969,-0.0098204035,-0.13990073
-0.072816938,0.09211403677091701,0.26087706389205356,0.3692108925988749,-0.048512444,0.079476729,0.3421303,-0.011149684,-0.13834459
-0.080633536,0.08993878281782443,0.25784252840472144,0.3646628153200782,-0.047275078,0.07763885,0.3379797,-0.012731414,-0.13633269
-0.06463673,0.09145831063571266,0.26394735195806956,0.37275188488168987,-0.047185607,0.079327583,0.34574321,-0.0092239557,-0.13899827
-0.081273094,0.0896109839349628,0.25788571135822164,0.3643325466694066,-0.04676253,0.077500306,0.33781162,-0.013143719,-0.1358262
-0.071308836,0.08848735069768526,0.2618998059183513,0.3692237908573574,-0.044338241,0.077308685,0.34266785,-0.011736332,-0.13699347
-0.082167432,0.08461468371437379,0.25834795449858233,0.3626704200368261,-0.04157738,0.074273489,0.33709183,-0.014963442,-0.13294746
-0.072419658,0.08502010304230756,0.26157448754561397,0.3681340766134711,-0.040629961,0.075116076,0.34186769,-0.013008667,-0.135941
-0.066767007,0.08274593841538808,0.26311859801326315,0.3699906638195727,-0.037300255,0.07405889,0.34371927,-0.012589877,-0.1363512
-0.068588115,0.0826121241767706,0.26281432826718243,0.3693473344397225,-0.037140381,0.073981382,0.34319487,-0.012938965,-0.13589451
-0.073817208,0.08251288890036523,0.26211177188085566,0.367126650777306,-0.036938399,0.073959313,0.34156325,-0.014179097,-0.13384871
-0.06033301,0.08642568172606219,0.2648308649230068,0.3728238042364075,-0.04058871,0.076660551,0.34622675,-0.010713031,-0.13787624
-0.051134989,0.10054934910235137,0.26684446342286,0.3795886124464767,-0.056621771,0.085198313,0.35109043,-0.005906031,-0.14418094
-0.053259067,0.1002792715626857,0.26634435308089877,0.37881446590447043,-0.056553867,0.084933735,0.35039392,-0.0063488586,-0.14382
-0.049032003,0.09823825458706309,0.2663783303958817,0.37956835460181226,-0.0542937,0.083675839,0.35082918,-0.006001119,-0.14475845
-0.041863889,0.09817283402164559,0.26760052880877505,0.3813571917991393,-0.053992063,0.083732806,0.35247067,-0.005309307,-0.14549758
-0.041740522,0.0969580101797167,0.2677950035563062,0.38098630913615733,-0.052186195,0.083179615,0.35236928,-0.0055417633,-0.144761
-0.056531228,0.09627403535237095,0.2649069162825966,0.376687174353617,-0.052322198,0.082378842,0.34844792,-0.0072638099,-0.14291435
-0.056406241,0.09581093132831874,0.26496215137642637,0.37665271767558894,-0.051832631,0.082083553,0.34845799,-0.0073074312,-0.14279671
-0.03828261,0.09271423005585311,0.2686959758325002,0.3808725251047387,-0.046969168,0.080783837,0.35278741,-0.005462199,-0.14344019
-0.045284119,0.0914977813536043,0.26794102767718364,0.3785780114200012,-0.045485109,0.080092281,0.35110769,-0.006815664,-0.14141516
-0.049329534,0.0896574071048909,0.266813784456879,0.3769215397874498,-0.044092622,0.078684047,0.34958577,-0.0076817819,-0.1407147
-0.058989473,0.08801895759266828,0.26432050741467744,0.3730468489707824,-0.043433625,0.077183828,0.34609529,-0.009817075,-0.1388727
-0.044259634,0.08950837220192814,0.26856041596708047,0.3789145220873811,-0.043278266,0.078867815,0.35162207,-0.0067347512,-0.14104176
-0.051690415,0.08578343205840513,0.2668739650177827,0.37591475114402895,-0.04007097,0.076182604,0.34904802,-0.008637799,-0.13929382
-0.051820505,0.08571996781596046,0.266848077572645,0.3758638569526677,-0.039997783,0.076144725,0.34900507,-0.0087213321,-0.13925889
-0.059283976,0.08332265655827019,0.26530436743888086,0.37276224527433904,-0.037211116,0.074723251,0.34643593,-0.011033603,-0.1371572
-0.039863933,0.08139234690229873,0.2682856326752767,0.3766706775093831,-0.034086879,0.073952399,0.35021996,-0.0077867247,-0.13844185
-0.04369304,0.08143534113400253,0.2681664118455338,0.3759938917384752,-0.034120858,0.073984683,0.34976631,-0.0089239702,-0.13767824
-0.030197315,0.10246159944569624,0.2699436763515974,0.3849948579480666,-0.058414087,0.086514913,0.35573199,-0.0035608627,-0.14718394
-0.036072865,0.10200056126277707,0.2691618880338417,0.3835669314822275,-0.058130309,0.086134516,0.35452718,-0.0040981607,-0.14634642
-0.028254984,0.10124615254148897,0.26976739200670763,0.3849943954946993,-0.056823801,0.085869536,0.35563761,-0.0034717582,-0.14741276
-0.017992917,0.09980395689633698,0.27079902100292447,0.38620009144222084,-0.054986026,0.085082881,0.35685804,-0.0017373583,-0.14764766
-0.037445243,0.09949509805423681,0.2687103500829374,0.38242983320060747,-0.054787397,0.084831662,0.35365844,-0.0045832228,-0.14545542
-0.019021999,0.09937405957140152,0.27059547282233165,0.38605075357218005,-0.054606721,0.084776863,0.35666627,-0.0020241707,-0.14771682
-0.03291972,0.09656668623964233,0.2689497242131414,0.38251058851634867,-0.051035166,0.083243079,0.35383287,-0.0042434963,-0.14525372
-0.024017943,0.09532191820524373,0.2692859175755651,0.3842265388683958,-0.050356302,0.082178973,0.3549616,-0.0028073953,-0.14705242
-0.033736724,0.09452590949061769,0.2685253882842089,0.38185365396780013,-0.049233224,0.081790939,0.35324278,-0.0046234708,-0.14494956
-0.018827291,0.0932635868448221,0.27061258691702567,0.3846246580752228,-0.047490988,0.081159137,0.35589123,-0.0024843032,-0.14584714
-0.029738462,0.0902131345892186,0.27017728505348715,0.38227187132533386,-0.046364456,0.078323431,0.35435534,-0.0041103982,-0.14334288
-0.024035454,0.08867660193786611,0.270154799602162,0.3824545739638364,-0.042311572,0.07837455,0.35444665,-0.0036946069,-0.14361554
-0.038108923,0.08689405182517115,0.2682073060793632,0.379485403503633,-0.041307282,0.076864354,0.35175607,-0.006212974,-0.14226116
-0.026118575,0.08704744294820897,0.2699594991544073,0.3817444363184601,-0.040547237,0.077353612,0.35394722,-0.0043223174,-0.14293879
-0.01943744,0.086502723682049,0.27044997945494986,0.3820773546291026,-0.039259169,0.077308603,0.3543967,-0.0032693022,-0.14274241
-0.031845976,0.08447180618128655,0.2692471051234181,0.37991447887258745,-0.037789736,0.075726032,0.35255003,-0.0054405313,-0.14147045
-0.021589629,0.0844704647451673,0.27053037027888016,0.3811133651081722,-0.036600739,0.076229274,0.35390162,-0.0039332202,-0.14137033
-0.031490214,0.08305402112071741,0.269220590719114,0.3790004500368732,-0.035762995,0.075046107,0.35202521,-0.005913265,-0.14030191
-0.02698735,0.08122561597108353,0.2698358611246802,0.37887795599011287,-0.033178154,0.074157,0.35228193,-0.0057035042,-0.13933204
-0.012395954,0.10135293636158745,0.27115692235415695,0.38688639335546254,-0.056419112,0.086157322,0.35742757,-0.00093745318,-0.14807341
-0.0031013552,0.0977748056399852,0.2712575282898413,0.38646842128870057,-0.052254315,0.084038034,0.35725281,-0.00051606848,-0.14740422
-0.014896383,0.09695463587141878,0.2707243116444511,0.38584885974242644,-0.051681876,0.08339002,0.35662591,-0.0015393561,-0.147292
0.0040959199,0.09723529107234884,0.2711097377120283,0.38632440636881793,-0.051593307,0.083732508,0.35709482,0.00022744696,-0.14741026
-0.0076891193,0.0948786836748386,0.2706692092740137,0.38564941251278023,-0.049201481,0.082187653,0.35648823,-0.00080650713,-0.14710867
-0.0017663239,0.09353586844452197,0.27092165124535794,0.3853956381795428,-0.047479913,0.081459634,0.3564842,-0.00055007142,-0.1464531
0.0024221109,0.09318719794689344,0.27064079598905294,0.3852109113410894,-0.047150292,0.081220768,0.35623282,-0.00014690874,-0.14657968
-0.009398941,0.09162965533322298,0.27059481797124874,0.38452867452750206,-0.045288861,0.080318846,0.35583234,-0.00120574,-0.14575388
-0.01498933,0.09027952160214733,0.2707216739281458,0.38390584456098464,-0.043613523,0.079563253,0.35555434,-0.0022833638,-0.14477429
-0.0074952911,0.08887888424744812,0.27101790351971844,0.383629406413646,-0.041622173,0.078886934,0.35556182,-0.001259652,-0.14403377
-0.0020084374,0.08795531314954998,0.27141377209002526,0.38351006806759597,-0.040338092,0.078428663,0.35570651,-0.00057813304,-0.14336149
0.0028688847,0.08735912011468817,0.2713320992960636,0.3835525609374663,-0.039825872,0.077998407,0.35568702,-2.2004069e-07,-0.1435246
-0.013625286,0.08527070835599776,0.2706806468244565,0.38212619678921034,-0.037544597,0.076697983,0.35454819,-0.0026852207,-0.14250895
-0.0038319079,0.08362901087501033,0.27049740835704045,0.38196692750382744,-0.036131606,0.075514287,0.35436791,-0.00083859329,-0.1425532
0.0027422106,0.0820726218191173,0.2701927693705928,0.38121561614708344,-0.034567729,0.074487314,0.35379148,0.00026100344,-0.14197488
-0.008792026,0.08072418442031223,0.27031772472466215,0.38047855828380794,-0.032561358,0.073874079,0.35344535,-0.0021238797,-0.14083965
-0.015316145,0.08083058766692817,0.2703139226985493,0.3798648937040823,-0.032287128,0.074106075,0.35309762,-0.0033101221,-0.14003018
0.019569673,0.10343282156350306,0.2710618831327696,0.38660944953168297,-0.058600876,0.087490723,0.35722059,0.0026257259,-0.14782903
0.025216436,0.10287100783004995,0.2704820888162276,0.3859727638414505,-0.058537383,0.086907342,0.35655773,0.0033336096,-0.1477513
0.008356588,0.10118231127793047,0.27102145401141736,0.3872715988798028,-0.056438163,0.085963875,0.35756576,0.00086268812,-0.14874567
0.027092038,0.10071714311972828,0.2700366121595179,0.385276319412923,-0.056149799,0.085580938,0.35593542,0.0036862197,-0.14742534
0.02074521,0.0994960806551897,0.2698573245654847,0.3855638050123614,-0.054796282,0.084828958,0.35599974,0.0030097275,-0.14803572
0.013331166,0.0996048036531959,0.2709444136747295,0.38648121611573744,-0.054029394,0.085272595,0.35709062,0.0014960879,-0.14782348
0.014842918,0.09611405416225227,0.2702705052919452,0.3855750024267541,-0.050871089,0.082821004,0.35623193,0.0017858489,-0.14752527
0.025908038,0.09627513283608453,0.2700110358390439,0.384120336903089,-0.050672513,0.083080284,0.35528541,0.0040674047,-0.14595947
0.0080434615,0.09396828077337098,0.2704113791192305,0.38520445490535954,-0.048141737,0.081648462,0.35610592,0.00093519065,-0.14686787
0.011762603,0.09380494397304437,0.2705420837767507,0.38506756748315746,-0.04789402,0.081576169,0.35609969,0.0015227345,-0.14651868
0.019539062,0.09163655189709276,0.27018175403213235,0.3837099469498084,-0.045478597,0.0802458,0.35515544,0.0031852182,-0.14521636
0.026607107,0.08986337775671865,0.26959038133507546,0.38179739267670676,-0.043298081,0.079245068,0.35378003,0.0044355518,-0.1434896
0.015055086,0.08975004294551622,0.27065796019745886,0.3835053511529033,-0.042968336,0.079261914,0.35529917,0.0024315927,-0.14433621
0.0082766721,0.08887853891429279,0.27093443850542687,0.38383277644599556,-0.04168383,0.078860387,0.3556301,0.0010452121,-0.14440824
0.026991731,0.08832659324734632,0.26936270455631794,0.381133713850388,-0.041731581,0.078240506,0.35329181,0.0045904722,-0.14292212
0.019605463,0.08714091657341515,0.270171899671099,0.3820354229091498,-0.040347654,0.077539876,0.35422525,0.0034899514,-0.14305019
0.020923976,0.08452113028327934,0.27043942945091803,0.3812539862663289,-0.037468277,0.075916067,0.35393173,0.0039252304,-0.14167401
0.014638569,0.08474633779231204,0.27081154940911306,0.38185998434559776,-0.036933389,0.07638777,0.35447046,0.0025200213,-0.14199081
0.008776553,0.08191685474902428,0.27031454501031676,0.3809762445046827,-0.034338139,0.07441555,0.3537221,0.0011789565,-0.14149977
0.014958985,0.08092635266607527,0.27071362768435486,0.3806737553741793,-0.033297297,0.073781319,0.35375929,0.0028407045,-0.14056601
0.037202887,0.10204106899676965,0.26919146095548946,0.38402053015162096,-0.057879545,0.086284965,0.35478812,0.0046707802,-0.14688547
0.029971927,0.10186843429966433,0.2700179251475443,0.38533618659808083,-0.057673607,0.086184837,0.3559587,0.0035870408,-0.14752801
0.038006812,0.09949296321556914,0.2683792426988038,0.3827997339256916,-0.055444889,0.084550254,0.35368088,0.0050481106,-0.14635569
0.043856915,0.09938177012453286,0.2678715172790199,0.38131329853335444,-0.055378471,0.084457651,0.3525914,0.0053362027,-0.14508846
0.044107001,0.09907521033394952,0.2678294760195244,0.38116459823456866,-0.055033896,0.08427088,0.35248676,0.0054005394,-0.14494954
0.049271431,0.09908843967836072,0.2669225999223539,0.37958051598193665,-0.054769397,0.084397525,0.35112411,0.0063130478,-0.14406031
0.050550207,0.09770351232924263,0.26678605735735916,0.37907171579841575,-0.053196229,0.083560765,0.3507669,0.006790502,-0.14356823
0.032111678,0.0953761722354135,0.26953801443375813,0.38260615525845976,-0.049873464,0.082442865,0.35419792,0.0044494979,-0.14460811
0.041893192,0.09312368527108555,0.26762866078195624,0.379675415326926,-0.048858274,0.080426775,0.35155374,0.0061972141,-0.14326543
0.032213103,0.09316671190363654,0.2694490790431268,0.38199746552139513,-0.04756372,0.081023023,0.35381427,0.0045971917,-0.1439319
0.046664529,0.09051501372309027,0.2671578743645674,0.3775626188474867,-0.045452528,0.079038471,0.35012639,0.0073254351,-0.14110769
0.036793463,0.09009300882298063,0.2686836225478226,0.3800748971413456,-0.044392761,0.079029866,0.35233805,0.0057716654,-0.14241318
0.04965103,0.0883722645254539,0.26680722092009096,0.3760951661561887,-0.042331196,0.0780356,0.34911603,0.0083946455,-0.13962486
0.043919619,0.08773183616652828,0.2675022776919515,0.37761636857921566,-0.041571926,0.077662155,0.35033879,0.0072709583,-0.14072664
0.03772882,0.0878779267976425,0.26876355673446056,0.379056791182242,-0.041289933,0.077940561,0.3518115,0.0063801045,-0.14096813
0.033470016,0.08595112066465155,0.26942478964000866,0.3791082841613585,-0.03864098,0.076971769,0.35219339,0.0058080596,-0.14017551
0.033272471,0.08401263903943543,0.26949788196703084,0.378582012681019,-0.036550626,0.075753182,0.35193726,0.0060262736,-0.13938504
0.043520469,0.08195258515279948,0.2675954198969317,0.375598568792976,-0.034884386,0.074222498,0.34925449,0.0083576404,-0.13793381
0.040031262,0.08169553350986301,0.2684299428350472,0.376413733874136,-0.03441773,0.074141331,0.3501507,0.0079244887,-0.13790935
0.053004224,0.10051512042604321,0.26598012135439597,0.378732244767301,-0.056830227,0.085072644,0.35014924,0.0068539088,-0.14417575
0.061903805,0.09878617625723202,0.2636735313988793,0.37538070410239804,-0.055638339,0.083700314,0.34706238,0.0080365855,-0.14280683
0.068662442,0.09655307925620459,0.2614685423503188,0.3719499025086201,-0.053246178,0.082289778,0.34398341,0.0092574554,-0.14119647
0.070345134,0.0962736223284079,0.2609008839808673,0.3710929636064617,-0.053120762,0.082039423,0.34320685,0.009424651,-0.14081982
0.062505424,0.09615424200035655,0.26336492422441454,0.37416934769908433,-0.052076429,0.082353026,0.34622532,0.0085547781,-0.14162466
0.056941669,0.0959908107059768,0.2647074437339168,0.37618669469016325,-0.051833719,0.082278505,0.34805739,0.0080533195,-0.14250483
0.057116743,0.09536170714182132,0.26477389166203713,0.37603242210527527,-0.051183157,0.081871219,0.34800664,0.0081605781,-0.14221521
0.064891122,0.0929938536279225,0.2640073896742144,0.37327100568657834,-0.048921067,0.080259077,0.34605664,0.0096243918,-0.13958301
0.058254112,0.08795149283542014,0.26452989531070203,0.3732689513875871,-0.043143325,0.077233762,0.34633142,0.0096418029,-0.1388931
0.0659265,0.08791142575543402,0.2638997774742885,0.37014930653159855,-0.042384092,0.07751251,0.34424192,0.011189406,-0.13558321
0.051940676,0.08583946734059741,0.26629519607352237,0.374633862016838,-0.039520286,0.07647723,0.3480221,0.0093899313,-0.13835815
0.053100217,0.0853074062922388,0.266227121174146,0.3741039407814989,-0.038712695,0.076242022,0.34768456,0.0098830406,-0.13773718
0.067028292,0.08251581513511924,0.2619569055046854,0.36796062719226197,-0.03733822,0.073792778,0.34198022,0.0125741,-0.13522738
0.069342248,0.08280584699496679,0.2615940680624611,0.3670300805100943,-0.037183568,0.074173503,0.3412652,0.012905668,-0.13447151
0.05816504,0.08265311703537497,0.26487193545916393,0.3714914595569829,-0.036337867,0.074366562,0.34549457,0.01143821,-0.13604622
0.076106638,0.09838632462410751,0.25913302304539315,0.36887412051356727,-0.055799894,0.083197355,0.34104136,0.0095331753,-0.14024274
0.087168343,0.097299079552184,0.2558652992930003,0.3618120104615425,-0.054502856,0.082566775,0.33536628,0.012188604,-0.13523619
0.078898907,0.09683148637274266,0.2579990051928658,0.36642971820746234,-0.053394202,0.082529396,0.33908477,0.010007231,-0.1385356
0.086014666,0.096107309374392,0.25627128557624446,0.36244893762325625,-0.053031895,0.081896469,0.33594102,0.011779185,-0.13555115
0.073331773,0.09308415213781426,0.261160463207826,0.3694433504810566,-0.049527001,0.08009997,0.34242406,0.010204194,-0.13831134
0.081543289,0.09064464533648832,0.25599899054873243,0.3631740421234934,-0.048441913,0.077910379,0.3361958,0.011845787,-0.13684826
0.091406845,0.09371697564943081,0.25489912247127466,0.35816274590720687,-0.048673797,0.081149608,0.33279538,0.013980966,-0.13165227
0.082001105,0.0905181797596183,0.2561527655919652,0.3629539211788797,-0.04806998,0.077930868,0.33615038,0.0121563,-0.1363477
0.090333052,0.09103876961027127,0.2549155049506924,0.3585406790998173,-0.04601939,0.07936684,0.33301243,0.014071308,-0.13212168
0.081572644,0.08553900758221132,0.2578468103215481,0.3624394373226098,-0.043337762,0.0745304,0.33673033,0.013610033,-0.1333784
0.093864046,0.0863708071396362,0.2524071145265209,0.35466711028990866,-0.042867772,0.075633533,0.32951456,0.015184739,-0.13030095
0.093324527,0.08509262309043106,0.2527704419799331,0.35485697803021454,-0.041789304,0.074702747,0.32980686,0.015342242,-0.1300597
0.073415399,0.08500267969784331,0.2594354860604664,0.3652179908097134,-0.041018408,0.074932262,0.33912957,0.012642461,-0.13496475
0.074274495,0.08333430449400475,0.26010741473488647,0.3650070992321109,-0.03798531,0.074407279,0.33934584,0.013575555,-0.13375458
0.11594635,0.09569873516936273,0.23981529756666345,0.332365298484222,-0.055319004,0.08048179,0.31043503,0.016493497,-0.11757869
0.097824499,0.09495812855551196,0.24939723300066263,0.35291029665997004,-0.054437466,0.080051415,0.32697254,0.01437134,-0.13201553
0.11572729,0.09490150483237217,0.24112340495896006,0.33464932377596845,-0.053977378,0.080185197,0.31242514,0.015456836,-0.11891925
0.10976772,0.09291045924944169,0.24336042909537792,0.3417462250399452,-0.052246757,0.078756809,0.31762591,0.012942062,-0.12544627
0.097292766,0.09236914833274043,0.24922243623977675,0.3520920433710698,-0.051198613,0.078613661,0.32640821,0.015182761,-0.13113341
0.09914054,0.09083884556783352,0.2495496497317668,0.3503282717750033,-0.04812067,0.07825771,0.3255671,0.016473187,-0.12831444
0.11144714,0.08753618634511995,0.23830748643225755,0.3362692894819741,-0.047386155,0.074981615,0.31183112,0.016782667,-0.12472662
0.099167094,0.08958788971137598,0.25061966535924474,0.3508257571858814,-0.045796629,0.077885218,0.3264071,0.016336299,-0.12755486
0.1044901,0.08695524607776323,0.24707823081346653,0.34371797457237685,-0.043636207,0.075942263,0.32053444,0.017999105,-0.12278335
0.10883673,0.08427286005456501,0.24474348655606568,0.3379740358719123,-0.04156011,0.073909476,0.31598502,0.021124858,-0.11804091
0.10784636,0.08386288723509423,0.24715890693274464,0.34061290094676416,-0.040545564,0.073894747,0.31875512,0.019932369,-0.11838506
0.11951303,0.09411846592795087,0.23496887015259765,0.3279717867572159,-0.053089574,0.079711385,0.30537882,0.019199703,-0.11807049
0.12802984,0.09225104818781724,0.21882979341303338,0.30278433134578475,-0.053326093,0.0775823,0.28282437,0.020042831,-0.10624035
0.11957859,0.09015175017658489,0.23623983708909843,0.32871057585487096,-0.050008692,0.076709859,0.30650505,0.017489357,-0.11747093
0.1192071,0.08897622877702278,0.23596277923754796,0.32919619374117315,-0.049587023,0.075611807,0.30666038,0.016625445,-0.11854594
0.12244555,0.08986022196897317,0.23458283829733398,0.3236980188609411,-0.04948334,0.076616153,0.30275157,0.019556887,-0.11286905
0.12888226,0.08920972705543977,0.22224362072020226,0.30185253141551505,-0.050415061,0.075513989,0.28391874,0.022108667,-0.1000815
