y_m,q_m,vnormal_m_s,speed_m_s,x_m,z_m,vx_m_s,vy_m_s,vz_m_s
-0.1291879,0.03398759748140911,0.025593554858402097,0.04159807401427835,-0.0260514,0.025864616,0.036223419,-0.0049823327,-0.019835323
-0.13715822,0.03750732550121881,0.020574606506623162,0.031807701191459675,-0.030792864,0.027675677,0.028417092,-2.6922915e-05,-0.014289787
-0.12808754,0.03777172243507287,0.02645246305629561,0.043263771197668194,-0.030709364,0.027998351,0.037565399,-0.0052926382,-0.020798622
-0.13702632,0.03332042475422923,0.018527292874070716,0.028122828271757865,-0.025710216,0.02528465,0.025314931,-0.00082988769,-0.012221253
-0.12953688,0.029345253185035645,0.02395109501888775,0.03882687037876311,-0.021226902,0.022869235,0.033724416,-0.0063803755,-0.018151596
-0.13697731,0.029003523791063027,0.020400805117862936,0.03077369659180898,-0.020041076,0.023001347,0.027759528,-0.0016038337,-0.013185474
-0.13653937,0.02975564381869896,0.026584052248582374,0.03625794990633318,-0.017488975,0.024901723,0.034085624,-0.0015502423,-0.012264009
-0.12936774,0.021168650636022572,0.01903939467161582,0.03152000017060242,-0.013211053,0.017389024,0.026974306,-0.0068021063,-0.014819871
-0.12842616,0.022515046130906425,0.029797014371398884,0.043916089201638475,-0.010913823,0.019826811,0.039946664,-0.0037824709,-0.017848805
-0.13703911,0.024687308335298565,0.0216875398799862,0.03339340914686046,-0.015649997,0.020176284,0.029882589,-0.00056658773,-0.014893946
-0.13685389,0.02415753920565939,0.022434816883633975,0.03291577133492437,-0.010252204,0.021891991,0.030062238,-0.00015766693,-0.013404663
-0.13656272,0.020747286808479787,0.021641324048064042,0.02702854367190824,-0.0091433041,0.018657928,0.026239166,-0.00084740994,-0.0064288597
-0.13710169,0.018915162071256385,0.02983302805097522,0.036168988227346516,-0.0038365447,0.018920166,0.035425745,0.0016482775,-0.0071060173
-0.13604699,0.026930823229706836,0.03665646238244692,0.04833486892384202,-0.0048767258,0.027186532,0.046048153,0.00082994945,-0.014667595
-0.1369527,0.03554702838549699,0.029447431500261276,0.037175922127471075,-0.021829458,0.029350828,0.035966996,-0.00081563735,-0.0093679838
-0.13580692,0.01678195563545867,0.03410610644815511,0.03943644839231136,-0.0034310508,0.016774857,0.038862992,-0.0051661683,-0.0042675543
-0.12822184,0.016679821714803082,0.04130961585189698,0.05223802585347561,-0.0024467327,0.017081721,0.050179727,-0.007399519,-0.012492136
-0.13666469,0.016931594699083296,0.03442169524059905,0.04178019268372722,-0.0010577014,0.017944846,0.040914815,0.0016666262,-0.0082936585
-0.13630886,0.014181464796313568,0.031634296484701174,0.04204747189619695,0.00360483,0.016936341,0.039892666,-0.0026569834,-0.013019429
-0.13042282,0.008594358561614075,0.029908892257328186,0.04892271511138763,0.0094986139,0.013368493,0.041210007,-0.016532639,-0.020538725
-0.13690764,0.011480511454592446,0.03163542859596238,0.04344346169147798,0.0078585139,0.015807714,0.04022732,-0.0088612121,-0.013804927
-0.13813825,0.007625287032591241,0.024758764950147078,0.034281565045580366,0.0082616098,0.011790655,0.031447768,-0.0084452424,-0.010721076
-0.13232207,0.005085721676711493,0.035207809252331024,0.04820964037112174,0.012439255,0.010805077,0.04190322,-0.022229541,-0.0086102895
-0.13841996,0.008437146017460886,0.04110257121444958,0.05294020734031987,0.013369999,0.014841009,0.049009148,-0.017187577,-0.010264315
-0.13832873,0.004935951990243338,0.04089349085063148,0.05126881549121223,0.014291553,0.011428627,0.042455371,-0.028363716,0.0046403157
-0.12799795,0.012443297454948819,0.0327774760631382,0.050960855124621104,0.0046989918,0.015512509,0.044908386,-0.010009915,-0.02190998
-0.1368843,0.022533616778329178,0.04123607515705523,0.05450400370825068,0.0060604881,0.027052153,0.051877785,-0.0010655158,-0.016680723
-0.12736771,0.023282158024423023,0.0551417545105447,0.07335639937516591,0.0030582498,0.026590964,0.069327086,-0.0090600234,-0.02219983
-0.10476054,0.03720890030232726,0.04353492375509049,0.06881946755829432,-0.03002049,0.027679333,0.060853094,-0.0035697713,-0.031941772
-0.11309806,0.03736097275423318,0.03829534554335283,0.06269846146844325,-0.028674416,0.028415913,0.05461834,-0.0027742952,-0.030663289
-0.12107251,0.03929020617671151,0.032226532001492995,0.05133865248163391,-0.032145917,0.029038191,0.045259465,-0.0020384884,-0.024147104
-0.11819806,0.03828032171527125,0.041370177911713164,0.061773079225319216,-0.028767699,0.029375061,0.055955231,-0.0034448202,-0.025943374
-0.1102289,0.03343948004314751,0.040141103372624574,0.061911638837291436,-0.023959165,0.026157264,0.055227038,-0.0058069229,-0.027373435
-0.10571343,0.033621430871428465,0.04839228657246525,0.06825132564657047,-0.022688666,0.026894223,0.063243575,-0.0051359013,-0.025141921
-0.11469005,0.031805327775483026,0.034661444764219264,0.05557650465750262,-0.023364943,0.024634218,0.048680183,-0.0066582565,-0.025974127
-0.12082017,0.0335115734450715,0.037623127624177036,0.053495292085042105,-0.023059784,0.026617348,0.049410932,-0.0039572795,-0.020115815
-0.11284404,0.027269605620226216,0.041221782899636024,0.062489531197794185,-0.018757332,0.021662604,0.056126077,-0.0063674659,-0.02672565
-0.122973,0.02936846138641295,0.037285270342517246,0.0523479579811743,-0.018563367,0.024025051,0.048634209,-0.0028766342,-0.01915065
-0.119194,0.02743807512000884,0.03854130157266006,0.057212650749692624,-0.017821537,0.022242844,0.051961169,-0.0028505307,-0.02377391
-0.10678433,0.024533433218134962,0.04236256176669351,0.06498903916745341,-0.014207893,0.020621257,0.057895366,-0.0094416151,-0.027974233
-0.12598504,0.027238447047740245,0.037313232613764895,0.05274052716519587,-0.015444946,0.023034779,0.048851535,-0.0033586535,-0.019591074
-0.11704545,0.024758667036140138,0.03861873413822995,0.056320336674840085,-0.013386808,0.021214472,0.051361211,-0.0065450533,-0.022162324
-0.10780304,0.019724545666344896,0.04888148093619546,0.05824469665096955,-0.0075822328,0.018209498,0.057230514,-0.0047493167,-0.0097240396
-0.11442924,0.020861690528687794,0.0399703603237868,0.05081391513811181,-0.0085355099,0.019040205,0.048712838,-0.0073323911,-0.012463925
-0.11482134,0.017821711214245334,0.05107777695875684,0.060287609281295194,-0.006101158,0.016771013,0.059018604,-0.0090693031,-0.008315525
-0.12026832,0.019401101760154228,0.04000740142540001,0.047729469288896785,-0.0074429368,0.017917249,0.04594402,-0.01153565,-0.0058461991
-0.11288326,0.02751661898800837,0.055466285481291316,0.06943703544678859,-0.010058167,0.025623526,0.067231938,-0.0055957008,-0.016433397
-0.10527598,0.028351028128453446,0.04313676600134473,0.06703620913152267,-0.019064626,0.02270698,0.059527904,-0.0077412133,-0.029838827
-0.10534265,0.018957988086871134,0.06123013810925033,0.073643731252223,-0.0031044553,0.019277444,0.071832739,-0.010328968,-0.01252075
-0.12148758,0.020283053581210127,0.05398108092120148,0.0660327033113568,-0.0025316596,0.02096008,0.064275004,-0.0072795362,-0.013268388
-0.12351148,0.01639033114418253,0.04962658297366948,0.05980263823291983,-0.002235879,0.016856732,0.058473989,-0.006454458,-0.01074654
-0.11007461,0.01543306607409612,0.057446607873155864,0.07013206575363624,-0.00058337144,0.016518245,0.06797713,-0.011201044,-0.013120711
-0.1120002,0.017131655901690364,0.05558505412776033,0.0716485117120041,0.0034918746,0.020093365,0.06786757,-0.014723961,-0.017626887
-0.12044837,0.01167527651000767,0.037373530952943934,0.05618652321559948,0.0044400613,0.014568252,0.050323926,-0.0099883173,-0.022905488
-0.11015124,0.010597172344803838,0.03694014358307102,0.05980768292225784,0.0058326637,0.013988167,0.051129956,-0.017063841,-0.025913546
-0.12464986,0.019826424367840573,0.06099752910130312,0.08105846846849693,0.008388604,0.025099393,0.076511271,-0.011569692,-0.024137998
-0.1082904,0.011992932353442093,0.04640672705387348,0.0666942769879533,0.007924688,0.016392477,0.060571965,-0.014371336,-0.023929654
-0.11947378,0.01417298666626746,0.060893118706586,0.0776997249494191,0.011648196,0.020341337,0.073105544,-0.020602487,-0.016381826
-0.11662446,0.009737834837997289,0.03430072538389739,0.058625990269156,0.0092075523,0.014487172,0.048982233,-0.016598074,-0.027608903
-0.12499526,0.008091494613459808,0.02883824495398584,0.04604026948366556,0.0082830423,0.012306222,0.040050589,-0.009667485,-0.02054742
-0.10960604,0.006384141205995509,0.03827335338013501,0.05675591760556527,0.011219596,0.011697914,0.04981624,-0.019051583,-0.019406535
-0.11777509,0.006734838330386918,0.03942220631775122,0.05774319088372713,0.01163071,0.012253405,0.051297151,-0.017454892,-0.019955078
-0.12355772,0.004394304618119228,0.0475461470693925,0.05867862409165514,0.014231967,0.01081491,0.054609515,-0.020308727,-0.0069668791
-0.11594074,0.0211881436247488,0.06798338423420679,0.08982372827757244,0.0084427819,0.026601708,0.084616221,-0.01629773,-0.025353132
-0.12063701,0.023377107005356865,0.0635237974889921,0.08294327514563667,0.0047183558,0.027398786,0.078937225,-0.010075566,-0.023387697
-0.11208479,0.022727868718326088,0.06722321331568165,0.08879970179841104,0.0056759291,0.027099945,0.083851047,-0.01429485,-0.025496004
-0.096798867,0.03356760023862907,0.04135153733088825,0.06621650906265578,-0.026057661,0.02540569,0.058157712,-0.0054887719,-0.031179801
-0.086648889,0.03703694935891425,0.04910027115927988,0.0778561991904687,-0.028747063,0.02803307,0.068703368,-0.0056162565,-0.036192439
-0.093242489,0.038087413062210466,0.04539949337884998,0.07587454726255877,-0.030528639,0.028418018,0.065454923,-0.0052691419,-0.038011
-0.089398667,0.03333733251869103,0.04359624374213146,0.07194962124003826,-0.025205392,0.025517303,0.062332962,-0.0068770112,-0.035271186
-0.086778387,0.030565196339254547,0.04642887662608333,0.07362873584015138,-0.021784982,0.023957642,0.064979918,-0.0050227395,-0.034257453
-0.093412369,0.03127868348346991,0.04765346900528597,0.07092472359091472,-0.020959103,0.025083311,0.064301558,-0.0048874053,-0.029525232
-0.10036296,0.030915532012970672,0.055532351801366245,0.07397593099410892,-0.018907428,0.025559682,0.070114352,-0.0049889549,-0.023054855
-0.084019452,0.02916897533415072,0.0692360521086012,0.08486963758840067,-0.01422254,0.025650909,0.082696781,-0.007310824,-0.017625256
-0.092856847,0.027458506434232612,0.04991702129468992,0.07374047335224494,-0.016106099,0.0229932,0.067063071,-0.005086808,-0.030237829
-0.099059209,0.025717187809721334,0.04551192613489112,0.07169240960415814,-0.015829735,0.02121881,0.063362338,-0.0070432047,-0.032793429
-0.0842392,0.024530616087692258,0.046726818332291226,0.06979766707536485,-0.015019502,0.020273689,0.063117594,-0.0063744085,-0.029107569
-0.090912439,0.0232840398657917,0.04581239984358661,0.06749327864526997,-0.011493003,0.020416368,0.061289888,-0.0078868251,-0.027142039
-0.096296802,0.022015111830169815,0.04193584406684099,0.05978086833272557,-0.01198543,0.018828832,0.054803155,-0.0097944317,-0.021781541
-0.10348007,0.021712209220363425,0.040495781311778334,0.05745312885424986,-0.011417426,0.018740874,0.053009961,-0.0062895147,-0.0212426
-0.087676406,0.020416407779597627,0.05058630761504411,0.06322176610247851,-0.008528851,0.018559294,0.061234813,-0.0053305663,-0.014794406
-0.090046324,0.018133158860446696,0.06620003596509062,0.07557904545646985,-0.0047980333,0.017662501,0.074745342,-0.008996184,-0.0066629299
-0.097144373,0.01801914055310808,0.05798999398248083,0.06801007353052768,-0.0053671272,0.01729707,0.066569999,-0.011090205,-0.0084150275
-0.09945327,0.019323795912334518,0.06260712724873098,0.07570893890567637,-0.003533772,0.019492609,0.073576748,-0.012106122,-0.013105243
-0.096369267,0.02583109253147359,0.07244522793651237,0.09494392495909727,-0.00073863612,0.027748343,0.090466283,-0.0078762379,-0.027715797
-0.084262922,0.015446853157519985,0.06313507213861766,0.07693873286187856,-0.00077262823,0.016452888,0.074783571,-0.010672807,-0.014597168
-0.10358506,0.0242849369352389,0.07145235354824671,0.09441657710110272,0.0018190284,0.027154325,0.089370452,-0.012707987,-0.027675249
-0.090265729,0.01438337970062678,0.056110445616022735,0.07323798024646518,0.0020586173,0.016499365,0.069620423,-0.010008018,-0.020411713
-0.085681804,0.023523987538571895,0.07825476934586466,0.09974158017811717,0.003874416,0.02720012,0.095844686,-0.010535835,-0.025518134
-0.08677417,0.020975592631178198,0.07236761109981099,0.09399305303374379,0.0036923257,0.024354352,0.089536175,-0.012501282,-0.025723245
-0.095131591,0.013588809351247741,0.05135573415480181,0.06988155708241371,0.0025957157,0.01586416,0.065180317,-0.012068701,-0.022120234
-0.10212676,0.013303423401486094,0.04720091210519557,0.06742338044628383,0.003192201,0.015807321,0.061436027,-0.014097976,-0.023932695
-0.099755839,0.020523631155488345,0.07485211641967163,0.09603576439160594,0.0078481436,0.025627399,0.091679446,-0.014889937,-0.024413869
-0.096547961,0.009956968142307515,0.03553189980321752,0.05891113621901721,0.0066558821,0.01364211,0.050195996,-0.014305372,-0.027317399
-0.091127001,0.01622804640754997,0.07329622108655079,0.09074853307883139,0.011033937,0.022313135,0.087511852,-0.015226398,-0.018577643
-0.10203186,0.014801552221520447,0.06856703866448643,0.08354536252516633,0.011333999,0.020890817,0.080880485,-0.014540121,-0.01505854
-0.088184603,0.009226165286408329,0.042105363526991346,0.06371750356305078,0.010433876,0.014451858,0.056865867,-0.011805912,-0.026207134
-0.10072428,0.007167544973352228,0.041185712078232906,0.05678580302543544,0.010925056,0.012423948,0.051766392,-0.016463855,-0.016547192
-0.090873599,0.005640220179541573,0.051521829937215435,0.0640491044565487,0.012943798,0.011621628,0.06143374,-0.012750621,-0.012868762
-0.094410047,0.005109536615313084,0.03731314515522827,0.04848048561519318,0.011807487,0.010562779,0.045034919,-0.014486386,-0.010599914
-0.10349178,0.004844602034898226,0.04928050072184568,0.059864304002896294,0.013225313,0.010876796,0.056232866,-0.019525502,-0.006352515
-0.084154569,0.00954238422454296,0.03706798807000139,0.061618246323021764,0.0067870431,0.013247397,0.0528902,-0.010741051,-0.029733228
-0.083681002,0.004206213853473471,0.061888278810402333,0.07147010089050827,0.016032567,0.011374885,0.069592588,-0.015295281,-0.0055589024
-0.094132289,0.02281786557758763,0.07976866972432219,0.10128877268095585,0.0067167352,0.02763951,0.097247794,-0.013409832,-0.024949117
-0.088895224,0.028233105437478586,0.07567783631544459,0.09889096223716928,-0.0031056968,0.029353037,0.094269216,-0.009277923,-0.028401716
-0.079786628,0.03505131889435216,0.049211568753317586,0.07658663122444583,-0.027271029,0.026502499,0.068102859,-0.0061443984,-0.034492884
-0.06208884,0.03465858938567543,0.05281555859137081,0.08362617011179731,-0.026813384,0.026270112,0.073949188,0.00074534788,-0.039042264
-0.06869781,0.037163860730576544,0.05710523776115056,0.0869579861986639,-0.028427726,0.028306492,0.07817179,-0.0024472147,-0.038011495
-0.060991012,0.03781518025562123,0.0596000035670777,0.0932545401723402,-0.028489133,0.028987994,0.082886621,-0.00012710567,-0.042734075
-0.074163847,0.03477101830984841,0.05394664138111546,0.07975183249403735,-0.02569991,0.026864892,0.072527833,-0.0049290364,-0.032798976
-0.081537537,0.03365041136692166,0.05348335179507234,0.0803548107822336,-0.024032744,0.026355179,0.072524168,-0.0065398249,-0.033976041
-0.068775825,0.03229394502061049,0.0500535480084822,0.07557670022872434,-0.02313371,0.025263185,0.068196118,-0.001059633,-0.032557707
-0.073471755,0.02868209866200465,0.05100596475339428,0.07662413807431645,-0.020079633,0.022635797,0.06919083,-0.0054775677,-0.032463577
-0.06806621,0.0278250942909815,0.05382375462405048,0.08183783523903143,-0.01875213,0.022268273,0.073625483,-0.0015078642,-0.035699382
-0.077507913,0.029106969065764224,0.05445167577673157,0.07940323414564468,-0.018202486,0.023894161,0.072533734,-0.0070851343,-0.031520341
-0.062025648,0.027888854215803224,0.07789404523111369,0.09221589211227683,-0.011201857,0.02554244,0.090688385,-0.0086644879,-0.014293853
-0.066068441,0.023633441003425397,0.048594879169781204,0.07347267266770599,-0.013528906,0.019931754,0.066168457,-0.0051803268,-0.031514015
-0.079667874,0.02282727415233775,0.04330289847274921,0.06495306599221821,-0.013608068,0.019022364,0.058626723,-0.0060853604,-0.027290594
-0.075342447,0.02358550025553219,0.05315786938009065,0.07497553454071226,-0.01074108,0.021063035,0.069506839,-0.0047752596,-0.027700668
-0.070961259,0.022639293287243997,0.047063740641612894,0.06881565771636351,-0.011686576,0.019633774,0.062872298,-0.0041453363,-0.027667401
-0.061308224,0.021344988667457127,0.03990935941439264,0.055650593769565763,-0.011435769,0.018334154,0.051647145,-0.0069303103,-0.019532839
-0.081802644,0.019554867441660215,0.04695530394339763,0.05951251196996249,-0.0083466275,0.0177007,0.057391532,-0.0046860008,-0.015033048
-0.067431301,0.020146199700415833,0.055319799269000935,0.06883365192065379,-0.0066761584,0.019052172,0.066541329,-0.0089359097,-0.015181327
-0.076364897,0.019503388669373557,0.06213544780683456,0.07524936349077532,-0.0049316487,0.019094348,0.073474713,-0.0081185643,-0.014072035
-0.062424075,0.03276544698094219,0.08069925201666914,0.09664831023384231,-0.017456464,0.028185254,0.094842374,-0.0077580726,-0.016900659
-0.068537511,0.01728043118239332,0.0643354493081661,0.07648136853556332,-0.0029383551,0.017525518,0.074914448,-0.0098588392,-0.011833364
-0.065517046,0.015282948118706502,0.06533664060627356,0.07913871261287905,-0.0011981118,0.016094221,0.077361144,-0.00722053,-0.015035065
-0.074203387,0.02600536276102107,0.07971449395297582,0.10435031823017432,-9.8947457e-05,0.028209195,0.099331677,-0.011062615,-0.02999709
-0.073965192,0.015593336359813928,0.061251838960029115,0.07720756986347294,-0.00040849013,0.016766589,0.074423544,-0.0087946523,-0.018568765
-0.07836929,0.023983710225870408,0.082060691712414,0.1054946991405874,0.0030004878,0.027328584,0.10116646,-0.009630342,-0.028314933
-0.07952556,0.015894114064249912,0.06007171235943592,0.07789089287397905,0.0016011792,0.017946396,0.07411664,-0.011761076,-0.020866048
-0.070126869,0.011172186284132227,0.041762782751067956,0.07071708287898876,0.0051936591,0.014341598,0.060450498,-0.0091842273,-0.035528764
-0.078422852,0.011691049539000381,0.04389101735429916,0.07201003142701455,0.0053524966,0.014972693,0.062285542,-0.011056582,-0.034405056
-0.062044337,0.01244074059571417,0.05124647630703369,0.07388707654371572,0.0058973236,0.016018393,0.067447431,-0.011857053,-0.027740844
-0.06957908,0.01792071341998244,0.07588589093726673,0.0974464030028586,0.0085964464,0.023117328,0.092974067,-0.015352139,-0.024818061
-0.067324214,0.008313817369264022,0.036418994703717344,0.06076277589982974,0.0094275186,0.013033546,0.052228741,-0.008607707,-0.0298359
-0.07661064,0.009039179857706647,0.04271628309087303,0.06608824260867553,0.010009242,0.014068478,0.058682669,-0.0093497848,-0.028923722
-0.071586058,0.006087456196545338,0.038213036978617665,0.0529191726028126,0.011614003,0.011543023,0.049024552,-0.0091591859,-0.017695803
-0.080993436,0.005991176311260387,0.049862004935662285,0.06267801725517262,0.013183782,0.01210476,0.059918657,-0.012440058,-0.013547448
-0.063757464,0.0052873226561968864,0.06414421010867233,0.07284162688017833,0.016111286,0.012582773,0.072378717,-0.0051878886,-0.0063489955
-0.065801181,0.003133606701926561,0.05982520707813534,0.06723720924780409,0.016759008,0.010518003,0.066502742,-0.0092496527,-0.0035597105
-0.076319866,0.0035775897941017756,0.06459959637154766,0.07093812871265963,0.016991621,0.011099067,0.070015192,-0.011399258,0.00038459265
-0.068137847,0.020487993141035922,0.0795732860538424,0.10394849239683313,0.0082657225,0.025765935,0.098657653,-0.015627224,-0.028770583
-0.060832407,0.022908933497339683,0.08491681504074346,0.1097629596240879,0.0067180484,0.027739,0.10503793,-0.010362115,-0.030125855
-0.068775296,0.025109399589313613,0.08306995807504698,0.10764433037597178,0.0016606125,0.027982745,0.10277916,-0.012314812,-0.029531196
-0.039673306,0.037487478108284275,0.05629095549986674,0.08747462532563963,-0.028173869,0.028765813,0.077918313,-0.0045197289,-0.039498337
-0.05045414,0.0391953992936723,0.05358503148737971,0.08774829693415208,-0.032003712,0.028995559,0.076410376,-0.004825253,-0.042871144
-0.043314032,0.03410935182213887,0.053026526260678664,0.08066826176900303,-0.025534121,0.026216457,0.072405614,-0.0070117377,-0.034865901
-0.055917382,0.03240409112721163,0.05254461855787995,0.07909685674515825,-0.022773044,0.025535937,0.071262464,-0.0078741759,-0.033406157
-0.048760425,0.03374060541058535,0.06810833316615097,0.09068238054442573,-0.022020048,0.027307501,0.085919358,-0.0071665817,-0.028103348
-0.048886269,0.029412502840070437,0.05049535909154131,0.07560662383953891,-0.021551054,0.022804698,0.068104662,-0.010195957,-0.031211521
-0.041883536,0.028814328173017854,0.0558354275560373,0.0820110542030634,-0.020096291,0.022772375,0.074790716,-0.0048515149,-0.033296015
-0.060039535,0.02837032413822584,0.04803846422406065,0.07490179150619315,-0.020593766,0.022078861,0.06661547,-0.0041544498,-0.033991147
-0.053447291,0.028014643121099782,0.05598458533824531,0.08761252433748874,-0.017624356,0.022952903,0.077620983,-0.0091763493,-0.039581966
-0.047000844,0.025424186819775034,0.0555105113758986,0.08066189891985963,-0.016035503,0.020813162,0.073673032,-0.0093125869,-0.031494476
-0.055340122,0.02376233663072746,0.048385759742624476,0.0736211548566189,-0.013725071,0.019988514,0.065902919,-0.0094569614,-0.031423647
-0.043943916,0.023760979335777234,0.051434512234005594,0.06998248587729927,-0.010053521,0.02154552,0.065674067,-0.0071899155,-0.023081819
-0.05134546,0.025496277312948384,0.08007966644946736,0.0937266020947024,-0.0071664262,0.024656178,0.092310905,-0.010322657,-0.0125226
-0.059231102,0.020556186200373555,0.06824451149423251,0.08254668420776345,-0.0051377611,0.020150576,0.080522597,-0.01019015,-0.015040854
-0.051766679,0.019942961515637903,0.046531584862296194,0.057668821945974384,-0.0082587684,0.018159604,0.055456892,-0.010798073,-0.011559748
-0.044082906,0.01940240668214548,0.05414110313774073,0.06575921565001594,-0.0074725254,0.017906107,0.064349368,-0.0036806609,-0.013034033
-0.055741105,0.01786142721266603,0.06052580041750879,0.07178923899481737,-0.005176554,0.01720663,0.070511557,-0.0074921222,-0.011210855
-0.048006363,0.01744058492243203,0.06770812381781979,0.07813204632237018,-0.0047126245,0.01694637,0.077177346,-0.0086871563,-0.008532716
-0.038394872,0.023168197346001517,0.045914527726368164,0.06550635689498137,-0.013243197,0.019547608,0.060317438,-0.0069451733,-0.024589714
-0.041759085,0.0298117685989664,0.08258060103084093,0.10382483898289752,-0.0084165987,0.02881369,0.10053609,-0.0046775131,-0.025499268
-0.055947125,0.025533631883995263,0.08383535148462688,0.10658788072671307,-0.001065208,0.027286572,0.10265125,-0.0089437477,-0.027270984
-0.042469192,0.015638086148371852,0.06522968294283235,0.07773321716411258,-0.00020065777,0.016903423,0.076445848,-0.0050494671,-0.0131525
-0.039816137,0.018766046417346093,0.07249333090039531,0.08532489630833363,0.0010765438,0.020843655,0.084145769,-0.0062027625,-0.012702489
-0.058214828,0.015516279522557012,0.06279700354104022,0.0782030586289333,0.0019465577,0.017682536,0.07581953,-0.0068265256,-0.017902955
-0.051223192,0.014381788532090833,0.059101548069976834,0.07370310646099469,0.0039232075,0.017289108,0.071362644,-0.0074315607,-0.016860986
-0.042269744,0.01172112370023516,0.04574010136579518,0.06963413806365934,0.0048129372,0.014776335,0.062497437,-0.0057132486,-0.03017188
-0.04950089,0.011619426697163211,0.04701984018841421,0.06888819672065467,0.0052665886,0.014858419,0.062792145,-0.006439792,-0.027590927
-0.057067852,0.01052605671609491,0.042660042258707634,0.06726283720388077,0.005846804,0.013916912,0.059445664,-0.0061517488,-0.030865163
-0.05441824,0.017408304681501965,0.0765057000103323,0.09607669067922842,0.009504756,0.022946222,0.092814021,-0.0096927313,-0.022854736
-0.05972838,0.006994624926819264,0.03738875270239694,0.0568603468976037,0.010331241,0.011984035,0.050764106,-0.0092046643,-0.02390353
-0.046044037,0.007417279138934788,0.03813149528942503,0.056063054628420636,0.010039799,0.01231948,0.05094466,-0.0066853007,-0.022427984
-0.054397464,0.006629292753636934,0.04455185372142382,0.059594135127665766,0.012003327,0.012296911,0.056230187,-0.0070206132,-0.018448252
-0.042167939,0.006152032987297962,0.03825188619770253,0.05201786480803982,0.011028002,0.011364434,0.048980337,0.00089853542,-0.017492212
-0.052846488,0.004381464942872853,0.04968589826680487,0.05876128990985839,0.013818608,0.010625501,0.057869397,-0.0044638282,-0.0091704046
-0.044789039,0.004012239879556952,0.06269195924628046,0.0675918294409197,0.016113035,0.011198316,0.067301974,-0.0059591355,0.0018943091
-0.048499923,0.019189533641285665,0.07944796787623762,0.1030954726262885,0.010628296,0.025358193,0.098433129,-0.011125956,-0.028562365
-0.042122968,0.02173206674493985,0.07995714707518045,0.10334700059157768,0.0062457151,0.026260005,0.099020071,-0.0074340892,-0.028641969
-0.022759318,0.03594384367466418,0.050755391290051854,0.08310250674927025,-0.028455077,0.026969504,0.07241118,-0.0026165266,-0.04069154
-0.033496346,0.038769236101338714,0.049024527339132415,0.08210813048408007,-0.032369263,0.028377425,0.070824884,-0.0035948821,-0.041384269
-0.016510535,0.03741717331905282,0.0616709782520614,0.09078421287073692,-0.026980596,0.029195951,0.082758352,-0.0037510018,-0.037131637
-0.037373185,0.03246944280475068,0.049589466385731855,0.07772551113880309,-0.023966249,0.025100447,0.068978526,-0.0040822211,-0.035588671
-0.029641578,0.033643066317864144,0.05497002021849775,0.0828599583268929,-0.023705421,0.02648614,0.074722387,-0.0057204324,-0.035349883
-0.01935968,0.03233039489101197,0.0562707929045106,0.08182791075332772,-0.021827653,0.025857171,0.074990809,-0.0024404717,-0.032653172
-0.033109076,0.030613927199319088,0.052828673762827544,0.08020748806066066,-0.021505555,0.024129191,0.072099999,-0.0058352924,-0.034652282
-0.026376119,0.03102291979741896,0.0514451760775979,0.07849904128465196,-0.02141658,0.024611272,0.070429601,-0.0053075049,-0.034257863
-0.023157878,0.02842575296305122,0.05159988512896328,0.08012294909549998,-0.018818475,0.022892643,0.071416304,-0.0031527623,-0.036186442
-0.035662703,0.026927825218597247,0.054220806998840416,0.08022322628605257,-0.017368268,0.02188093,0.07287699,-0.0064025661,-0.032919865
-0.021706358,0.02516661481472128,0.050791243913229416,0.07870846552841375,-0.016525704,0.020325268,0.070243567,0.0010469808,-0.035493206
-0.027037987,0.024829994171302598,0.05685912203249158,0.07614120910987793,-0.011918563,0.021915192,0.072113901,-0.0017825729,-0.024369888
-0.034106053,0.022317766218050816,0.0518995947865631,0.07054990893525,-0.0099695642,0.020013308,0.066206962,-0.0076253787,-0.023146953
-0.030965576,0.02017067209182183,0.05126597664359094,0.06504443562474958,-0.0091561638,0.018026058,0.062647253,-0.0061413692,-0.016382426
-0.025612976,0.01949843034771783,0.04546223995656379,0.05711208895673814,-0.0093662804,0.017206572,0.055346064,-0.0012690647,-0.014035433
-0.019380745,0.019983820433036138,0.05418645998833934,0.06616047048588453,-0.0084204329,0.018135369,0.064676099,-0.0026186756,-0.013687681
-0.036963992,0.019245259519706688,0.06312158422632816,0.07561602544399149,-0.0065612029,0.018122222,0.074254729,-0.0049838247,-0.013385814
-0.031797014,0.03036730464934026,0.08094738130882503,0.09861348152288182,-0.01201429,0.027890073,0.096450545,-0.0044428376,-0.020054234
-0.016164247,0.027711967103628554,0.07943678331496035,0.0960867669945713,-0.009050848,0.026263326,0.094236322,-0.0015314487,-0.018703932
-0.016081629,0.018492636676667666,0.0727764002497601,0.0821245318366751,-0.0039105895,0.018429721,0.081781991,-0.0038814098,-0.0064093163
-0.024412749,0.023712347805654396,0.07859669295782912,0.09687894521317594,-0.0025341294,0.024684481,0.09441933,-0.004178978,-0.021285119
-0.025612714,0.016903787406526156,0.06731782405448962,0.07948370463511732,-0.0011329338,0.017882703,0.07838431,-0.0045185848,-0.012375041
-0.03144652,0.015604063520906404,0.061515635392083656,0.07521619794736986,0.00019431698,0.017034119,0.073372275,-0.0060251108,-0.015416995
-0.022543686,0.014788864272735264,0.06168554203682073,0.0768286143392062,0.00042655729,0.016247099,0.074663192,-0.0017894591,-0.018023362
-0.03218006,0.019929226690448228,0.0769229850645493,0.09661841284850078,0.0046039051,0.023604564,0.093575403,-0.0047668247,-0.02358048
-0.016561186,0.013494224798429644,0.05254138529591935,0.07151679158805829,0.0027683924,0.015834704,0.067278579,-0.0032942481,-0.024028987
-0.0354205,0.013187016295061752,0.05199938201020382,0.0728248571030385,0.0033168658,0.015733778,0.067610763,-0.0067728776,-0.026198715
-0.01905852,0.01572493991226362,0.07337189318697797,0.08840960507877531,0.0077682096,0.020380361,0.08667931,-0.0057665193,-0.016422629
-0.030161994,0.010978265939703195,0.042464201989115054,0.06791684746675944,0.006316226,0.014607432,0.05956604,-0.0079287263,-0.031649966
-0.026907304,0.00907637724455953,0.03365691763838945,0.05747570798613305,0.0072633694,0.012943334,0.04912677,-0.0037454637,-0.029597111
-0.037158292,0.007969947192207227,0.03814042447364244,0.06093710662678125,0.0089409407,0.012453439,0.053620715,-0.0037300447,-0.028709522
-0.020472482,0.00847209346854456,0.030775827514620685,0.0532849706975142,0.0082423296,0.012702408,0.045325257,-0.00027356582,-0.028014895
-0.036143433,0.010458689559102678,0.07303007372311901,0.08307277112852321,0.013473591,0.017081106,0.082491286,-0.0064071869,-0.0074310829
-0.028549191,0.005943684022318041,0.047042052829842834,0.06004190959228858,0.012188005,0.011630484,0.057072461,-0.012251525,-0.014059347
-0.023823643,0.00459617691493683,0.044439039912849726,0.05287715036019054,0.012995142,0.010509215,0.052025758,-0.0033630293,-0.0088319629
-0.018038696,0.005097819719529988,0.049689369182069267,0.058063362334481956,0.014052708,0.01150309,0.057469316,-0.0010392172,-0.0082189897
-0.017632984,0.0208934267899276,0.08389457386637078,0.10711134985423684,0.0091064507,0.02656325,0.10320344,-0.0037653856,-0.028420294
-0.026985919,0.020818163588726315,0.083649701841852,0.1068139887352779,0.0099684829,0.026847398,0.10286202,-0.0055664289,-0.028242661
-0.033022895,0.02396508724060707,0.08763746599045476,0.11109664004548647,0.0055313241,0.028382629,0.10723425,-0.0063473312,-0.028337086
-0.0062857219,0.034133345314882296,0.04790112004232715,0.07784729546276763,-0.026644723,0.0257711,0.068070479,7.2369367e-05,-0.037770439
0.0032963052,0.03569900272654058,0.05320097508681734,0.08145533080314722,-0.027153637,0.027255947,0.073024884,-0.0038835304,-0.035878342
-0.0069314232,0.03815422430464601,0.053055829769010354,0.08702891738213976,-0.03066019,0.028434759,0.075791784,0.00071917404,-0.042768221
-0.014199158,0.03353765049794765,0.05182353324893872,0.080753120403919,-0.024666075,0.025963847,0.071896106,-0.0013657936,-0.036744401
-0.0021734226,0.032964732678020914,0.05115735266365924,0.07698458083964986,-0.023521036,0.025827492,0.069568649,-0.00023964963,-0.032966215
0.0014168449,0.02951933892041457,0.04664280032470646,0.07130585744074949,-0.021543229,0.022924082,0.064007759,-0.00057872455,-0.031419694
-0.0094608022,0.03141926361712228,0.06304529249431652,0.08442760275784497,-0.020063108,0.025616359,0.079974256,0.00037715555,-0.027055429
-0.015108727,0.02873639287823866,0.057228586439516504,0.08522911149368728,-0.018108018,0.023531681,0.077353172,-0.0010913212,-0.035767265
-0.0069283079,0.027791561562202104,0.05328733712113305,0.08074693683440494,-0.018753992,0.022231054,0.072734319,0.0025866614,-0.034972787
0.0017880839,0.02879250947663311,0.057460924998258146,0.08241388737395282,-0.017986491,0.023644229,0.075963214,-0.0020371333,-0.031898104
-0.0098786335,0.024336786013455743,0.047984160143776926,0.07348049314631182,-0.014312583,0.020363189,0.065913722,-0.00011936131,-0.032476913
-0.0023837378,0.028517801421575638,0.08474778406310303,0.09947604103277492,-0.0094922958,0.026951369,0.09836366,-6.3219818e-07,-0.014834862
-0.015862908,0.022609385575847428,0.04619849824427508,0.06616497202031714,-0.011929734,0.019498069,0.061026249,-0.0012948083,-0.025532801
0.0025784557,0.022385450746549893,0.04585271880027862,0.06127613855372978,-0.012467547,0.019026507,0.058028787,-0.0035725913,-0.019356178
-0.003004038,0.022867250406599482,0.04842594430327113,0.06719956934237191,-0.011225914,0.020076957,0.062777616,0.00087457953,-0.02395805
-0.0073778848,0.020914574978842027,0.05113548881625405,0.06677813510786652,-0.0091726845,0.018827192,0.063846767,0.0010048224,-0.019542262
-0.010682451,0.019179930527793602,0.059768041716138046,0.07110335264278962,-0.0070920805,0.017825907,0.070054993,-0.0014794988,-0.012074593
-0.00037682673,0.018382440267715995,0.06181130124623314,0.07153654152734674,-0.0064553223,0.017229833,0.070925444,-0.0028143763,-0.0088959234
-0.010761221,0.016345615295120255,0.06937419179058688,0.08079598789292651,-0.001757145,0.017011365,0.080037691,0.00089399319,-0.011007291
0.0019296028,0.016036411636341535,0.06893123090378125,0.08084517057817683,-0.0016057141,0.016739737,0.079956166,0.00042055367,-0.011948902
-0.0017836753,0.021655038539996358,0.07524048598088162,0.09129599684009795,0.00037800631,0.02368563,0.089458674,0.001139136,-0.018188102
-0.0017412126,0.014249578081376125,0.05548996249725889,0.07359685168975068,0.0018989159,0.016286219,0.069968395,0.00043726599,-0.022819489
-0.0050004963,0.012990989573618938,0.04810901947063961,0.0698851561182811,0.0038781539,0.015759075,0.06409023,-0.00033953643,-0.027861482
-0.0089959726,0.01808798485213479,0.08086997908357667,0.09608636415993323,0.0064133462,0.022372374,0.094710082,-0.0013041595,-0.016152056
-0.012641313,0.01128833031688987,0.0411567448218893,0.06700155035599879,0.006614367,0.015070827,0.058514845,-0.0027731971,-0.032519687
0.0027824265,0.012140786180038228,0.05026895063574252,0.0683796941531847,0.0079531949,0.0165652,0.064385206,0.00013011422,-0.02302848
-0.0045206789,0.009638806533345702,0.04039583219491644,0.06464211381469402,0.0093061151,0.014421429,0.056902021,-0.00051590981,-0.030667519
-0.012916639,0.007325139657043711,0.02885652118713447,0.051780170507681605,0.0087154582,0.011657234,0.04336166,6.0289032e-05,-0.02830104
-0.0057695112,0.00774694437465675,0.033786428071785744,0.055511441311113796,0.0096594272,0.012516157,0.048293356,-0.0019643852,-0.027302254
0.0025337928,0.007811839305247092,0.06016683457128008,0.07354320412067498,0.013248259,0.014110025,0.07188382,0.0023055901,-0.015362407
-0.0026301774,0.004934531617467511,0.05275508135285969,0.06321495675797,0.015052312,0.011750007,0.062166162,0.0008196407,-0.011437974
-0.01066171,0.004415142519466147,0.05408529035579051,0.06170009291486643,0.015822211,0.011512566,0.061069675,-0.0069057494,-0.0054504024
0.0058891121,0.0025918456374390397,0.049980237435600004,0.059318217711170594,0.016282214,0.0097270682,0.058448207,0.0026069363,-0.0097806919
-0.0056929621,0.02209142108456362,0.08952593222201567,0.11133259165143987,0.0080875056,0.027432187,0.10826818,-0.00028018685,-0.025939712
-0.010370254,0.0263445186872324,0.0824242214117124,0.10668626496423728,0.00044656533,0.028809197,0.10233492,-0.0011261873,-0.030137269
0.0030673237,0.025219437865295742,0.0880161277147687,0.110724068003618,0.0038163017,0.029017322,0.10725838,0.0018270997,-0.027424822
-0.0040850341,0.025439355299572308,0.08989897705322519,0.11196772112836077,0.0035798976,0.029155884,0.10883135,0.00044846098,-0.026311722
0.017146109,0.0355069396916715,0.05442771797925205,0.08363571475366696,-0.026636858,0.027266657,0.074875325,0.0035141911,-0.037098099
0.013097332,0.03641546028441059,0.057520006674324,0.08482216918062363,-0.02758191,0.027852487,0.077287398,0.0024056614,-0.034866478
0.022926588,0.03832524086078894,0.054278476642162274,0.08781102865258894,-0.030934693,0.028504025,0.076934159,0.00022887756,-0.042330362
0.0071676015,0.03838433768869111,0.05866140851473005,0.087755729788742,-0.029470725,0.029189643,0.079477385,-0.0027684551,-0.037104569
0.019809911,0.03326005924528927,0.04744684264467048,0.07850834579765922,-0.024966566,0.025534732,0.068103284,0.0019222682,-0.039010357
0.010289024,0.033157147363121676,0.05070931544748356,0.0778723895213456,-0.024739819,0.025519181,0.069764495,0.0012824294,-0.034574263
0.027335141,0.033543112472612865,0.059901208510469546,0.08290928497433105,-0.022187661,0.027021805,0.077424303,0.0057376237,-0.029094785
0.024255067,0.03130829192823595,0.046414965618073664,0.07482402064743889,-0.022515194,0.024454955,0.065655857,0.00041915852,-0.035885468
0.0090558371,0.030151363368345615,0.04961121202973327,0.07614085019479346,-0.020969158,0.023854367,0.068231679,0.0011018005,-0.033773556
0.024867406,0.027540779375885782,0.05048602049842743,0.07972477376990408,-0.017451411,0.022511527,0.07053332,0.003907925,-0.036956981
0.010980706,0.027623333810523842,0.05209356011228972,0.0778735946657003,-0.017358126,0.022640808,0.070553198,0.0021944097,-0.032889627
0.017910432,0.025780614531292552,0.04903154221652763,0.07399572801710286,-0.016735747,0.020903135,0.066778257,0.0016396487,-0.03183306
0.016805461,0.027731739785800784,0.05681119751216698,0.07879909839351082,-0.015537085,0.023531562,0.073623419,0.0014690468,-0.028048743
0.0073338123,0.025633815232937212,0.0609727493483325,0.07763497403487214,-0.012098068,0.022712236,0.074901924,0.00056703389,-0.020410033
0.023220671,0.022696229933618726,0.044609562022852364,0.06886809592613372,-0.011029203,0.019974666,0.061501615,0.0040856758,-0.030719265
0.015946215,0.021461418100798515,0.044258241321740346,0.06267108585877915,-0.011393216,0.018478701,0.058065157,-0.0016700826,-0.023522614
0.0081895236,0.020904964563930088,0.056615138111268504,0.07047638007093848,-0.0086089894,0.019056026,0.068400234,0.0049409484,-0.016245466
0.022031916,0.01940600789640348,0.053003536134053626,0.06573399413949728,-0.0082734898,0.01757003,0.063978665,-0.00072142435,-0.015072092
0.01702407,0.018917080214609965,0.06558056114108674,0.0774998665171218,-0.0050234674,0.018418431,0.076494172,0.0013766357,-0.01236834
0.0073640216,0.01815039282775685,0.05578993127966533,0.06627159141553318,-0.0070970585,0.016705345,0.065217488,0.0045472826,-0.010859342
0.027278587,0.016812452267733046,0.06911498781848072,0.07995871363894934,-0.0032283352,0.016894035,0.079265587,0.0036477961,-0.0098517099
0.012025566,0.023756084235863985,0.07915608116097311,0.09531246255790474,-0.0021804583,0.024882119,0.093572602,0.003114518,-0.017858708
0.011385213,0.016817976363210464,0.06431314851818258,0.07856114260323008,-0.0013883442,0.017681066,0.076816283,0.0017623985,-0.016370881
0.024052326,0.016134894024989768,0.0640726487871947,0.07573288265775825,0.0012481057,0.018058099,0.07470414,0.0032417539,-0.012010496
0.018771226,0.01380765373975384,0.055336550411810244,0.07218932741116356,0.0016181103,0.015686935,0.069050789,0.00041149376,-0.021050373
0.017109863,0.016677185161015667,0.06947144504024835,0.08188577605405131,0.0039473716,0.019792993,0.080823176,0.0037297134,-0.012608877
0.0076515106,0.014422268829750007,0.052748121143816745,0.07167212607143011,0.0035159909,0.017160231,0.067512915,-0.00063542207,-0.024051948
0.025246467,0.012732365495563464,0.05144675309364101,0.07053300132382485,0.004952095,0.015933977,0.066022813,0.0067835092,-0.023872085
0.012369024,0.010579075862627409,0.03969504468057777,0.06369279774433091,0.0053927773,0.013781787,0.055996694,0.0011580803,-0.030328231
0.012060832,0.011523292641790948,0.05707209147762396,0.07395224509894589,0.0083139148,0.016047496,0.070834614,0.004277071,-0.020811023
0.023699399,0.009235143938777808,0.04015041364634358,0.06372203646452235,0.0080807563,0.013462772,0.056292381,0.00028657218,-0.029859398
0.0070312661,0.007954009947015237,0.03579314580344297,0.05553457548531143,0.008955718,0.012442398,0.049538024,0.00035806373,-0.025098706
0.024985693,0.00610339048178276,0.03433032005436206,0.04916627309363683,0.010200976,0.010960539,0.045345418,0.0011960437,-0.018965362
0.017124882,0.006668808605178835,0.037315373533414395,0.05309490516867327,0.010847361,0.011849161,0.04896773,0.0051804697,-0.019859333
0.012620565,0.0050837321476361105,0.04196573583187823,0.0525464128548776,0.012961414,0.011024559,0.050965089,0.001824979,-0.012663122
0.027649947,0.003360838083406357,0.06782458181859118,0.07340584358756612,0.016562685,0.010681524,0.073320985,0.0034246068,0.00085035269
0.01770547,0.023813566011669056,0.08671195410125668,0.10776945136896698,0.0048973328,0.027948909,0.10481405,0.0017503154,-0.025004119
0.0083573172,0.024151226694667398,0.09004005604271048,0.11092706960617597,0.0052816402,0.028478859,0.10816053,0.0034932443,-0.024370305
0.018225785,0.0268414010442045,0.0789654203549355,0.10435222717455475,-0.00019061571,0.029078523,0.099131629,0.0085819932,-0.031442914
0.028128084,0.025591830283598817,0.08643226648531563,0.11054795771971189,0.0030947221,0.029115582,0.10646367,0.0031323596,-0.029606186
0.024126267,0.023453027744672165,0.09122976870914393,0.11213131842349885,0.0088487156,0.029234497,0.10940809,0.0038124474,-0.024264535
0.047543064,0.03472776229216371,0.051140412140862415,0.08065640221238266,-0.026328735,0.02655098,0.071338043,0.0058425171,-0.037178002
0.030155662,0.03633658696001511,0.053939548644657415,0.08724310904630952,-0.028327229,0.027450433,0.076340646,0.0060218945,-0.041799553
0.044403244,0.0369613608725272,0.052814891713751394,0.08461524978535896,-0.028230028,0.028170422,0.074356973,0.0055144248,-0.040004652
0.03958682,0.03736893612312394,0.05892606626909419,0.09006216821365615,-0.027635278,0.028865652,0.080851637,0.00095573772,-0.039664764
0.035853244,0.03253101030201507,0.048097274813042434,0.07565249761375756,-0.024340376,0.025008524,0.067075372,0.0021219153,-0.034924094
0.042416848,0.03124118732909401,0.047870579107346004,0.0743304920838138,-0.022941764,0.024200987,0.066278681,0.0011649347,-0.033627391
0.032313023,0.02935847070308125,0.04760756094391155,0.07459482846944435,-0.021086022,0.022943394,0.066132866,0.0061443904,-0.033957016
0.046689183,0.027626660708135846,0.0547968205785927,0.07919063229609903,-0.017700797,0.022498967,0.072730236,0.0037766052,-0.03109994
0.037150443,0.027202059003369375,0.05106732705686718,0.0807567702836441,-0.01709909,0.022293106,0.071444146,0.0015813985,-0.037615012
0.041443899,0.026568816726405698,0.051903941837472406,0.08019948949873151,-0.016436739,0.021886328,0.071660146,0.0014230828,-0.035982724
0.031639747,0.02680429539545006,0.06212535834755589,0.0817392861153277,-0.013319743,0.023465229,0.077830806,0.0055007907,-0.024360169
0.028911596,0.01910661738508851,0.054680419191321133,0.06616366552326289,-0.0072616371,0.01767429,0.064512745,0.0084147044,-0.012038651
0.029362686,0.023419298715969247,0.05006192999197545,0.07331064936838604,-0.012458226,0.020153595,0.066817701,0.0072115194,-0.029288908
0.040958449,0.02292713212834351,0.04967846398324226,0.07221876431198253,-0.011249944,0.02013181,0.066196389,0.001941156,-0.028806595
0.046779599,0.02172490013311943,0.05477484390420606,0.06981129771117364,-0.009988917,0.019361027,0.067272186,0.0036414117,-0.018297825
0.03424336,0.023051574732583346,0.0724567121771513,0.08632805023634225,-0.0067093107,0.022194384,0.084934592,0.0048878696,-0.014654558
0.040043134,0.02015673748426463,0.05195466577191994,0.06547825303251459,-0.0086012781,0.018246455,0.063387603,0.0012776488,-0.016364016
0.043653786,0.01824818132730203,0.06764159246332012,0.07708719405017632,-0.0048607104,0.017760852,0.076472536,0.0066924621,-0.0070425617
0.040433761,0.01627675081549058,0.06632777471925569,0.07790267476063761,-0.0022497051,0.016727474,0.076870233,0.0055816197,-0.011341937
0.033154216,0.01803517024765357,0.07146092529514297,0.08640692583114085,-0.0013452161,0.019021684,0.084704623,0.0036992598,-0.016661307
0.036080126,0.014662254258490912,0.06123072993896411,0.07915252114135062,0.00056057255,0.016166441,0.075919919,0.0032790788,-0.022148028
0.048284132,0.019907895137104756,0.07686048724213945,0.0918021387126445,0.0016876844,0.022343528,0.090157688,0.0072859833,-0.015688799
0.046486538,0.022272148269393707,0.08528086686651697,0.10789090886109122,0.0059110965,0.026704691,0.10404022,0.009772297,-0.026843678
0.050070442,0.012003778389332614,0.049274984460463495,0.06976709063885363,0.0039925096,0.014735149,0.064546317,0.0052648829,-0.025951896
0.04051495,0.012175422607433237,0.04839255602017935,0.07027146658344295,0.0052216556,0.015443358,0.064431086,0.0024770626,-0.027938832
0.045298353,0.012293758309808132,0.049813995107362785,0.07114206410027889,0.0056401487,0.015749553,0.065530024,0.0066290288,-0.026889872
0.032472186,0.016905028597885945,0.08035646094548904,0.09518655603517315,0.0079959249,0.021759022,0.093809657,0.0049757957,-0.015345037
0.032072976,0.009449044592198391,0.03826398324031165,0.05902334208769088,0.0075742947,0.013480165,0.052649856,0.005497206,-0.026106097
0.038526867,0.008148202084868434,0.04003045288176704,0.06083255953396445,0.0094619868,0.012868259,0.05470622,0.0030501205,-0.026429653
0.048066739,0.006764672338968947,0.04540997145230931,0.06471051926741886,0.011400952,0.012188289,0.059672344,0.005761133,-0.024361281
0.04452011,0.007190005207524469,0.04944474278370637,0.06826517519424291,0.0115936,0.012732128,0.063751727,0.0060615153,-0.023645496
0.032376587,0.005715373636588277,0.043448619433895753,0.053708117798406466,0.011803698,0.011219328,0.052229453,0.0040377728,-0.011846626
0.038835187,0.004968157652304851,0.05664096403153601,0.06626483360782472,0.014086111,0.011376409,0.065397337,0.0055960421,-0.0091049876
0.040086389,0.02002505712386636,0.08282207372208364,0.10508895289970785,0.010093542,0.026038883,0.10121354,0.009922863,-0.026477238
0.03306742,0.026059813434931682,0.08683690479705061,0.11104436781252995,0.00055460591,0.028545765,0.10685654,0.0065199221,-0.029496137
0.038944814,0.025174585240329245,0.08835438985603472,0.11002747134181211,0.0033143782,0.028755542,0.1067466,0.0082711261,-0.025353428
0.062089976,0.03414155658109165,0.044800774663477684,0.07781399823976463,-0.026286526,0.025932066,0.06591507,0.0077227554,-0.040627342
0.054181471,0.03558041777359711,0.05115471305705385,0.08378528466599255,-0.027257066,0.027083218,0.072880223,0.0067737061,-0.04077455
0.06953083,0.034706713654376525,0.06149487456465911,0.08588001272513922,-0.023268675,0.027827032,0.079927251,0.005605096,-0.030912684
0.066553451,0.03080097824908879,0.043666820774188334,0.0713033866001683,-0.022642873,0.023849633,0.062173843,0.0036614982,-0.034715697
0.058200769,0.031375178959132125,0.04539028835044981,0.07701508057077036,-0.021714674,0.024867419,0.065746374,0.01045981,-0.038721174
0.051048897,0.03195614796244742,0.0658436604705988,0.08487242549257358,-0.020477382,0.02602376,0.081464827,0.0043601631,-0.023405118
0.057123885,0.028179326873541737,0.0506348909244609,0.07938284481187094,-0.018790465,0.022636825,0.070203885,0.0095613524,-0.035799876
0.065270931,0.030843767863847453,0.0724111245747168,0.08622286360913446,-0.016679214,0.026427541,0.084716618,0.0073616831,-0.014257716
0.051279694,0.025538809112065256,0.0517239945737241,0.07816485305848146,-0.01653125,0.020727251,0.07027331,0.0084115202,-0.033176083
0.058341496,0.024512276650568272,0.05088448517814251,0.07473155879996718,-0.013884162,0.020735689,0.068101622,0.0058671529,-0.030208467
0.072033718,0.02593068566374173,0.04828895330559733,0.0742563685087407,-0.014600243,0.021972634,0.066142768,0.0099976799,-0.032236453
0.063152045,0.02538809812150862,0.050649522338608796,0.07505919836591858,-0.013105637,0.022017611,0.068141744,0.0059588901,-0.03090433
0.066390067,0.02339878665625438,0.04884730911763023,0.07037307667695054,-0.01174455,0.020434249,0.064341135,0.010343676,-0.026563069
0.052087996,0.021489028582571887,0.04682204927470072,0.06190858464168624,-0.010733907,0.018788556,0.058609348,0.0080502881,-0.018243082
0.055459306,0.02488039460062867,0.07830653183724624,0.0949469901011572,-0.0042147515,0.025240019,0.092826024,0.0080197351,-0.018274136
0.06615454,0.02020656405792067,0.06491246408134158,0.07630324855529887,-0.0065556364,0.019168908,0.074832618,0.010906953,-0.010163828
0.052112177,0.018698398022603438,0.053303295110431866,0.06515739784475826,-0.007927591,0.016948136,0.063523874,0.0059227091,-0.013233497
0.058957946,0.019366524811071366,0.06903026746337224,0.07942322982958099,-0.0044887709,0.019133655,0.078792445,0.0044303541,-0.0089538824
0.07054843,0.018472432305171652,0.06290174921619592,0.07382630535685915,-0.0057283458,0.01763618,0.072380766,0.01097531,-0.0095336586
0.062425829,0.017971290639240106,0.05498684498558699,0.06529459866889169,-0.0064483639,0.01678613,0.064143367,0.0064172568,-0.010384214
0.059749376,0.015293891055079714,0.0635869146372632,0.07716204038821176,-0.00026168869,0.016503597,0.075327627,0.0079358453,-0.014722481
0.052817646,0.015156483246226368,0.0587416547333631,0.07391031677839674,0.0016215076,0.017153692,0.071423791,0.0063270349,-0.017926116
0.065977462,0.016168818534567645,0.06184798194080521,0.07625205934910323,0.0036401693,0.019110324,0.074141361,0.0070133694,-0.016378272
0.055024419,0.02192609402520256,0.08310511947084638,0.10632290942247433,0.0060391244,0.026383096,0.10227735,0.0067329565,-0.028259017
0.069095567,0.02150500272534973,0.08271360280414287,0.10317655885074134,0.0058983243,0.025865873,0.099903561,0.010221153,-0.023668731
0.057584677,0.011578197742602431,0.04339322112185433,0.06540290129543924,0.0056061647,0.014957771,0.058750182,0.0088270996,-0.027350282
0.058081891,0.017989340236204392,0.08026766580412978,0.09985207395151655,0.0092707798,0.023478119,0.096917525,0.0073004249,-0.022893969
0.067577735,0.011503755704891656,0.042529731747397125,0.06593304410635627,0.0056838086,0.014909858,0.058403436,0.01048932,-0.028743332
0.064331837,0.00858659463203328,0.03873705095609942,0.05717986553402296,0.0089188255,0.013113953,0.051457964,0.011565443,-0.022087451
0.053612132,0.007658720436813341,0.039642597229513576,0.05991659721596114,0.0099822991,0.012557365,0.05402115,0.0023752921,-0.02580837
0.05923913,0.006176160636804793,0.03983062734269861,0.05089078114863803,0.011026093,0.011389835,0.048871625,0.0052260319,-0.013195623
0.069168903,0.0059228037856508525,0.03262630350082271,0.04860255286840154,0.010702693,0.010977323,0.042690959,0.015754513,-0.017072946
0.05300035,0.005055211910717249,0.06142879555411204,0.07027391368103732,0.014726643,0.011742871,0.069814064,0.0034294035,-0.0072566248
0.061995063,0.0038271661482378594,0.05524102836283386,0.06266393493070209,0.01416392,0.010169909,0.061629239,0.010680997,-0.0038107669
0.06656605,0.024390623846325815,0.08275036980230335,0.1048402549543198,0.0039755213,0.028184516,0.10115567,0.0074474686,-0.026524417
0.068932205,0.027789069645342244,0.07548159989928098,0.09872054299697199,-0.0023453834,0.029193388,0.094089985,0.0090339873,-0.028481703
0.08693286,0.03407425739018795,0.04512913586844659,0.07162659881869739,-0.026519967,0.025759865,0.063112035,0.0067897523,-0.033183429
0.074507624,0.03426593377171433,0.04666951570968206,0.07519077321756175,-0.026332935,0.026047485,0.065861575,0.0063312096,-0.035718638
0.082934767,0.034859825092529634,0.05131892332264469,0.07900417289550217,-0.02529211,0.027134469,0.070607424,0.0055908426,-0.034999907
0.079957321,0.031292208171254235,0.046856826464225995,0.07351007903274727,-0.022826716,0.024305249,0.065027893,0.0082379924,-0.033275221
0.08887209,0.03291073953406085,0.059611416724126454,0.07980996401105975,-0.020837951,0.026907738,0.075523786,0.0047648181,-0.025359113
0.093813486,0.031096157990839007,0.0444636522609322,0.06884507387188114,-0.02117748,0.024792327,0.061383691,0.0047042305,-0.030814881
0.073509708,0.029657218709844814,0.04762910049361231,0.0757726060762296,-0.020622713,0.023464605,0.066712447,0.0068669505,-0.035267297
0.079048283,0.02773277461108778,0.051562245468239586,0.07752481222742731,-0.019265031,0.021950267,0.069740698,0.010037947,-0.032335293
0.083383419,0.025336942551464132,0.05117315821650718,0.07412894482868182,-0.016380318,0.020572018,0.067763016,0.0090107098,-0.028671959
0.090339564,0.02550244407052933,0.049037728022325464,0.07355136868252941,-0.015507923,0.021122122,0.066411339,0.0064234394,-0.030952824
0.08744745,0.028141813332260103,0.06870049838199244,0.08424649159473091,-0.013114785,0.025005255,0.082093418,0.0070199841,-0.017574467
0.073777206,0.0213307100215063,0.043251538726473006,0.05901774818767444,-0.010666572,0.018645147,0.055185638,0.008034748,-0.019315351
0.077277645,0.023106113959902013,0.04351804517839775,0.06573925727335618,-0.011346491,0.020285267,0.058685087,0.012462439,-0.026877465
0.094724089,0.022730415535767927,0.04163726187537598,0.06357818130637374,-0.012057398,0.019575361,0.05680063,0.0085575404,-0.02725146
0.092185862,0.020828583197627697,0.04582977274514382,0.06194279801925157,-0.0090206023,0.018798329,0.05789585,0.010959239,-0.019101724
0.087384291,0.023076150395865844,0.07608140403486607,0.08905171757495943,-0.0040366952,0.02335554,0.087655984,0.010375684,-0.011789065
0.081961147,0.019749103794117165,0.05232091860732608,0.06551258863107576,-0.0071588154,0.018415907,0.06299001,0.010686347,-0.014489993
0.087143645,0.01844731971264118,0.04958426383854221,0.061407130119853166,-0.0068155709,0.017147399,0.058800932,0.013347045,-0.011625077
0.079000048,0.0171430807961161,0.06823799468162624,0.0801421144577186,-0.0040763519,0.016893255,0.078985371,0.0072997482,-0.011436055
0.080925621,0.02682889454939013,0.07829369120967508,0.09694534055906416,-0.0054026362,0.026852565,0.094003543,0.010831522,-0.02108106
0.072846547,0.013346820378820134,0.056306802487403135,0.07472315621382354,0.0070096059,0.017474858,0.070228785,0.013998941,-0.021342387
0.073562749,0.016573558632049352,0.0642424387417761,0.07691463542837633,-0.0010510645,0.017558707,0.075137191,0.010564115,-0.012596156
0.093104623,0.01707741355603975,0.06094441954592867,0.07434737653603919,-0.00093246624,0.018156417,0.072389223,0.008674806,-0.014562985
0.087275714,0.015122840998364279,0.060622272577806884,0.07484821786444917,0.00023314633,0.01652782,0.072559498,0.0093858978,-0.0157886
0.075865664,0.012319502040069956,0.0479316731179852,0.07013038123875194,0.0036888528,0.014949244,0.063447721,0.013203237,-0.026801709
0.080293223,0.013061413727252117,0.05043022186914542,0.07030083802994533,0.0036546895,0.015740726,0.064970084,0.012058276,-0.023993624
0.083527222,0.020059771881041355,0.07243564194909322,0.09223176650989506,0.0057816119,0.02424629,0.088350393,0.013531046,-0.022755606
0.089281008,0.01216743924037982,0.0433848886503925,0.06749823338766878,0.0051940964,0.015422987,0.05962519,0.011599436,-0.029432997
0.091051564,0.009278664848855532,0.035452022985145354,0.06297607032240568,0.0077828602,0.013383602,0.052383844,0.012417425,-0.032676075
0.083688796,0.01072269834253422,0.04617009924961066,0.06902795552853103,0.0099084945,0.015854621,0.062111523,0.010672688,-0.028162228
0.076106429,0.007607107032865718,0.03865944523181374,0.060014550507137186,0.010688053,0.012800869,0.05284889,0.012461142,-0.025562884
0.094532162,0.0066033176507337855,0.034676909582374266,0.05151447571730775,0.010649377,0.011693975,0.046357948,0.009269231,-0.020463705
0.084882595,0.006600390915122499,0.041222407473091964,0.05955146122891244,0.011668183,0.012123253,0.053534172,0.015980329,-0.020617906
0.074607931,0.004272621539040454,0.052448430012741507,0.06040790164837344,0.014978133,0.010999447,0.059601318,0.0076550767,-0.0061803944
0.091487035,0.0049542297854882475,0.057427296735634785,0.0666840229480214,0.015335897,0.011891781,0.064653024,0.01543503,-0.0053390311
0.082545184,0.003697260205647295,0.058778595455675986,0.06651162377710469,0.016233969,0.010907468,0.065433532,0.011332034,-0.0037194076
0.079896905,0.024232519498604464,0.08354206195407883,0.1065965639749547,0.0059084706,0.028833246,0.10231382,0.012386216,-0.027226666
0.10031489,0.03380825618487499,0.041039274924201105,0.0646761364444927,-0.026222585,0.025597123,0.057260428,0.0035101844,-0.029865107
0.11388841,0.036011231577836936,0.035393247672350275,0.057199014666651074,-0.028675718,0.026949055,0.050086383,0.003398974,-0.02741402
0.096472315,0.03564059065772296,0.04480979902271199,0.07183083530896989,-0.027070394,0.027227825,0.063172638,0.0017633532,-0.034143481
0.10134483,0.039520308883309166,0.04101423850905591,0.0687090129203166,-0.032639243,0.029078761,0.059281275,0.0018063197,-0.03469
0.10548002,0.03357549629255127,0.040831083565082395,0.06159132193833779,-0.024820551,0.02593939,0.055517882,0.0044662021,-0.026292751
0.11586226,0.030853017475591844,0.029757658619063113,0.04888924476756204,-0.022953043,0.023774507,0.042410623,0.0052185077,-0.023754252
0.10847566,0.03142587137267165,0.04528745523765938,0.06115131766619134,-0.020787371,0.025316106,0.057613686,0.00520754,-0.019824943
0.096922688,0.027795290223865593,0.04467091541032699,0.06877043391719279,-0.01916619,0.022060137,0.061464965,0.0047592139,-0.030475901
0.10230933,0.028466889057989754,0.048521506827799314,0.06869347422205925,-0.017319907,0.023573436,0.063534603,0.0056621097,-0.025496826
0.10853978,0.027416221390615954,0.044194970576423,0.06454752429316765,-0.017634699,0.022298411,0.059010234,0.0035770093,-0.025911005
0.11251319,0.026540085319066955,0.039307750905893536,0.05877929172117446,-0.016623745,0.021775736,0.053159386,0.0047110459,-0.024635155
0.099929117,0.023688810592987743,0.04331169377377817,0.06639755743883362,-0.013898818,0.019834887,0.059378155,0.0062964074,-0.029038347
0.11613727,0.024172915879272283,0.03512947994765941,0.051802289670360976,-0.013488911,0.020534795,0.047108755,0.0044854484,-0.02107423
0.10515976,0.025563555087341615,0.062050727424390696,0.07612679312780504,-0.0078562973,0.024436433,0.074110948,0.007321435,-0.015787736
0.10216376,0.02109826130241902,0.040421591421934445,0.05421306895538679,-0.010189507,0.018595126,0.05107772,0.0067212693,-0.0168804
0.11069363,0.02267866423563227,0.05812192668245892,0.07076557817694906,-0.0057252613,0.022206973,0.068873405,0.0090480391,-0.013503856
0.11223924,0.020005032761347727,0.03505820904217146,0.04463260574216517,-0.0099999076,0.017487966,0.043052573,0.0012787265,-0.011700868
0.1064265,0.018425729841842736,0.04531959552522749,0.05444637680796124,-0.0070021488,0.017044747,0.053031631,0.008484493,-0.0089480411
0.099153765,0.018962771463794586,0.059185812075208184,0.07189159106896455,-0.0035089115,0.019110959,0.070003435,0.0093380641,-0.013443233
0.095302992,0.024092914121814617,0.07480990802337253,0.0982105273622879,0.0034186521,0.027624719,0.093214467,0.012830194,-0.028138176
0.10280927,0.015174589938436399,0.0569355782553963,0.07105245009820468,-0.00043995838,0.016298322,0.068168961,0.013416916,-0.014880517
0.10929966,0.015003252189528067,0.05313974843371542,0.0656838131841586,9.343143e-05,0.016338598,0.063448422,0.010349109,-0.013474309
0.096364111,0.014329107270164404,0.05564941101381865,0.07352292104570674,0.0010504454,0.016012462,0.069563419,0.010302081,-0.021457348
0.1142123,0.017815132672552806,0.0518401203935903,0.06644389703401547,0.0014009023,0.019948302,0.063348487,0.011285421,-0.016565021
0.10299724,0.02233997309877253,0.07061482376095844,0.0919524727430334,0.0050640116,0.026418807,0.087354414,0.013999859,-0.025069255
0.10339847,0.012400176376185791,0.042564164053257435,0.06419709097334142,0.0046315556,0.015437039,0.05723286,0.013228207,-0.025897505
0.11680365,0.018813461613612185,0.06374863911947669,0.08463833934382359,0.0089292005,0.02422842,0.079515561,0.016015815,-0.024174733
0.11291079,0.011352019103862855,0.03522178660532592,0.05508859052544649,0.0065640649,0.015118664,0.048296396,0.011981459,-0.023635896
0.097497672,0.01102814588832484,0.05699301926908814,0.07042377042987223,0.010510186,0.01644185,0.067506768,0.015126241,-0.013173479
0.10881256,0.013184210253008819,0.0687713140403559,0.08104820950191383,0.011689672,0.019284775,0.078696936,0.016952936,-0.009391618
0.10449611,0.008289013677473504,0.0329174031719194,0.04902618967102439,0.0085730692,0.012643908,0.043793615,0.011291907,-0.018925628
0.1157772,0.00881024929414597,0.031089252051642646,0.05265322984927616,0.0094213746,0.013570242,0.043752804,0.017476143,-0.023508279
0.099543504,0.006235206918159701,0.03932836233531773,0.05262519100542173,0.011635195,0.011712529,0.049296517,0.0099784825,-0.015482055
0.11193321,0.006092645369020008,0.04425100610853948,0.05693608713361326,0.012751674,0.012031573,0.05318189,0.016386526,-0.012036875
0.10789546,0.003478149272009761,0.03409163101146847,0.04233565182708301,0.013509615,0.0095130149,0.040281042,0.010549606,-0.0076453178
0.11041541,0.022136654595580674,0.06948946836122033,0.0912120568946826,0.0070566838,0.027043769,0.086507812,0.012742852,-0.025954913
0.11607609,0.025732058074980017,0.06597961646403688,0.0870404838363605,0.0022541047,0.028911099,0.082403876,0.012128609,-0.025269426
0.10740179,0.026827080964339296,0.07183342965082241,0.0933119244139112,0.00055657059,0.029380128,0.089198709,0.0076980321,-0.026295358
0.12947272,0.03426750834184539,0.02266298559862465,0.03671658685797965,-0.028385263,0.025178034,0.032036979,0.0040542833,-0.017472908
0.11905165,0.03508558505181683,0.033499547488644935,0.05388641611964822,-0.026206743,0.026991487,0.047300678,0.0024518128,-0.025697866
0.13664937,0.0378356563675255,0.017960365585692004,0.029340332456578144,-0.030454518,0.028175982,0.025597833,9.3028772e-05,-0.014338668
0.12329005,0.03576053136882629,0.03412816925415126,0.051380963607407786,-0.026508855,0.027596483,0.04641914,0.0008528544,-0.022012258
0.13680625,0.03687451075835071,0.019874756545861485,0.030507881923596436,-0.026966847,0.02861226,0.027328845,0.0010729803,-0.013517167
0.1269546,0.035152403281521374,0.032431155638065284,0.048485768827354433,-0.025365081,0.02742134,0.043928068,0.0012182825,-0.020486835
0.13652672,0.034134012159115754,0.02155540518000203,0.03149256737938475,-0.023627002,0.027052771,0.028803341,0.0010602644,-0.01268957
0.13649976,0.03204876520384423,0.023036953486678054,0.033127064967017686,-0.021422382,0.025723247,0.030499987,0.00093551748,-0.012894884
0.12013136,0.02812991320415631,0.03311661823826756,0.0492170031988517,-0.018199153,0.022834141,0.044587627,0.004766643,-0.020286351
0.12492593,0.029932276274496333,0.03559442067556109,0.04777980422740517,-0.017659865,0.025021071,0.045113079,0.0041476227,-0.015182787
0.13664623,0.029661178127045322,0.023554201496607547,0.0344483481401485,-0.019227432,0.024061168,0.031501077,0.0005827662,-0.013929509
0.11802825,0.01998982574321214,0.03468386576726611,0.04404501362232951,-0.0097471522,0.017578734,0.042443052,0.0035489674,-0.011222985
0.13080554,0.026156205438820277,0.024712824616310348,0.038177896703663936,-0.018565811,0.020534346,0.03398392,0.0044668606,-0.016813451
0.12524967,0.025948843695066403,0.030942194444120934,0.04527694153030489,-0.014748304,0.021929512,0.041283816,0.0043809484,-0.018068073
0.13677931,0.027027189108865545,0.0228681478376686,0.03481417429659313,-0.017406315,0.021972725,0.031306501,-0.00026479556,-0.015226937
0.12229879,0.02105149515395902,0.04325950687034353,0.05272018354394439,-0.0082336692,0.019374525,0.051564608,0.0021535575,-0.010764346
0.12626578,0.02156042194983613,0.0366658106140829,0.04612849646021268,-0.0087294746,0.019716946,0.04459618,0.0036141912,-0.011223036
0.13655636,0.024411061633926014,0.02150139815270186,0.03183225260106554,-0.013809776,0.020657308,0.028962091,0.00045004732,-0.013201782
0.13678083,0.025176122945473466,0.030955176991234977,0.03677445316003603,-0.0092061302,0.023442572,0.036239419,0.0011091492,-0.0061509921
0.12949945,0.01832584346955649,0.02389916068883382,0.031145270159102633,-0.0085252672,0.016289709,0.029353214,0.0066806301,-0.0079866052
0.1366114,0.022609285731261388,0.035236702256992436,0.042639963384904354,-0.0039579337,0.022881789,0.041782722,-0.0020657666,-0.008252468
0.13683414,0.020561354996236677,0.021486968074544973,0.026088596191434506,-0.0092886603,0.018394239,0.025429158,0.0031319666,-0.0049156444
0.13722129,0.018837779426735122,0.029903959007793163,0.034057298369918415,-0.0058787991,0.017969215,0.033884715,0.0009353793,-0.0032940442
0.11714135,0.015713498525067867,0.04979508624210075,0.060340869500217005,-0.0014563177,0.016452352,0.058439627,0.011004039,-0.010234337
0.12549151,0.018220665516104212,0.04631265361796752,0.05657591834514234,-0.0017418585,0.019054834,0.055098865,0.0061471849,-0.011276601
0.134446,0.015277646821286526,0.03649893127267758,0.04354462921089237,-0.000964345,0.01618769,0.042461261,0.0070245289,-0.0066205771
0.12775409,0.02424738669221204,0.050526576463406206,0.06790889428354442,0.0018777294,0.027138449,0.064188838,0.0033934126,-0.021906523
0.12132994,0.014409328244808705,0.03983720387855711,0.05466883194580702,0.0015309406,0.016303569,0.050604131,0.011401073,-0.01726032
0.13683502,0.015587989083582767,0.02903306778932827,0.03709840868707947,0.00064259948,0.017206941,0.035734709,-0.0012975886,-0.0098812329
0.12205181,0.010859515392312264,0.03143909717812613,0.048576286727113185,0.0040077637,0.013498542,0.042723257,0.01126257,-0.020187458
0.12288495,0.019671557334106138,0.06008740834632584,0.07891519766160258,0.0087346891,0.025078056,0.074850559,0.010783299,-0.022554882
0.1273929,0.013060760155561136,0.02821327740615585,0.04709270342196045,0.0054970933,0.01652207,0.040094595,0.010726515,-0.022250574
0.12891789,0.01836085813825889,0.05668675417332278,0.07232673552514904,0.010039774,0.02420814,0.068863042,0.013958164,-0.017152486
0.12031186,0.006219948691906882,0.0390706377533606,0.05151152375660476,0.012385204,0.012014313,0.04756435,0.015671754,-0.012060921
0.13670537,0.013664885641868765,0.02772993701785608,0.039265699511848724,0.0055553135,0.017203081,0.036261246,0.0042330325,-0.014456785
0.12727728,0.00968212517986428,0.040369893054599496,0.05654956151051286,0.010702995,0.015061429,0.051402636,0.015477685,-0.017778166
0.13283645,0.007431560933593248,0.023078696822711686,0.039484041385587955,0.0089106197,0.011855687,0.030781286,0.020750405,-0.013450749
0.13754216,0.009230653383151252,0.023947074891740756,0.03752752121798455,0.0075899106,0.013249542,0.033116631,0.0056311274,-0.016730033
0.12386301,0.004835895697405917,0.03195220015781908,0.04315200722251469,0.012574931,0.010591267,0.038639259,0.016837038,-0.0092529748
0.13741522,0.011052698362376781,0.03624396678310593,0.04830409509897667,0.010246583,0.01635663,0.045145217,0.010504318,-0.013596113
0.13716108,0.005042648822686357,0.029667198672780563,0.04223344529315295,0.012125285,0.010625012,0.033613734,0.02536026,-0.0032615948
0.12706864,0.0019966952614397368,0.052314962169710044,0.06035460359936261,0.017349008,0.0095333476,0.055843227,0.022776658,0.0023315283
0.13905826,0.006572767630256538,0.04073003250373598,0.04979046445876371,0.014850084,0.013443881,0.046367377,0.01744177,-0.0049941326
0.13829634,0.020870992687626252,0.04187857542127846,0.05265566145293911,0.0076970444,0.025940621,0.051015548,-0.00094910676,-0.013005066
0.13591385,0.024719560159433458,0.04340739053484363,0.05386869761393612,0.0041004866,0.028594904,0.052418716,0.00063554733,-0.012398019
-0.13313632,0.057427175307883147,0.05351715458774429,0.07064229289941215,-0.036103807,0.047061451,0.067273453,-0.0012337028,-0.02151962
-0.13639511,0.056418156043079294,0.03746249831492566,0.05152158754578517,-0.038067166,0.045131896,0.048300434,0.00086444907,-0.017910745
-0.13771738,0.05476531847101494,0.036368353913007176,0.05048725104751861,-0.037054613,0.043766122,0.04715902,0.00044406235,-0.018021991
-0.12771505,0.05047183425888963,0.05001846892318697,0.07396956276377761,-0.027319981,0.043233957,0.067323357,-0.0017968686,-0.030591389
-0.13719413,0.04988199748227547,0.040100106954694785,0.054881677527883296,-0.028826317,0.04195378,0.051547129,0.0010546196,-0.018809035
-0.13632981,0.043306261772173324,0.01932915774291852,0.03352470378227381,-0.035069946,0.032159898,0.028478455,-0.0015344059,-0.017621832
-0.13617413,0.04408035860051904,0.026384137222131364,0.03815571354575428,-0.033899646,0.033497609,0.035035674,-0.0017160805,-0.01501383
-0.13440911,0.05665055626164971,0.05452881483544411,0.07270904755899626,-0.028937716,0.049259588,0.068986528,-0.00013061658,-0.022966225
-0.12754481,0.044704055911570534,0.046460173272058,0.06838878648099012,-0.024367752,0.038221218,0.062354997,-0.0022909383,-0.027993429
-0.13535072,0.03839623994123692,0.030649199189848327,0.04126859241598711,-0.024255721,0.031416211,0.0390108,-2.3850213e-05,-0.013463047
-0.13681373,0.0437404706237756,0.034128952573265176,0.04785115883816242,-0.023827659,0.037403673,0.044516679,-0.00086955738,-0.017528336
-0.13479057,0.04917428337723291,0.04272501318154668,0.06215992279102804,-0.022723572,0.043775409,0.056889251,-0.0043066023,-0.024676351
-0.13675222,0.05215101699266323,0.046657507330557194,0.06302566183574874,-0.020270947,0.048050292,0.059504163,-4.8888389e-05,-0.020772247
-0.12693247,0.044670752353296435,0.059740118321339034,0.0811498330193325,-0.015804114,0.041820087,0.076439142,-0.0018069671,-0.02718617
-0.13583352,0.04587552489343679,0.0442185812833589,0.06212359225027643,-0.017483095,0.042416219,0.057751417,-0.00062588777,-0.022884991
-0.13622104,0.04492518524002849,0.05319123972441875,0.06785816727500851,-0.012185701,0.043632418,0.065415524,0.0015418496,-0.017976729
-0.13574922,0.03992105363628291,0.03605732382868936,0.053615786355043916,-0.014728711,0.037116684,0.048691794,-0.00083765009,-0.022429001
-0.13629508,0.03914669489976479,0.04938652340490528,0.06253675720372256,-0.0090276292,0.038695417,0.060450647,-2.2083232e-05,-0.01601764
-0.13709787,0.03571297601644172,0.03442089783690101,0.0494559453073629,-0.010831154,0.03419961,0.045556579,-0.00081048778,-0.01923101
-0.13657531,0.031828624521755035,0.036124677358916134,0.04949359349526622,-0.0084167197,0.031004671,0.046468839,-0.00077049737,-0.017019669
-0.13491532,0.046779030337126486,0.05639888865922803,0.07662550231355622,-0.0058527431,0.048334543,0.072150148,-0.0029605674,-0.025633158
-0.12692331,0.05227698582142517,0.0728516005545285,0.09771804027187223,-0.013568447,0.051032182,0.092478655,-0.0030838191,-0.031416617
-0.13615644,0.05296376984112235,0.05890630668595754,0.07947081973915106,-0.014310955,0.051463101,0.075066969,5.5901615e-05,-0.026087511
-0.12762044,0.028032323031739532,0.05035808077515881,0.06643286544695007,-0.0023066481,0.029474091,0.063172847,-0.0049744048,-0.01994423
-0.13592644,0.04029364581499607,0.050682967056888684,0.07065132172688093,-0.0013568067,0.04319749,0.065816432,-0.0042021843,-0.025340643
-0.12764086,0.0420329230470513,0.06981283686084686,0.09370306102344064,-0.00051962363,0.045442335,0.088563666,-0.0062051322,-0.029970603
-0.13678294,0.043476869847074204,0.05387791852360775,0.07365660610379804,-0.00042310575,0.047051951,0.069187589,-0.0028416757,-0.025105737
-0.13557374,0.03364395819553619,0.047803435130331744,0.06285528807773111,-0.00062551443,0.036283948,0.059931625,-0.0019485317,-0.018846506
-0.13703528,0.026649047471080503,0.03843804992798502,0.05037923568053516,0.0012355497,0.029474929,0.04809602,0.0013647065,-0.014932442
-0.12882371,0.03146506203064111,0.0646049526622163,0.08464089464529032,0.0050712298,0.036335006,0.080483109,-0.0098933363,-0.024262566
-0.13736086,0.031883268480401517,0.05095972670122976,0.06404737803240813,0.0048523666,0.036696427,0.062053774,-0.001662505,-0.015768064
-0.13564818,0.02646018479009167,0.048816418140217296,0.06254256922726881,0.0062701474,0.031406816,0.060208153,-0.00087040965,-0.016905433
-0.11548959,0.057215537277805234,0.07215976997085055,0.0971993708354448,-0.038071014,0.045996506,0.09184669,-0.0026672615,-0.031698406
-0.12647714,0.05555650431272472,0.05781281517684148,0.0791554028133086,-0.038473498,0.044023354,0.074336953,0.0012603565,-0.027166279
-0.10620759,0.054144562141006145,0.08197264135448279,0.11034381771711473,-0.033952139,0.044408679,0.10429969,-0.0026388764,-0.035921708
-0.11651861,0.05355104681514385,0.06726527811701082,0.09238802690956156,-0.034092106,0.043704495,0.086632989,-0.0031573887,-0.031942192
-0.10730843,0.04938430591746487,0.0754995210594623,0.10440852391178637,-0.029175378,0.04126494,0.097662106,-0.0022891015,-0.036851227
-0.12430757,0.05160695029821824,0.05703528074851525,0.07851283609797416,-0.034172032,0.041558579,0.073582858,-0.00042545999,-0.02737969
-0.11694238,0.04921590721824176,0.06354656402476642,0.09125823019896352,-0.028589344,0.041330755,0.084076352,-0.0018679589,-0.035436455
-0.11571465,0.042402111159648356,0.03347242801490707,0.05812443517667709,-0.034709502,0.031330664,0.04935161,-0.002563559,-0.030598966
-0.12276923,0.04542600235844056,0.05301286183991284,0.07621479532608504,-0.025801651,0.038396858,0.070179597,-0.00199976,-0.029656705
-0.1264699,0.03939561946853523,0.02994213736200929,0.046885351965421235,-0.030670246,0.029779093,0.041655246,-0.00084658671,-0.021502558
-0.11190894,0.05315635717188369,0.07731784767149688,0.10737436215606137,-0.027724173,0.045978747,0.10027778,-0.0014671736,-0.038359717
-0.10826109,0.05951235527053705,0.08524150649339383,0.11246720044411754,-0.03802577,0.048510883,0.10709579,-0.0036913878,-0.034142885
-0.1237784,0.06251971172931028,0.0673960527160984,0.08767448470531823,-0.042350832,0.049942076,0.08394035,-0.0016003728,-0.02526404
-0.12347292,0.05823620443085155,0.06854940476649492,0.09419635853257478,-0.029654287,0.050678007,0.088326223,-0.0023987277,-0.03264473
-0.1162024,0.0584751766009031,0.08078847976145354,0.10923154709902941,-0.028407777,0.051466729,0.10307646,-0.002384719,-0.036070589
-0.12460037,0.0542103462215658,0.06684386836203199,0.09219136271539694,-0.024499746,0.048492447,0.086328804,-0.0017408431,-0.032304093
-0.10862445,0.04506029110684686,0.06791847393312088,0.09669952946596085,-0.023689749,0.038896013,0.089334264,-0.0053026914,-0.03663427
-0.11351844,0.043747854072941905,0.06232788163051195,0.08936526382325206,-0.022575837,0.037943061,0.082379408,-0.0023558275,-0.034557685
-0.12017269,0.047299791122075684,0.06405334869768374,0.09021763670767871,-0.020170968,0.042822551,0.083780989,-0.0012218863,-0.033443607
-0.11521745,0.0491190492406513,0.07507941846575203,0.10185947701562806,-0.018531092,0.045495007,0.095990948,-0.0024107923,-0.033989396
-0.10512209,0.04786373842072253,0.08810411792622479,0.11685578419253664,-0.015871806,0.045260087,0.11103177,-0.0049791145,-0.036089178
-0.1152594,0.039346402221589576,0.05391277009573296,0.07993032932870657,-0.017161198,0.035459876,0.072641917,-0.0035767786,-0.033154428
-0.11031529,0.04102319460544567,0.07328906192423719,0.09723776353183382,-0.013454768,0.038854763,0.092311889,-0.0062801256,-0.029904144
-0.10704624,0.044007958104543984,0.08756806135701665,0.11432244283840638,-0.010238082,0.043462694,0.10926794,-0.0045675789,-0.033305787
-0.1262093,0.03861368763382889,0.04611988331585286,0.06684089415266975,-0.017206032,0.034644853,0.061300881,-0.0037350138,-0.026380993
-0.11976545,0.0403921402448493,0.05812197768149841,0.08204763840905384,-0.01462208,0.037673716,0.076063894,-0.0043926057,-0.030443456
-0.10746108,0.03558485751490825,0.06405816625221804,0.09046857205770059,-0.0125561,0.033328231,0.08390756,-0.0025312908,-0.03372946
-0.11985071,0.0354046457524556,0.058107157174541534,0.08060925810491935,-0.010642757,0.033944622,0.075218186,-0.0053340937,-0.028489023
-0.11172355,0.033883840609146204,0.06663599672451673,0.08849656892729452,-0.0080379583,0.033398151,0.083894677,-0.0076698191,-0.027101656
-0.11300853,0.03897943005201668,0.08146902969979761,0.105544982639879,-0.0040892116,0.040609941,0.10107806,-0.0067505781,-0.029620919
-0.12599309,0.034595629367257845,0.04777929982291751,0.06643366912675792,-0.011914589,0.032525878,0.061909303,-0.0050247968,-0.023567393
-0.12618452,0.03773731498932375,0.060087667180475576,0.07862005843253268,-0.0075632255,0.037785925,0.075066529,-0.0037719018,-0.023063013
-0.11145802,0.030094214103747075,0.06679297070338176,0.08851569370972626,-0.0047772629,0.030665334,0.08397536,-0.0077521247,-0.026889989
-0.12633002,0.031537890602646515,0.05029806102866935,0.06623292594467485,-0.0063184449,0.031579494,0.063054644,-0.0042549879,-0.01981937
-0.12518302,0.045903084772706354,0.06882555441089856,0.09284933233994466,-0.0091977082,0.045963097,0.087632798,-0.0048100175,-0.030304372
-0.11986151,0.04706637600555454,0.07750305212785237,0.10493128245116949,-0.0081229554,0.047683056,0.098915242,-0.0048927437,-0.034675784
-0.12522191,0.048391078353838234,0.0780724498958087,0.10005936628962847,-0.0041725659,0.050799001,0.096277371,-0.0036501919,-0.027004087
-0.11104637,0.052543411921626454,0.08751486951711127,0.11668272790926061,-0.015228135,0.050617121,0.11066385,-0.0043867081,-0.036730479
-0.11452772,0.05067344556459548,0.08854156012799304,0.1161153933933001,-0.0092298584,0.051131781,0.11078313,-0.0052566249,-0.034383871
-0.11339668,0.04467171535968419,0.08421602676842108,0.11260652911335227,-0.0030393265,0.047239464,0.10662059,-0.0064426302,-0.035647899
-0.11536976,0.028510603460193157,0.06766978322335528,0.0875093409391693,-0.0019601232,0.030140767,0.083614245,-0.010016489,-0.023795225
-0.12098598,0.029619100324069975,0.0630425983540846,0.08051469537624663,-0.0019368287,0.031354882,0.077494733,-0.0051821317,-0.021220934
-0.12278222,0.039952748672068765,0.0745389310799185,0.09884020619587665,0.00014766453,0.043465763,0.093940258,-0.003439232,-0.030541545
-0.11717845,0.03484539485913805,0.07427636343593086,0.0973412703365481,0.0013830825,0.03844174,0.092806213,-0.0069058007,-0.028541893
-0.10790679,0.031021281781293004,0.08442903296366987,0.10598084978037861,0.005963976,0.036231849,0.10222412,-0.013032233,-0.024745317
-0.10851914,0.025593481897563383,0.07862019860854869,0.09947277838810038,0.0077138012,0.031078059,0.095500939,-0.014465315,-0.023773072
-0.09059792,0.05955277215951027,0.09067280466429897,0.12075501978874895,-0.041310988,0.047160298,0.11460254,-0.0030903141,-0.037927333
-0.094625182,0.05456540647419044,0.08906759697553934,0.11946576723442953,-0.034743655,0.044529889,0.11304197,-0.0047078496,-0.038359076
-0.10016346,0.0522981365987271,0.0822552954299921,0.1090359233984299,-0.03572147,0.041651759,0.10363823,-0.0040372931,-0.033640008
-0.090367958,0.055029427278379645,0.09378523320304118,0.12575894046267455,-0.031915091,0.046234637,0.11902022,-0.0044537126,-0.040369082
-0.083847933,0.05341694397948118,0.0931518118138435,0.12724291687106482,-0.03036809,0.045139562,0.11960651,-0.0019907772,-0.043371413
-0.092061259,0.047701409350485766,0.08040806791385689,0.10706429925891014,-0.032564905,0.037997939,0.10158342,-0.0044189184,-0.033526797
-0.08585605,0.04899526485461794,0.08723574499128034,0.12179084427522427,-0.026532343,0.041964203,0.11345901,-0.0046300157,-0.044029828
-0.097408116,0.041713096796700946,0.04146408415187981,0.07215912380110759,-0.034373626,0.030724717,0.061171323,-0.0046543833,-0.037991382
-0.099122807,0.04789043968890283,0.07655271231634839,0.1078070317655143,-0.026062477,0.040963411,0.10006539,-0.0048820879,-0.039817572
-0.084710211,0.04185645264982453,0.07813930252363917,0.0997737359157855,-0.028149674,0.033522364,0.096073717,-0.0054906737,-0.026353212
-0.10445321,0.04021062096227628,0.04606278701414204,0.0736543525434905,-0.03091277,0.030561533,0.064813532,-0.0036003035,-0.034802407
-0.099489368,0.0387195961723245,0.05797456930393993,0.08069046055597816,-0.027718276,0.030297725,0.075281151,-0.0020124735,-0.028976692
-0.099467091,0.055817733442099886,0.08880855190490354,0.1212334483172633,-0.029470839,0.048128545,0.11394703,-0.0044667614,-0.041154239
-0.096448675,0.06034430064894035,0.09343009240236089,0.12245363527973605,-0.038472813,0.049224917,0.11690193,-0.0034699291,-0.036287617
-0.084342256,0.058608064558253944,0.10237109081184786,0.13508748609304766,-0.031489819,0.050302844,0.12864324,-0.0036271706,-0.041065671
-0.094494604,0.05049499407742079,0.08648730040288008,0.1188637183319219,-0.024162307,0.04459947,0.11141373,-0.0049130898,-0.041126948
-0.10343082,0.051953263692056294,0.08585128355811619,0.11714916244100186,-0.022657255,0.046822533,0.11010616,-0.0051490124,-0.039674267
-0.088883489,0.04526549811417241,0.08128714506350684,0.11602104806605354,-0.021818191,0.039913371,0.10710294,-0.005395609,-0.044280145
-0.082895324,0.04166243250563789,0.07902695523303796,0.11185945750302857,-0.019840006,0.036838833,0.10356106,-0.0068588541,-0.041720513
-0.10069793,0.04357534763288968,0.07082755010605997,0.10266432735671586,-0.020391528,0.038682841,0.094136804,-0.0061418614,-0.040503133
-0.08804585,0.05063826753115745,0.09896780661392429,0.13152750418054338,-0.017471405,0.047595236,0.12486637,-0.0060717426,-0.040877964
-0.094254114,0.04437006247888019,0.08183593770394323,0.11316912145571904,-0.018316502,0.040426984,0.10579237,-0.005668418,-0.039788108
-0.092431642,0.0399945954839787,0.07368542841304816,0.10396940446482553,-0.017886559,0.03585615,0.096426465,-0.0047876695,-0.038583055
-0.10325486,0.03965134941636548,0.06903012177736238,0.09915337412417553,-0.017341945,0.035714436,0.091217257,-0.0070449803,-0.038225278
-0.08446452,0.04643011044542027,0.09904198061074064,0.13021761792437572,-0.010460659,0.045999546,0.12400413,-0.0092333108,-0.03865682
-0.088144936,0.038120561222448876,0.07975760219962386,0.10933811329749425,-0.01251414,0.03610073,0.10251015,-0.0070440248,-0.037374776
-0.096769229,0.037917638763827595,0.07435825723358455,0.10594410467991247,-0.012868385,0.035729915,0.097719043,-0.0090904804,-0.039906204
-0.083220191,0.03582627346745834,0.07803925359897956,0.10635025226809854,-0.012508497,0.033610702,0.09996108,-0.0062335697,-0.035767321
-0.085077606,0.04145707208947195,0.09735707438462088,0.12570909887573223,-0.0068532699,0.04212828,0.12049224,-0.0089788055,-0.034695514
-0.099262722,0.03433903046595237,0.07150451057975069,0.09748365129384601,-0.010765666,0.032734808,0.091420099,-0.0098784156,-0.032370429
-0.089666717,0.0327095286501732,0.0767012108086717,0.10501341987665139,-0.0088872761,0.031761911,0.098437473,-0.008387628,-0.035602387
-0.092863269,0.0423359983212903,0.0953646681512583,0.12389170934589563,-0.004417141,0.044117186,0.11847894,-0.0091256881,-0.035051651
-0.098791331,0.04059107770647123,0.09130271811407287,0.11917488970975616,-0.0038922203,0.042444389,0.11369956,-0.010307839,-0.034187905
-0.10417298,0.03416884819637369,0.07283885026617729,0.09572452906841407,-0.0063645774,0.03441808,0.091155306,-0.0071564075,-0.028331634
-0.097274005,0.03012081667476645,0.0697853126213543,0.09485291143811318,-0.0041243313,0.030971387,0.089159995,-0.0076632178,-0.031445909
-0.093665242,0.047868980440160726,0.09648991731023893,0.1271464367920376,-0.0114833,0.047128592,0.12107873,-0.006287632,-0.038296517
-0.098537832,0.047247431055403695,0.09308205418099698,0.12446489961922634,-0.0080113187,0.047927134,0.1178432,-0.0072428426,-0.039395846
-0.10395048,0.0465515937418455,0.0934209051091301,0.12338820752561167,-0.0040637227,0.048846859,0.1172921,-0.0090064881,-0.037230313
-0.082546689,0.029741396083140317,0.07926616327547832,0.1041437267442985,-0.004962361,0.030203477,0.098984972,-0.011319037,-0.030327719
-0.094067119,0.03437674187971504,0.08790928559868966,0.11101288464080405,-0.0032629198,0.035960503,0.10719746,-0.0085616093,-0.027554745
-0.083209105,0.03776492768933453,0.09684145185783463,0.12355077062721004,-0.00032915521,0.040886603,0.11885399,-0.010224217,-0.032155674
-0.10339649,0.0286665661023443,0.07453405314498927,0.0966080361940478,-0.00088286644,0.030767467,0.092224948,-0.01116834,-0.026513012
-0.1027242,0.03747436617522696,0.08880656980511713,0.11443702590030096,0.00010922537,0.04075703,0.10963744,-0.010679806,-0.031006554
-0.086468779,0.03371612710093393,0.09226436313424069,0.11624163796890166,0.0014390334,0.037238698,0.11211953,-0.012533174,-0.028004445
-0.084414229,0.028374292216698273,0.09472680915369296,0.11658583393988002,0.0065459106,0.033603281,0.113276,-0.012811616,-0.024426768
-0.067667209,0.059493958558585344,0.10000861711442378,0.13274632950867865,-0.041285265,0.047107324,0.1261446,-0.0030956801,-0.041225534
-0.060873292,0.05653208410865116,0.10200804569311765,0.1362646139077804,-0.038181771,0.045207016,0.12916037,-0.0042745946,-0.043213096
-0.070579402,0.056654934031464765,0.10027005604367355,0.13414575200105155,-0.03817232,0.045344487,0.12708753,-0.0037281692,-0.042777836
-0.076772787,0.05465047347601577,0.09616721651450547,0.1295000011102722,-0.035919681,0.044123109,0.12237553,-0.0039421394,-0.042177476
-0.066614754,0.051671347702707045,0.09533035123062253,0.13074566640481677,-0.032066267,0.042522382,0.12262334,-0.0064544408,-0.044903073
-0.078622453,0.04964302117907764,0.08998940830106741,0.12292284604196652,-0.030445868,0.041006707,0.11555395,-0.00046291982,-0.041917734
-0.071818471,0.048395611766417504,0.08735250745621456,0.1243228215237111,-0.028032066,0.040676169,0.11491991,-0.0049313484,-0.047172662
-0.065023109,0.04146717236168074,0.05829923423551122,0.09102965831906358,-0.032753121,0.031145418,0.080961123,-0.0026846968,-0.041526951
-0.079163715,0.0412843819963563,0.05265237896792996,0.0850851858630756,-0.032698493,0.03097003,0.074419618,-0.0074454141,-0.040568154
-0.074469671,0.03997702004472667,0.05314230831796962,0.08562026463751356,-0.031984787,0.029852714,0.075097732,-0.0041694129,-0.040911812
-0.060805522,0.052966410221007225,0.09821501042553941,0.1346487224042171,-0.031309187,0.044250648,0.12633376,-0.0054706712,-0.046261553
-0.075290985,0.0574976485514397,0.10213649533789759,0.13806832357582471,-0.031748209,0.048986852,0.1302909,-0.0035424454,-0.045547716
-0.081482574,0.06224873706440689,0.10282679945071235,0.1360774514405182,-0.03794245,0.051518947,0.1294609,-0.0027499686,-0.04182566
-0.063136324,0.04800211053451905,0.08954693487562153,0.1262642834758284,-0.025597198,0.041282225,0.11707055,-0.0079653859,-0.046623044
-0.06948714,0.05225835356812579,0.09779532571011106,0.13518413404278887,-0.024521692,0.046362564,0.12641782,-0.0058166557,-0.047533687
-0.070580788,0.04460207471138435,0.08253707389869598,0.11535451482897487,-0.02425443,0.038158532,0.1073621,-0.0064685759,-0.041691739
-0.078528449,0.05078311300109467,0.09792734837484238,0.1312535857243801,-0.021489371,0.046047065,0.12418594,-0.0068246056,-0.041937821
-0.079990134,0.04474646804348335,0.08197117335250832,0.11907226359430585,-0.020471431,0.039921183,0.10913234,-0.0054822695,-0.047310475
-0.063130192,0.04189645284820029,0.08322366256166787,0.1163908593301198,-0.019398108,0.037280638,0.10821117,-0.0088681793,-0.041934833
-0.074624531,0.04501604320097982,0.09417013389733443,0.1273130393239953,-0.016815435,0.041765917,0.12008161,-0.0058912723,-0.041884482
-0.072550833,0.03978734130048499,0.0765642523949518,0.11021311929575757,-0.017782087,0.035675343,0.10138692,-0.0052054613,-0.042901367
-0.070146069,0.04886672111408678,0.10678158717449905,0.13844353543491886,-0.014946735,0.046742357,0.13260359,-0.0073126713,-0.039107867
-0.067179546,0.038209612801660214,0.08184807764985395,0.11195573195018803,-0.015932025,0.034746666,0.10493525,-0.0099266525,-0.03773779
-0.064283386,0.04475340913025851,0.10189414906844388,0.13180348535428646,-0.014039927,0.042658735,0.12626946,-0.0090404656,-0.036694035
-0.075217843,0.03594075750855634,0.0780568176155452,0.10841366389192843,-0.013029503,0.033513919,0.10116575,-0.0056665298,-0.038560394
-0.078432046,0.040834016125251525,0.09630135925915831,0.12494685943151886,-0.010263038,0.040004056,0.11956729,-0.0086630024,-0.035218365
-0.068642668,0.04141114218170874,0.10294115409708898,0.13093841348022087,-0.0071497317,0.041952543,0.12613308,-0.010004331,-0.033693139
-0.068960913,0.03515213515449243,0.0893699014070173,0.1168059141827952,-0.0070798919,0.035182651,0.11125118,-0.012388296,-0.03336655
-0.062714532,0.03384122283197141,0.08317913421266512,0.11124703428423875,-0.0080922907,0.03332879,0.10520869,-0.0091518266,-0.034975395
-0.077749379,0.03325183790924604,0.08304395595801373,0.1109441499375749,-0.0072689829,0.033037979,0.10499829,-0.0084341625,-0.034825686
-0.070910729,0.03084207892548032,0.07864072654856233,0.10403653337383612,-0.0074369842,0.0303488,0.098736554,-0.0096072434,-0.031343166
-0.06486655,0.04629890119599424,0.10936636803608266,0.14201812749524112,-0.0047726878,0.048271406,0.13588794,-0.009228101,-0.040230069
-0.060894568,0.030948549263829703,0.08783625733380108,0.1138250797404136,-0.0039277328,0.031954054,0.10893025,-0.0088086529,-0.031823844
-0.07258366,0.0461476681347526,0.10606126014391833,0.13852563410963611,-0.0041217785,0.048383407,0.13226444,-0.0091242921,-0.040152416
-0.0797631,0.049064086294781276,0.10444317437334222,0.1375871239488094,-0.0072237202,0.050234992,0.13089688,-0.010456051,-0.041071821
-0.063694477,0.05033450552978173,0.11119484125080321,0.14454733478495432,-0.0088399742,0.050929066,0.13829586,-0.0082969125,-0.041223153
-0.066611715,0.05668019185990846,0.11011378590549012,0.14493143236298284,-0.023928156,0.051418215,0.13812482,-0.0051798918,-0.043586958
-0.081631616,0.05491991989366562,0.10540908788548567,0.13939057375120195,-0.0192325,0.051499113,0.13255586,-0.0071930769,-0.042508066
-0.082432471,0.04715778647665845,0.10774359975957797,0.13773059552571898,-0.0011597666,0.050738059,0.13239458,-0.011589855,-0.036153387
-0.060677331,0.040092184905792326,0.10653884327283623,0.13606804306992712,-0.00033553728,0.043412134,0.13093758,-0.0093764728,-0.035804249
-0.073779367,0.03874124025529445,0.10085109718182135,0.13041764797629343,0.00054598437,0.042318705,0.12480611,-0.01192613,-0.035916086
-0.071088813,0.032007123570012605,0.0961079344324411,0.12051543622311801,0.000942796,0.035171464,0.11653372,-0.011304998,-0.028566755
-0.062743366,0.027276569136185945,0.08806149945084177,0.1126463559524426,0.0015574188,0.030293269,0.10816538,-0.01106422,-0.02944546
-0.077894568,0.03068705905292551,0.09291039787930094,0.11648134561113946,0.0024947156,0.034396149,0.11260792,-0.011446446,-0.02750162
-0.054334149,0.05685423709957972,0.1041844681245416,0.13836083972907717,-0.038671419,0.045349147,0.13144194,-0.0040235799,-0.04301801
-0.045530159,0.05051343923507601,0.09070248788357191,0.11686675556225418,-0.037405074,0.038998287,0.11223912,-0.0042419787,-0.032283496
-0.047642641,0.05373993160086736,0.10400225117772885,0.13869361219738277,-0.033390738,0.044207405,0.13151863,-0.0056686215,-0.043665029
-0.054276101,0.05204309298874296,0.09958336848464248,0.13448049655175745,-0.031517889,0.043159004,0.12692167,-0.0052109011,-0.044144537
-0.040950641,0.04978998952526559,0.10068303959112723,0.13833772033810862,-0.0277535,0.04230921,0.12971565,-0.0039473944,-0.047912348
-0.058120601,0.04052290067233435,0.053316384599966335,0.08989150617291647,-0.033405557,0.029842656,0.077355877,-0.00042341172,-0.045786154
-0.050152689,0.048306827677903466,0.09619906106167413,0.13072646029870852,-0.026512295,0.041224822,0.12309394,-0.0044566276,-0.043788444
-0.052514814,0.041489039833174694,0.06676817491814349,0.09908001488993011,-0.030965976,0.031927772,0.089983568,-0.0054724216,-0.0411079
-0.045780942,0.03839677929875241,0.07004452738746682,0.09415706704392009,-0.026815517,0.030330228,0.088951722,-0.0059622913,-0.030291839
-0.042759426,0.05612982220199246,0.10849935294847309,0.14496667435351407,-0.032293588,0.0472694,0.13740113,-0.0043576681,-0.046013877
-0.048154227,0.0597726649644202,0.11011493507300846,0.14510973583809014,-0.03765421,0.048951391,0.13825196,-0.0041792234,-0.04388354
-0.053524673,0.058352941112956046,0.10993399844544552,0.14738585898428938,-0.02912051,0.0510314,0.13950394,-0.0049317172,-0.047296092
-0.057700098,0.046916487879530386,0.09144638492325631,0.1245990276614102,-0.025640825,0.040084329,0.11718185,-0.0052265585,-0.042023979
-0.056853112,0.05392360790781156,0.10900158258579111,0.14488387375346695,-0.023281492,0.048698064,0.13755195,-0.0061843656,-0.045083828
-0.043297589,0.0447601436547472,0.0910268663236351,0.12438816695633141,-0.022991754,0.038866226,0.11690027,-0.0024644767,-0.042434294
-0.046507765,0.05262695075380876,0.10677560037440625,0.14275106500424234,-0.02219731,0.047749635,0.13526507,-0.0045476244,-0.045393243
-0.055122502,0.03663921559272908,0.0869314328054874,0.10611642491031138,-0.020568125,0.031072741,0.10362468,-0.0073697553,-0.021640426
-0.055154894,0.04297286720353676,0.08928234137841931,0.12174375179829204,-0.019855652,0.038255796,0.11445633,-0.0053540971,-0.041141503
-0.047421072,0.04194723637324991,0.08682553655568656,0.11961720615800893,-0.019317642,0.037369963,0.11203226,-0.0040765782,-0.041718464
-0.050269574,0.04906868124335456,0.10656309980789123,0.13973411194874963,-0.01764749,0.045815356,0.13332061,-0.0063952119,-0.041356236
-0.059882749,0.050017324908072945,0.10751570308992559,0.13900722826603032,-0.016769579,0.047218576,0.13327764,-0.0073020863,-0.038817003
-0.041810293,0.046472071139131856,0.10968628899315097,0.1412923961323098,-0.01581686,0.043771558,0.13572539,-0.0043528853,-0.03902835
-0.054711521,0.04430583596867725,0.1049278282586802,0.13509585182685235,-0.012949592,0.042635329,0.12974708,-0.006204085,-0.037122685
-0.043359201,0.03779513725245362,0.08384667818090237,0.11415776569104312,-0.013731346,0.035230529,0.10730338,-0.0076555968,-0.038201727
-0.055747561,0.03756545650602945,0.08553177553890133,0.11421827535384153,-0.013312897,0.035158634,0.10818414,-0.0069712051,-0.03596399
-0.046900686,0.0450111160742646,0.11272580754664188,0.1439296221711653,-0.0087649347,0.045177799,0.13868992,-0.0043655112,-0.038233291
-0.050570711,0.03679163919962834,0.08430699246871876,0.11390855170389032,-0.011503361,0.035086092,0.10731893,-0.0091837551,-0.037060276
-0.0430976,0.040743483517630026,0.10843016407638685,0.13552999826859624,-0.0061546387,0.041649617,0.13146594,-0.0069063902,-0.032208521
-0.059440188,0.038405920973948134,0.09972077666292266,0.1262673387129346,-0.0077378838,0.038438134,0.12190744,-0.0077000814,-0.031980082
-0.052260958,0.04036163979236495,0.10791282498262883,0.13609136813648076,-0.0042290147,0.042052176,0.13163769,-0.0063755587,-0.033937167
-0.04790758,0.03330878458165723,0.08489834144294779,0.11126379331619106,-0.0081667714,0.032718755,0.1061033,-0.0073173535,-0.032682989
-0.0389985,0.031159830138665277,0.088079612444807,0.11582803659299921,-0.0056803413,0.031439643,0.11039989,-0.005143485,-0.034663279
-0.055691626,0.04792978273190481,0.11304674676177394,0.14595263905138803,-0.0066253138,0.049256738,0.13999456,-0.0080389325,-0.040485449
-0.039935805,0.05395610478578884,0.11392784023031302,0.1490278024146715,-0.019747309,0.050233539,0.14239438,-0.0027043684,-0.043884084
-0.046051111,0.02840177657085055,0.08668410304154776,0.1110762266564693,-0.0016780659,0.030142268,0.10685983,-0.0050196201,-0.029894954
-0.052190538,0.02930107375840666,0.08814736773260116,0.11349005031388668,-0.0016518378,0.031130362,0.10890766,-0.0077265594,-0.030974399
-0.055590995,0.03452423372947238,0.10360778487202833,0.1276768054088917,0.00061177579,0.037765443,0.12427191,-0.0097962907,-0.027602386
-0.047735244,0.0361173201232358,0.10442489334984609,0.13141294309712287,0.0018756766,0.040032603,0.12711692,-0.0085402299,-0.03221358
-0.041744828,0.03314510909153519,0.10266573687178367,0.12678068610360785,0.0030716234,0.03731136,0.12340058,-0.0079900771,-0.027960649
-0.042415593,0.027260877584147896,0.08753982567546527,0.11181994051259866,0.0031344374,0.030945627,0.1076184,-0.0072251167,-0.029491978
-0.054741181,0.026001831976700012,0.09145031892636561,0.11553824625111435,0.0057665659,0.030695122,0.11145721,-0.010609345,-0.028527504
-0.048036061,0.02490093747992102,0.09315189439724897,0.11486413014565076,0.0082428828,0.030550288,0.11175009,-0.00935602,-0.024862636
-0.048769195,0.04745775437092129,0.11723340290776066,0.14783429592754513,-0.00023039753,0.051458426,0.14292365,-0.0091129206,-0.036671024
-0.027747866,0.06001289746246698,0.11030394522327666,0.14587256565648496,-0.040874764,0.047845326,0.13880414,-0.0037506167,-0.04470066
-0.019943129,0.05973901374849166,0.1086961168033829,0.14439579296867772,-0.039394025,0.048176326,0.13717048,-0.0035185877,-0.044966921
-0.027998714,0.05589647326969653,0.1060511255059782,0.14187133977763106,-0.036663409,0.04516102,0.13441859,-0.0033565497,-0.045253213
-0.019520486,0.05413601650314813,0.10172198373377048,0.13601543638778446,-0.036719251,0.043224826,0.1288338,-0.0061559398,-0.043175865
-0.037277959,0.05414136469499335,0.10028801561145337,0.13367517893722214,-0.036525626,0.043312825,0.12683037,-0.0029167412,-0.042126041
-0.033165298,0.05278697554432909,0.10494954470578967,0.142141720408502,-0.030679261,0.044323105,0.13403603,-0.0036722682,-0.047171239
-0.028374286,0.05015890089414398,0.10098551836493694,0.13492013769289626,-0.03061451,0.041495554,0.12791541,-0.00096391694,-0.042897113
-0.022469778,0.04900908663208521,0.10011651521100313,0.13602287527347423,-0.027306536,0.041650593,0.12811852,-0.0029221543,-0.045599654
-0.020128762,0.040927417911038724,0.048446476202030464,0.08406295862944195,-0.033908952,0.030068429,0.071436368,-0.00074853463,-0.044304244
-0.033290397,0.04249926054504336,0.06574139947705772,0.09431638458223299,-0.032353245,0.032436375,0.086875863,-0.0047067618,-0.036414437
-0.023241438,0.0405717067257642,0.054292327917344285,0.09112859083207743,-0.03165248,0.030639814,0.078523539,-0.0043428913,-0.046039257
-0.02912651,0.03804237675442207,0.06207707494601305,0.0922160083518985,-0.027714977,0.029563421,0.083746664,-0.0037608154,-0.038420629
-0.022954136,0.0553817824143712,0.11021021849587832,0.14816416858731568,-0.030964598,0.047020882,0.14011502,-0.003693074,-0.048028775
-0.036380854,0.058511839383925214,0.1131297389021556,0.15047304143343818,-0.031905372,0.050021917,0.14288026,-0.0034142924,-0.04707133
-0.036868423,0.04573591707724486,0.09534888396728249,0.1279564404376472,-0.024710279,0.039196797,0.1209763,-0.0076548839,-0.040975459
-0.032278955,0.04765445638903807,0.09529301717388453,0.1322684852187445,-0.023969889,0.041595299,0.12349594,-0.0054400521,-0.047054339
-0.016463917,0.04548958481400459,0.09294450556699954,0.12894323552029055,-0.023785099,0.039321907,0.12044483,-0.003835116,-0.045876931
-0.022475271,0.04448898634802706,0.08969626772138356,0.12523264296045236,-0.021183252,0.039339315,0.11671014,-0.0012426263,-0.045391783
-0.025255717,0.05032215678805829,0.11023585425804272,0.14632022968201286,-0.019355481,0.046452083,0.13904233,-0.0035219297,-0.045436066
-0.027685795,0.04257239620692564,0.08646886622391271,0.12159240294291727,-0.019635392,0.037914235,0.11298708,-0.0020867069,-0.044880707
-0.034591176,0.0428419942884536,0.08741545758727975,0.12193365587456406,-0.017836215,0.038970821,0.11362506,-0.0049584066,-0.043961078
-0.016207714,0.04796960173352107,0.11467543916620448,0.14778496383551276,-0.013823983,0.046244342,0.14196762,-0.0027256401,-0.040965367
-0.022574425,0.03943562580548314,0.08442348096713162,0.11933412225095685,-0.016174084,0.03597581,0.11065178,-0.0025339285,-0.044613849
-0.037625071,0.0392917837938896,0.07950589844483644,0.11461560862334733,-0.01597332,0.035904765,0.10529781,-0.0078213019,-0.044586278
-0.027127864,0.04663492347173719,0.11093722538950884,0.14404313399402702,-0.011761096,0.045670044,0.1379959,-0.0031794319,-0.041175809
-0.030443216,0.03767159350290702,0.08470165467845725,0.11826001402013159,-0.013773968,0.035078224,0.11021098,-0.001301834,-0.042863458
-0.020128733,0.04440429475223252,0.11103152970861822,0.1430185893171763,-0.0073986519,0.045098525,0.1373952,-0.0038860301,-0.039519295
-0.025829922,0.03508393017816704,0.08319767558760856,0.11378460477323515,-0.011569894,0.033202663,0.10687614,-0.0038238831,-0.038856208
-0.037744731,0.03572448727728195,0.09008887760983654,0.1173162118375752,-0.0093367435,0.034846455,0.11224072,-0.0043326402,-0.033857681
-0.029579233,0.04299865355952923,0.10763105440906147,0.13944442422007403,-0.0054285494,0.044407751,0.13367315,-0.0044332882,-0.039453547
-0.021623729,0.03688377042439808,0.09735192347413424,0.12293690079617214,-0.0067941151,0.037185136,0.11885867,-0.0058088982,-0.030860247
-0.028821394,0.038213822611920224,0.10453224539543567,0.1317144000661654,-0.0040019518,0.039815255,0.12749738,-0.0038671428,-0.032835141
-0.030355969,0.031306041770698574,0.08130610035102015,0.10863352987210775,-0.0057816701,0.03155547,0.10293537,-0.0046116882,-0.034413453
-0.019868582,0.030844294026731157,0.0830738323446051,0.11101225552105877,-0.0040195268,0.031801831,0.10523038,-0.0021168087,-0.035295993
-0.036625944,0.04544565733105689,0.11257493067413313,0.14362157457869726,-0.0080593508,0.04594937,0.13838297,-0.0064172107,-0.037896302
-0.034847252,0.050118707305093824,0.11506127442558106,0.1496953338967989,-0.014499385,0.048292354,0.1433081,-0.0032830145,-0.04313587
-0.01667781,0.05297043913124617,0.11647302031613047,0.15283298863979344,-0.018230578,0.049806565,0.14587225,-0.0017812434,-0.045563541
-0.030924307,0.054334581140020786,0.11569318181918341,0.15201643995977956,-0.020306656,0.050407272,0.14499375,-0.0040609599,-0.045489769
-0.020038033,0.039973639120142346,0.10880824376651885,0.13903356009099027,-0.00073920918,0.043112002,0.1339318,-0.0044602379,-0.037050102
-0.030673243,0.04669125233348832,0.11891859620306097,0.1508537892932561,-0.00028119102,0.050604168,0.14568844,-0.0045549674,-0.038871538
-0.024614153,0.028043425478363394,0.0851163305310836,0.11115875555657027,-0.00097985857,0.030049341,0.10616934,-0.0065037366,-0.032280669
-0.036414858,0.039576984241213004,0.10633025168559757,0.13664472306199402,-0.00012463999,0.042941961,0.13133222,-0.0058939392,-0.037267812
-0.031797227,0.02722511334896403,0.08274538543109888,0.10799670166743906,0.00042711035,0.029757582,0.10313871,-0.0071900762,-0.031208923
-0.033772815,0.03271458560516802,0.10131869325476671,0.1249353577246089,0.0014128905,0.036139566,0.12173168,-0.0059401793,-0.027476462
-0.017825034,0.026241849467878414,0.08991219529331451,0.11299092206678335,0.0031702411,0.029853793,0.10947955,-0.0028391941,-0.027804956
-0.023568356,0.03395169330147107,0.10617423956818978,0.1314525987800338,0.0046647023,0.038863823,0.12795563,-0.004931421,-0.029712347
-0.0234343,0.02536185612284591,0.09670817528788148,0.11733505927168889,0.0083647799,0.031102754,0.11489818,-0.0053599891,-0.023177465
-0.0082430262,0.057658502700823705,0.1045173206252595,0.14029908600657603,-0.039205171,0.045996305,0.13277823,0.00062827935,-0.045314241
-0.0028765043,0.0583562325453435,0.10767023228639891,0.1446056689188007,-0.03818937,0.047185473,0.13682036,-0.0019432777,-0.046767641
-0.014413836,0.05622833477150537,0.10839446866103486,0.14370042579011605,-0.035561059,0.045989461,0.13663685,-0.0012470402,-0.044481777
0.0019037426,0.05623157597091306,0.11123044584788376,0.146731934973608,-0.033547696,0.046847604,0.13977945,0.00061941176,-0.044627149
-0.0090942942,0.053388368288923314,0.10499054036778391,0.14004834436594976,-0.033668883,0.043707415,0.13285589,0.0012625785,-0.044286083
0.0030305169,0.047310988017621194,0.07672406501904143,0.10333364541223226,-0.036814544,0.035769936,0.097650208,0.0027047878,-0.033689216
0.00060372124,0.05133093794095657,0.10479771959667178,0.140361984585641,-0.031725105,0.042297389,0.13295139,6.8797883e-05,-0.045004554
-0.014596744,0.04624478938687175,0.0896182773892884,0.11443496693928558,-0.033061709,0.036204644,0.11026787,-0.0033654124,-0.030414347
-0.0049033654,0.042407706810073435,0.057380410087255244,0.09112963956665839,-0.034295946,0.031512287,0.080477476,-0.0011646072,-0.042739101
-0.0097573008,0.048713224394112985,0.09937251265293115,0.1364449311276015,-0.02713462,0.041402154,0.12800024,-0.0017159847,-0.047225133
-0.015628168,0.05105830552040342,0.1039847864450535,0.1419223804685124,-0.026218479,0.044338636,0.13343263,-0.0035552715,-0.048218828
-0.0018195581,0.04660722710668166,0.09339894156466529,0.1295359798537883,-0.026063772,0.03956883,0.12104436,0.00044485778,-0.046126295
-0.011656856,0.03896218410324449,0.05706605168885941,0.09012189177401927,-0.030175623,0.029518181,0.079739541,-0.0039860262,-0.041805174
-0.0048592291,0.054735410021519805,0.11042217960907262,0.1470340495467964,-0.027931482,0.04760617,0.1395773,-0.00097245508,-0.046219513
0.00015593218,0.03892840677389545,0.08292872370128307,0.10361901611545851,-0.022974672,0.032538109,0.1006105,-0.00044745728,-0.024783615
-0.0048051099,0.04870858347397818,0.10210961170524814,0.13782878333024523,-0.021961739,0.04359287,0.13015439,-0.0022312147,-0.045294922
0.00050195685,0.043943921886061305,0.08656705144592741,0.12486301997891011,-0.020014727,0.039243188,0.11484426,0.00033571947,-0.049004663
-0.0092619061,0.04348473489001241,0.08641115955753287,0.1243150418279999,-0.020145459,0.038688853,0.11442591,-0.0040781777,-0.048418067
-0.0063860719,0.04040288318419669,0.08315002907613672,0.11888041079713996,-0.01713367,0.03661928,0.10972141,-0.0026445235,-0.045681186
-0.014744092,0.0386699975969283,0.082919935365508,0.11531563553090718,-0.016313225,0.035085,0.10761937,-0.0029312717,-0.04131797
-0.015032555,0.04223399173625319,0.09797174323575943,0.1291463794237294,-0.014259433,0.039828565,0.12304708,-0.0024836888,-0.039141215
0.0033632489,0.0472573653014539,0.11313785347707325,0.14624992832785075,-0.011532336,0.046443343,0.1403549,0.00048580766,-0.041101187
0.0016044308,0.04098364398882137,0.09904323958569339,0.12967914542242182,-0.012583545,0.039181609,0.1238566,0.0029783838,-0.038306039
-0.0082482779,0.04544388926741036,0.11298913401928312,0.14468565649162293,-0.0098165581,0.045201559,0.13931884,-1.6012005e-05,-0.039041001
0.0024211397,0.03615305521702653,0.0833534565213562,0.11532307724407896,-0.01305741,0.033732705,0.10783479,0.0036443407,-0.040715955
-0.0080959992,0.03676946072883085,0.08585340170631037,0.11796724377722821,-0.011537943,0.035047319,0.11063919,-0.00064691674,-0.040924586
-0.0022258901,0.04365551871236677,0.11092597274585479,0.14127396282444768,-0.005850601,0.044942193,0.13627857,-0.0023885425,-0.037158832
-0.015795998,0.03516391149253072,0.0816931581430689,0.11480342043721259,-0.0099797538,0.033964526,0.10669322,-0.0030231427,-0.042275794
-0.0051326989,0.032308662694905656,0.08338217978280268,0.11237587320922647,-0.0084126098,0.03152791,0.10619034,0.00019006856,-0.036768362
0.00023959353,0.035783040103931574,0.09825798811430184,0.12438713541690564,-0.0063199932,0.036190599,0.12024195,0.0016682504,-0.031800155
-0.01200775,0.031928217600488626,0.08369822008278625,0.11298298648356932,-0.0063536903,0.031988569,0.10669636,-0.00089364912,-0.037151627
0.00073368888,0.029646698729285437,0.08266771592152915,0.10791341905354707,-0.0048426897,0.030151399,0.10319844,0.00029208747,-0.031548418
-0.0012667637,0.05098185716420439,0.11741564964319831,0.1520574611367396,-0.015213646,0.04892686,0.14583246,-0.00065709621,-0.043057326
-0.0078547671,0.052438011541170976,0.11826144003760153,0.1547693093649179,-0.016009951,0.050170757,0.14787032,6.0000646e-05,-0.045693588
-0.0082726004,0.049357741356580165,0.1152068700070881,0.1509136349036672,-0.0063353288,0.050931107,0.14413656,-0.00038495782,-0.044714976
0.0029860472,0.04840968259126088,0.11794556014369692,0.1512791710508204,-0.0033608379,0.05116377,0.14558417,-0.00030990539,-0.041116189
-0.010871279,0.040981052058900534,0.10765769457702548,0.13886574231908522,-0.0026944783,0.043376453,0.13336085,-0.0021872057,-0.038649634
-0.013876893,0.046433368364361065,0.11718195811933672,0.15003230050295563,-0.0010028194,0.0500177,0.14446074,-0.002588171,-0.040423844
-0.0052749263,0.038949336754382294,0.10920395200219513,0.1368289047032876,-0.000368345,0.042156663,0.13272467,-0.0021212667,-0.033193544
-0.0060305307,0.033371531533635305,0.10431782137003856,0.1276670580479481,0.00071205734,0.03655576,0.12475688,-0.0030817788,-0.026927704
-0.014381423,0.03014758262911461,0.09616236907605785,0.11875941033462552,0.00060120824,0.033006337,0.1157388,-0.001781641,-0.026554726
0.0032735339,0.031339613042230034,0.10338580196516624,0.12572437044172521,0.0029757293,0.035309236,0.12310693,0.0021955168,-0.025425987
0.021145612,0.057117730262777944,0.10449296556136053,0.13820579858648493,-0.038857959,0.045556214,0.13150609,0.0033106864,-0.042379599
0.0072392072,0.05530254046975448,0.10561092879254505,0.13852777108238257,-0.037199337,0.044288307,0.1322393,0.0012251799,-0.041245725
0.013919322,0.05665375349350878,0.10904111536325711,0.14264358616253361,-0.036739897,0.045951232,0.13630304,0.0011306598,-0.042040404
0.015496697,0.0507673851336498,0.09116182823334056,0.11574793727457125,-0.038173258,0.038948089,0.11178245,0.00058686256,-0.030032057
0.02701919,0.05361788743295076,0.10152885105947572,0.1346896426817401,-0.035643946,0.043118391,0.12800604,0.0038973489,-0.04172007
0.011608103,0.051635741765658445,0.1025181461415742,0.13875069063684933,-0.030300179,0.043233361,0.13090077,-0.00017988337,-0.046007719
0.019125655,0.05245765011472423,0.10291932353323288,0.14015093058996728,-0.030140303,0.044194113,0.13189749,0.0023001996,-0.047329109
0.0064631337,0.04884921289754923,0.09713822135375746,0.1335764797177404,-0.027316943,0.041472495,0.12524116,0.00058329222,-0.04644338
0.022752484,0.04855883395021981,0.09716066188221047,0.13399042601697175,-0.027479282,0.04108813,0.12548237,0.0017064302,-0.046954203
0.012904594,0.041326218422691685,0.05107978319945414,0.08552422600418709,-0.033604536,0.030630887,0.073814899,0.0015012595,-0.043168277
0.025796415,0.04210402254777377,0.06522873487586583,0.09467083598994977,-0.032457732,0.031962652,0.086847506,0.0013509665,-0.037659697
0.025890147,0.05670645591707346,0.11220344622578463,0.1495306326797988,-0.029124135,0.049241185,0.14189328,0.002390157,-0.047116816
0.017575666,0.058288077898044924,0.11566846380114904,0.15347687975377963,-0.028702945,0.051138181,0.14588229,0.0018276419,-0.047646299
0.026328932,0.06191989740209432,0.11550493041151969,0.1516288045610367,-0.037353903,0.051411532,0.14469264,0.0025823184,-0.045262191
0.0075379531,0.05592393071585035,0.11385114232768578,0.15136360401950008,-0.025703281,0.049843147,0.1437736,-3.7556047e-06,-0.047329616
0.015765917,0.049197096699608076,0.09762388880238869,0.135256534371719,-0.02425001,0.043152258,0.12642512,0.0028307582,-0.047989644
0.014155281,0.04474969327625622,0.08535088060906229,0.12542692122900928,-0.023430414,0.038668673,0.11446045,0.0028186964,-0.051213015
0.026352458,0.05240813196468076,0.10960884289437206,0.14624731564164717,-0.02246305,0.047399119,0.13872227,0.001394462,-0.046286765
0.020287151,0.040623539082639964,0.08336915412367518,0.11126190665639046,-0.022231409,0.03469513,0.10550615,0.0030559422,-0.035189848
0.0077026002,0.04505955329183355,0.09071181895137995,0.12838463344503664,-0.020461323,0.040265597,0.11899443,0.0014809204,-0.048174128
0.026304521,0.04324769938338252,0.08465525844826029,0.12241971637624524,-0.020425756,0.038312368,0.11247176,0.0017325673,-0.048308264
0.007649411,0.051250261776469436,0.11393443425304997,0.14892021710965542,-0.018975118,0.047621794,0.14234647,0.00052092341,-0.043754339
0.0083799707,0.041141530782844646,0.08350048432626704,0.1189376284108096,-0.020050108,0.036183763,0.10995119,0.0015766989,-0.045325592
0.019993773,0.04220186119897265,0.08375796370045717,0.12070901906752293,-0.017752577,0.038310908,0.11102463,0.0040968941,-0.04719549
0.024401153,0.046931216963183156,0.10646616060812403,0.13949415588765224,-0.015386476,0.044453043,0.13321485,0.0014739467,-0.041355178
0.014560513,0.04211841946779277,0.09923922078159753,0.12978652762945142,-0.013396941,0.040069118,0.12403116,-0.00061180082,-0.038215701
0.011383403,0.046013456085438005,0.11047241417417947,0.14345429394567544,-0.0099255135,0.045774065,0.13743527,0.0024532543,-0.041044641
0.01123675,0.037012688695498494,0.08353195150122172,0.115226427405568,-0.012921505,0.034724265,0.10790229,-0.00077354658,-0.040418152
0.026883494,0.035080924192847696,0.0818626025075348,0.11296357173056484,-0.012694659,0.032721963,0.10576774,0.00094454287,-0.03966184
0.026540039,0.04131113420849962,0.09987698797818508,0.1292946669444483,-0.0098746102,0.040687256,0.12399674,0.0030815918,-0.036502372
0.019484894,0.03621513605673775,0.0808289561004051,0.11694573922810478,-0.01152192,0.034451924,0.1072649,0.0083522489,-0.045834344
0.017256642,0.031724000208699525,0.07961464423327942,0.10613799743104352,-0.011007357,0.029791351,0.10054035,0.0078292079,-0.033100091
0.0083203735,0.03392244419093571,0.08369187913561572,0.11004792903373904,-0.010308346,0.032476366,0.10495947,0.00018609698,-0.033075999
0.026195195,0.03675949889716732,0.09707808366742286,0.12483910225743151,-0.0050072325,0.037808619,0.11999428,0.0037472709,-0.034236416
0.010303059,0.038827481556287784,0.10364639926384404,0.13131920138259243,-0.0040041893,0.04048096,0.1269017,0.002251996,-0.033698957
0.023891527,0.03056630532886133,0.07660232988482196,0.10310353099449042,-0.0066921897,0.030365357,0.09747199,0.0013679237,-0.033580918
0.014909555,0.031907948725079203,0.08350671955693484,0.1107720972711112,-0.005292682,0.032416921,0.10525597,0.0043227496,-0.034248389
0.019072164,0.047673089557605394,0.11222244868745243,0.1457313561195097,-0.010575081,0.0473013,0.13962464,0.0013149515,-0.041723602
0.017223248,0.052025440640561395,0.11556992555911394,0.15271151797455465,-0.016170284,0.049654499,0.14538012,0.0017593073,-0.04671545
0.022077452,0.042043580483773636,0.1101208093750825,0.14036799061058197,-0.0024399138,0.044638798,0.13533171,0.0045086206,-0.036988828
0.0063275606,0.04189009168825704,0.10925359659182005,0.1404861679220408,-0.0023570063,0.044507246,0.13507135,0.0015893196,-0.03859492
0.025974786,0.0464356319497624,0.11519820015911156,0.14794500677123512,-0.0019038954,0.049637675,0.14225693,0.0050865188,-0.040309034
0.015029401,0.042817521011763296,0.10967687187887128,0.14113863126151072,-0.0017523991,0.045771409,0.13564888,0.0029062463,-0.038872205
0.0095624728,0.02849519818456653,0.08768882724523662,0.10962481587722746,-0.0013319689,0.030390667,0.10642374,-0.00031296813,-0.026296195
0.0076576229,0.03486524440525247,0.10402737624502569,0.129240710588802,3.4996021e-05,0.037891075,0.12569273,0.0034550694,-0.029875766
0.021109296,0.03254446475666391,0.0972453285446993,0.12170202017367149,-0.00013545448,0.03529752,0.11808148,0.0030874077,-0.029302111
0.020063609,0.036343410055596076,0.10871390176552638,0.13547111984329735,0.0035175004,0.040975131,0.13157627,0.0057041841,-0.031742271
0.023290031,0.02909149964492657,0.10098096861056721,0.12163428136598425,0.0062897382,0.034273688,0.1194177,0.0032227903,-0.022889407
0.041843247,0.05815560165128726,0.10475128750390374,0.1383637217149855,-0.04070602,0.045899261,0.13169363,0.0048802835,-0.042160291
0.032487642,0.05606420464472481,0.10273525573946583,0.1373367372630601,-0.037926786,0.044806965,0.1301616,0.0029516974,-0.043710694
0.049305867,0.055826280992434835,0.10217656923096997,0.13592411358837597,-0.036867402,0.044998176,0.12905581,0.0032705928,-0.042535465
0.036516197,0.055071484853735406,0.10326956838300841,0.14103137400136295,-0.032731313,0.045933861,0.13257675,0.002467463,-0.048032962
0.04391709,0.050894265441706506,0.09609440716633584,0.13395950460229702,-0.030944666,0.042154282,0.12487891,0.0046090041,-0.048261411
0.041716196,0.0534407077740356,0.10459127141249022,0.14261338337403995,-0.029168377,0.045674626,0.13412565,0.0040080734,-0.048299301
0.03444064,0.04967536821688085,0.09652474210617937,0.1316195948105619,-0.030520432,0.041010197,0.12376034,0.0049630837,-0.044524867
0.032465823,0.04351053509153225,0.06005869465142301,0.09058246719288056,-0.034745459,0.032519549,0.081677876,0.0059370641,-0.03871252
0.037660241,0.04154788305896075,0.0521618187802301,0.08608886190073842,-0.034174807,0.030629629,0.074651793,0.0065675536,-0.042370617
0.044666491,0.04602257765775969,0.09356220220061048,0.12362102155366114,-0.028849313,0.037751298,0.11766149,0.0037019905,-0.037738919
0.029273337,0.04815344371675585,0.0942025884612639,0.1317071075019299,-0.026722427,0.040968996,0.12265529,0.003379216,-0.047864631
0.030650681,0.040088366339790696,0.05428052672037383,0.08771044513797205,-0.032970674,0.029555192,0.076824464,0.004638697,-0.04206669
0.047788877,0.05838638920742558,0.11107949946963122,0.14745307539939248,-0.03034592,0.050547581,0.1400827,0.005311091,-0.045727879
0.042349156,0.06163797418497867,0.11254254744081134,0.14861128884572603,-0.037064552,0.051228084,0.14147846,0.0044310144,-0.045271698
0.034878764,0.05096993037320331,0.10320529397699213,0.13998386467478088,-0.022764085,0.045708932,0.13192722,0.0035857435,-0.046667263
0.040259745,0.043935984064461,0.08320953435160054,0.11992990519465634,-0.022583656,0.038144119,0.11027813,0.0052810046,-0.046840444
0.047768295,0.044008875932136385,0.08262459195874897,0.12117511386391973,-0.021369487,0.03873869,0.11061948,0.0056423503,-0.04914166
0.032667737,0.04214174876128785,0.0824199975944057,0.11687658961676126,-0.020872381,0.036921326,0.10818665,0.0050595636,-0.043933891
0.048386864,0.04956523199255674,0.10440163981568072,0.13851386898858567,-0.018416822,0.046028227,0.13160205,0.0056372336,-0.042839397
0.040524717,0.047905173344578604,0.10069146216873502,0.13439969946778704,-0.018419039,0.044223864,0.12740384,0.0054776296,-0.042444509
0.035993408,0.03620200443640063,0.08119775976305164,0.10042532083554706,-0.019976526,0.030848891,0.097692683,0.0065054656,-0.022339733
0.033724006,0.044688377760717594,0.10110005589159814,0.13292584513799607,-0.015489854,0.04197263,0.1267762,0.001858969,-0.039920166
0.041591082,0.04096679453083856,0.08660968703614493,0.1222798477547363,-0.014608043,0.038303956,0.11339971,0.0048278952,-0.045492399
0.033329602,0.038101857071479464,0.08094899209897374,0.1177663816646375,-0.013853335,0.035511956,0.10792646,0.0019337219,-0.047085673
0.043331847,0.03652343903732143,0.07671856686829542,0.10958392108059752,-0.014123024,0.033682749,0.10117158,0.0030035111,-0.04199912
0.047718015,0.03834168150798031,0.0874500050026677,0.11946742764837133,-0.011093272,0.036944069,0.11221535,0.0059791203,-0.040551592
0.039531328,0.033335180099191314,0.07975016501887579,0.10768523939985172,-0.009529029,0.032169186,0.10159445,0.0057500987,-0.035236556
0.03830057,0.03769579063458597,0.10163777398929097,0.12965399768461694,-0.0046625813,0.038972065,0.12488046,0.0073298495,-0.034077898
0.046743885,0.03260044183181223,0.07945990846784165,0.1085487741079768,-0.0078293839,0.032092452,0.10201241,0.0031563607,-0.036964063
0.032098763,0.033695778087861825,0.08232364878947476,0.11082215301989765,-0.0063204626,0.033922881,0.10471473,0.0045047095,-0.036001146
0.038808189,0.043781408175449545,0.10628674484425489,0.13915551712756738,-0.0045120465,0.045647137,0.13286318,0.0056383861,-0.040985875
0.031587247,0.04513179476991346,0.110555542961296,0.14325268061387628,-0.0055765207,0.046662301,0.13729565,0.0055448012,-0.040502965
0.044207469,0.04697772304199237,0.10943747109597896,0.14162072897837025,-0.0076759299,0.047776498,0.13579343,0.0055235256,-0.039825443
0.035888109,0.050542606605764054,0.11463017508011573,0.14857334765502708,-0.012575955,0.049569309,0.14239128,0.0053005847,-0.042079292
0.043748401,0.05199415375849502,0.11527775511255682,0.14996040260792642,-0.013848533,0.050606035,0.14354929,0.0044494844,-0.043150038
0.028531387,0.050422493474002746,0.1147827966354362,0.15017324837430454,-0.0089905476,0.050960738,0.14345351,0.0044986429,-0.044191144
0.039908245,0.03012289372024386,0.08662028891237106,0.10972761277582457,-0.0035971208,0.031197431,0.10591153,0.0069792303,-0.027824219
0.030542854,0.02992456519965578,0.08666190770998962,0.11185824020259623,-0.0015534819,0.031849448,0.10740019,0.0015744888,-0.031224767
0.04486955,0.02797435800427384,0.0870918914622987,0.10990689298125966,-0.0013456019,0.02981906,0.10624637,0.0063356827,-0.027406078
0.044832572,0.04187832001205101,0.10551609040427967,0.1370418485637452,-0.0004413914,0.045307588,0.13122632,0.0055815498,-0.039102014
0.049178194,0.03832479500082102,0.10092863229211908,0.12970574932536993,-0.00020366523,0.041548088,0.12453348,0.0092039071,-0.035075374
0.037135903,0.039155418494141975,0.10554230988451639,0.13556859799135604,0.0017895026,0.043296494,0.13032329,0.0057027116,-0.036907505
0.02995307,0.03967652950226949,0.10828432592691524,0.13794034512071993,0.0026688166,0.044235855,0.13298494,0.0059141261,-0.036160305
0.049955249,0.03414871811956416,0.09895855826256368,0.12410896314578222,0.0033461177,0.038518157,0.1201495,0.0089288848,-0.029789384
0.039319612,0.03365404221606824,0.09964988499258369,0.12512925443039094,0.0035009945,0.038046502,0.12120911,0.0058680633,-0.030516353
0.050756741,0.05055942946687326,0.0973618266872419,0.13452228778481207,-0.028860845,0.042675059,0.12583172,0.0053751073,-0.047262378
0.055630755,0.054970287529815524,0.10062676319876562,0.1341442021363779,-0.03648331,0.044231296,0.12723786,0.004769084,-0.042219069
0.072378486,0.05407659906265543,0.0948047458359981,0.12828655577545273,-0.035171989,0.043817051,0.12101923,0.0028552548,-0.042469211
0.065303475,0.05370101731483056,0.09547888812175592,0.12963194192731956,-0.034668364,0.04362281,0.12211588,0.0038583428,-0.043327421
0.060186263,0.0516413234860011,0.09469870962780652,0.12747679466992892,-0.03294671,0.042116039,0.12043537,0.0058807456,-0.041365102
0.070867233,0.05092476382288727,0.0898521747932819,0.12642163547231874,-0.027529418,0.043637101,0.11741664,0.004343986,-0.046657179
0.061204311,0.040435927683993914,0.04798473195066774,0.08213078490841302,-0.033264432,0.029808076,0.070126459,0.0054756301,-0.042400036
0.056743804,0.041858902948214996,0.05929465612296008,0.08868149764790374,-0.031878736,0.031942133,0.080293253,0.0042656423,-0.03740596
0.065520205,0.03953706351686654,0.05410329664839841,0.08727587903145748,-0.030556791,0.029980911,0.076503739,0.0044684708,-0.041764695
0.068845153,0.038797569288373,0.05293679956078669,0.08523283941231337,-0.030031221,0.029400645,0.074737199,0.0056186346,-0.040588409
0.054230072,0.03802717177114454,0.05805365367308365,0.08960854334630658,-0.0279832,0.029433049,0.080071025,0.0036927511,-0.040058527
0.063724689,0.056088060684341884,0.104803497948069,0.14087759619917642,-0.027412217,0.049296051,0.13321121,0.0046626958,-0.045601863
0.055572748,0.05731285009543795,0.10709758853930515,0.1440935964934559,-0.030125197,0.049475022,0.13621192,0.0043651601,-0.046799816
0.072298445,0.0560657181411275,0.10404860976430569,0.13846785476022766,-0.026533246,0.04964488,0.1314182,0.0051832455,-0.043309785
0.071756616,0.06037070702455318,0.10503089152128992,0.1393146028846352,-0.035238821,0.050626352,0.13241605,0.0035941591,-0.043146614
0.060648508,0.04951742859385473,0.09228546447731895,0.13025152961660086,-0.025101231,0.043138932,0.12082127,0.0044983434,-0.048450455
0.053952046,0.04628513115380305,0.09077612664818438,0.1268768253478671,-0.024899429,0.039713152,0.11815622,0.0041987426,-0.046034846
0.062377214,0.04549342069237648,0.08605056648799855,0.12090605843667067,-0.024446446,0.039045349,0.1123435,0.004768258,-0.044435084
0.070386693,0.04651173732227165,0.08470785816514656,0.1222574965859519,-0.023404928,0.040593706,0.11237679,0.004377062,-0.04794991
0.055955298,0.05094499261018909,0.10346346224590795,0.1387915978347527,-0.020492828,0.046645932,0.13132238,0.0054790033,-0.044581618
0.05348435,0.040954300676299654,0.08071489132203513,0.11397352710704602,-0.019219721,0.036332842,0.10564034,0.0063932831,-0.042299047
0.06506376,0.04860612045937112,0.09923682230479744,0.1317806795320873,-0.017871855,0.045217611,0.12514901,0.005891934,-0.040855329
0.061911587,0.04096798409942141,0.07856005579954467,0.11361347134794346,-0.019029114,0.036428615,0.10432957,0.0047907578,-0.044725947
0.070799954,0.04133541533118046,0.07967646133761745,0.11250380337786214,-0.018796897,0.036926348,0.10428282,0.0061983443,-0.041758589
0.067825511,0.04380730146808267,0.09305144507676058,0.12373427691479189,-0.014229531,0.041550439,0.11728197,0.0099767232,-0.038152009
0.051756132,0.04277680351645513,0.09556008558930378,0.1263562557130985,-0.013228774,0.040855743,0.12010918,0.008107597,-0.038392123
0.055204,0.03611002724278548,0.07371152405896546,0.10416597060059699,-0.013672978,0.033424668,0.096373223,0.009428408,-0.038390838
0.055369016,0.045203686624569694,0.10906015818517913,0.13886324608480285,-0.0091657359,0.04521687,0.13388041,0.0065181172,-0.036284309
0.059119381,0.0398334860422278,0.090477517841447,0.12084786238984734,-0.011391764,0.038438004,0.11452232,0.0051660752,-0.038238145
0.062984616,0.035245468876828334,0.07642929538901552,0.10399938860634377,-0.01318563,0.032692313,0.097840227,0.0050755818,-0.034891278
0.066071279,0.03853359184284068,0.09330531625439849,0.12203512309653441,-0.0083844559,0.038302377,0.11644687,0.0083647119,-0.035534903
0.053604446,0.03197302915650325,0.07770884206035308,0.10445830847022294,-0.0074262074,0.031581994,0.098493427,0.010550091,-0.033155371
0.068883419,0.03495098325653132,0.08901434567350804,0.11718638079516387,-0.0052126823,0.035756711,0.11141813,0.010800495,-0.034669835
0.061298121,0.03176744324342619,0.0801179512355052,0.1077669880708641,-0.0054125935,0.032213382,0.10163631,0.010042121,-0.034393895
0.063617907,0.04467469577903857,0.10657321126551847,0.136947771279225,-0.0040140529,0.046828955,0.13158239,0.007368451,-0.037235368
0.071682535,0.04677186468121053,0.10349179747888539,0.13589941667236466,-0.0070140264,0.047833823,0.12948748,0.0093113678,-0.040186346
0.051263522,0.047066545721730434,0.1081807590030669,0.1413390389332818,-0.0048422269,0.049075827,0.13500501,0.0073634526,-0.041184351
0.068156883,0.05010613636086596,0.10759213959013533,0.14055369364114198,-0.011084439,0.049728256,0.13423696,0.0080306232,-0.040881395
0.058680292,0.04878505782780034,0.10969862857535134,0.1433666184708219,-0.007224407,0.049931575,0.13694306,0.0069189752,-0.04186542
0.052735761,0.05235195362347813,0.11313387214158743,0.14786082687567506,-0.012799193,0.051440153,0.14127129,0.0057386141,-0.043270256
0.051055241,0.02846648579491353,0.08526690405407762,0.10909718456770755,-0.0024117432,0.029901138,0.1048691,0.0085659623,-0.028832132
0.056730717,0.03720683197058023,0.10071463628665502,0.12659676359616095,-0.0016258468,0.039729897,0.12251806,0.0079245493,-0.030875023
0.057475872,0.028560060735195496,0.0862953213636469,0.10926485470773703,-0.00070390833,0.030727727,0.10540029,0.0087179281,-0.027451504
0.068716206,0.03318093506916013,0.09608766060978843,0.11961945588050277,0.00046151585,0.036242355,0.11595722,0.01093631,-0.027260493
0.067195602,0.0413874818415174,0.10557529108877159,0.13453611695900042,0.0020553342,0.045834158,0.12951677,0.010283645,-0.034923054
0.06007354,0.0398862327625217,0.10360458544433815,0.1327047062480202,0.0021395218,0.044238996,0.12762879,0.0077356072,-0.035518888
0.062608317,0.028666472152332013,0.09092918822431663,0.1126351332473605,0.0034998201,0.032627705,0.10943679,0.0089543676,-0.025101425
0.083700202,0.05602067309172362,0.09475566267954251,0.12545162025535037,-0.036479063,0.045374196,0.11932688,0.0029384622,-0.038607903
0.078379594,0.05657982831444206,0.09730390646361435,0.13030613480162218,-0.035819858,0.046261456,0.12340612,0.0034699254,-0.041696258
0.091477275,0.05391769129729704,0.08606509991902449,0.11411449757574754,-0.036116801,0.043243371,0.10847395,0.0032734259,-0.0352818
0.080877572,0.05050789875128696,0.08798180700895372,0.12173741481275718,-0.029012416,0.04255474,0.11383262,0.0036168164,-0.043000598
0.076339766,0.042044265472245004,0.04618481237930898,0.07971516626430436,-0.03423924,0.031141529,0.067794777,0.0059166648,-0.04151348
0.075866587,0.04743550826011661,0.08410051601459823,0.11662066917398631,-0.02738107,0.039909482,0.10889331,0.0060931044,-0.041297719
0.092793934,0.04515962563294378,0.07615095755479882,0.0979937067492977,-0.031415343,0.035724606,0.094171494,0.0027605048,-0.026960636
0.093547381,0.040821226219776977,0.043100452983841415,0.07120559996859423,-0.033944979,0.029937774,0.061819725,0.0005316828,-0.035330955
0.085598864,0.04744984536180648,0.08252129240806502,0.11495657354654584,-0.026680393,0.040222477,0.10721581,0.0026190602,-0.041387491
0.074536182,0.039366603955879105,0.05810392405318254,0.08644604295081688,-0.029163256,0.030387251,0.078318976,0.0075664776,-0.035802301
0.082861081,0.04035398824684378,0.068251670496298,0.08937881094844606,-0.028446943,0.031763963,0.085300736,0.0046651936,-0.026279122
0.089291736,0.038881004077407445,0.04934667364649663,0.08014434845827516,-0.030013515,0.029498801,0.070026591,0.0048288121,-0.038679138
0.088658966,0.05650149749685007,0.09443047292237274,0.12616006822037582,-0.032199357,0.047713172,0.11959418,0.0028283352,-0.040069882
0.088143326,0.051327297582180055,0.0902153018757937,0.12381298658073613,-0.025151771,0.045083649,0.11614704,0.0036171251,-0.042736836
0.094340079,0.04628157373788184,0.07614660936861711,0.11066073106105333,-0.024001002,0.040090647,0.10141473,0.0046585263,-0.044035759
0.078137718,0.051423327957072364,0.10039956472803804,0.1333579481922876,-0.020289246,0.047251992,0.12665389,0.0052077924,-0.041424792
0.079658188,0.04499299381998925,0.0811518421163381,0.11613432008453675,-0.020319464,0.040253505,0.10709389,0.0053351237,-0.044605106
0.089192189,0.04257529900645789,0.07360932940219503,0.10507178837964082,-0.020372398,0.037604548,0.096951611,0.0062663429,-0.040014982
0.077746972,0.04070717387227077,0.0770318468348143,0.10813134512990528,-0.018208062,0.036493797,0.10054002,0.0026924813,-0.039709479
0.08894334,0.04752685170578853,0.0948517336724116,0.1246492253318284,-0.01583197,0.044911016,0.11880708,0.006566314,-0.037137456
0.093566902,0.040131005053577654,0.07212773155656341,0.10414080332188143,-0.01587864,0.036856651,0.095698096,0.0042606075,-0.040853746
0.084687546,0.04210679307843739,0.08629738289326447,0.11478085634797801,-0.014456044,0.039606925,0.10886668,0.0073782522,-0.035612531
0.080206059,0.047415421963310625,0.10115862844712153,0.13274306096061458,-0.011914831,0.04645269,0.12659132,0.0069381874,-0.039334711
0.07985118,0.0373310228281871,0.07735119268950547,0.10746670840071287,-0.012768866,0.035134882,0.10027087,0.0055824709,-0.038258098
0.073371068,0.0372985475566855,0.07670534410682504,0.10843502260143731,-0.012645382,0.035152018,0.10048065,0.0054046581,-0.040405232
0.093051583,0.04306516319415781,0.09283784663206979,0.12107832375250083,-0.008899807,0.043006543,0.1156223,0.0090104463,-0.034788735
0.075309493,0.042598204445837576,0.09900551250797189,0.1277076057665205,-0.0069710766,0.043317955,0.12243827,0.0094240969,-0.035061218
0.086776704,0.03469457902738225,0.07842196544292729,0.10552706492280403,-0.010831606,0.033093072,0.099545352,0.0091472929,-0.033808451
0.080315761,0.031286627070598864,0.07866092223972151,0.10280260417372813,-0.0094712945,0.029968226,0.098113537,0.0072562825,-0.029823743
0.087112479,0.0392875321585923,0.09203858349656055,0.11718779686011989,-0.0061506694,0.040069614,0.11277954,0.010271615,-0.03013717
0.073658399,0.03216251136252059,0.07756766632585332,0.10479420057739748,-0.008619112,0.031281482,0.098795362,0.0070530237,-0.034227997
0.092780322,0.033907950458691584,0.0772991256229952,0.1032171857078788,-0.0076763844,0.033577822,0.097645558,0.0090483921,-0.032206506
0.091907956,0.04791960913669217,0.09684548503078477,0.12860669922822543,-0.0074239261,0.048906695,0.12204161,0.0085449582,-0.039654914
0.085436203,0.05306693816434027,0.10250496046951194,0.13510792156156468,-0.015660333,0.051002402,0.12863918,0.0069658686,-0.040713493
0.080781564,0.04949878110711266,0.10426709348342882,0.13565831681048943,-0.0058367574,0.051295958,0.12972075,0.0086031081,-0.038751677
0.093193501,0.05260354121201297,0.09818105042710719,0.13065649776503555,-0.013291568,0.051504467,0.12394097,0.0072344802,-0.040711407
0.080447234,0.03619433246931635,0.09294121894552057,0.11619229739798304,-0.0026876852,0.038179234,0.11258639,0.0087021487,-0.027372018
0.082249388,0.044675117268429675,0.10014021429788057,0.13081525518639434,-0.002450987,0.047492895,0.12482373,0.010225877,-0.037776962
0.088068411,0.033480356651737285,0.08648442972297915,0.1096760943189816,-0.0011017565,0.035904065,0.10558977,0.011319185,-0.027413905
0.093561359,0.04453125591634915,0.09931038889825292,0.12786066907687454,-0.00034837163,0.048229117,0.12260078,0.010762002,-0.034663796
0.077375986,0.030247551344208184,0.08317373833245278,0.10675659995339445,-0.00088835257,0.032482658,0.10237399,0.01072479,-0.02831107
0.07466121,0.044093094778982524,0.10519363147225816,0.13498928251306197,0.00026019427,0.048011437,0.12969828,0.0089877183,-0.036327448
0.08953055,0.030376416129579652,0.08934120763083375,0.11129858982126561,0.0035689187,0.034514651,0.1076574,0.013175017,-0.024973571
0.08200708,0.028727587106414085,0.08741538659483547,0.10993344286213806,0.0033806991,0.032643534,0.10607133,0.012230552,-0.026165787
0.073982581,0.02598069989585291,0.08483470376046036,0.10724824093583737,0.0033295946,0.029637732,0.10336232,0.011048184,-0.026388513
0.09015505,0.025982696799541242,0.08210779823127563,0.10571149503515205,0.0050623538,0.030375414,0.10107452,0.01327048,-0.027977776
0.10301828,0.05922084839478786,0.0847328432386441,0.11243516383891787,-0.037993152,0.048208047,0.10685764,0.0024981787,-0.034883663
0.11659528,0.05624684086893112,0.06545902488560712,0.08810135183452707,-0.040080018,0.044091381,0.083251968,0.0036071958,-0.028599758
0.11117452,0.05751954318522046,0.08013495054832297,0.10699293926552814,-0.035208307,0.047541913,0.10144868,0.0024243558,-0.03390836
0.10150821,0.05283711828577755,0.08003660786002414,0.10684525598459492,-0.034479383,0.042764522,0.10130414,0.0031014618,-0.033819534
0.1056941,0.05569650321689191,0.08283331861249547,0.11105440286080112,-0.032751668,0.046604216,0.10511873,0.0035095203,-0.03564851
0.095569663,0.05232113109628718,0.08514575527632959,0.11669949063051481,-0.028930731,0.044559237,0.10951079,0.0044683339,-0.040077325
0.099478111,0.04343518837917725,0.04822893745781958,0.07564588056098426,-0.034589957,0.032503702,0.067158923,0.0014332569,-0.034783963
0.11447078,0.050945655338540244,0.06944559181809537,0.09391601961587083,-0.03177676,0.041856907,0.088614218,0.0022144474,-0.031029588
0.10302056,0.04723695168907724,0.0737515160050888,0.10286884665645608,-0.02670748,0.0399797,0.095871806,0.0036946586,-0.037107222
0.11002512,0.04023121319520548,0.03806136935778403,0.06418950389213893,-0.032698981,0.029825702,0.055088416,0.0061458959,-0.032369535
0.10621521,0.040135986241706,0.05157340549701303,0.0758526076047968,-0.030279474,0.030749271,0.069143318,0.0042482032,-0.030899392
0.11451673,0.05486147680082139,0.07653485480491203,0.10436837180647882,-0.026790969,0.048227243,0.098134972,0.0038858869,-0.035315495
0.095941924,0.05913845511437685,0.09181023136133613,0.12081685996425866,-0.036649518,0.048688877,0.11516222,0.0037625127,-0.036334835
0.11110454,0.062244460438497545,0.07756748843038914,0.1033338425305977,-0.042404663,0.049620204,0.098073989,0.0011133699,-0.032529004
0.094906881,0.030953309488820357,0.07344796729452316,0.09755618387146538,-0.0061871279,0.031000169,0.092461966,0.0087698745,-0.029851016
0.10902219,0.05041280458005991,0.07292263960306948,0.1022797553867329,-0.02548744,0.043947697,0.095112704,0.0035986877,-0.037440237
0.10965762,0.04594524152887781,0.06557045192460234,0.09311046723932587,-0.024899755,0.039343771,0.086185105,0.0009554745,-0.03522462
0.11204888,0.03735581296452115,0.0548123210098149,0.07059987282964277,-0.024203012,0.030308306,0.067785189,0.0035698584,-0.019410469
0.099836923,0.05028964427989077,0.08156084432939839,0.112824439696234,-0.023198137,0.044785652,0.10549296,0.0041953456,-0.03978679
0.10235572,0.04563569323831924,0.07353654457938467,0.10427079257965763,-0.019220358,0.041418251,0.096512936,0.0048512127,-0.039167807
0.11266862,0.04281023016586394,0.06382181131214676,0.09138971302523687,-0.019299863,0.038315032,0.084298342,0.001718992,-0.035254989
0.095705196,0.03687563756956367,0.06468336202768046,0.08930897841105992,-0.01841156,0.032244988,0.083530433,0.0047711823,-0.031240938
0.1160795,0.048024578833572,0.07725574964526953,0.10290800341711911,-0.016743831,0.045064665,0.097636469,0.0037601364,-0.032296106
0.099359706,0.04029484352190566,0.06471687468880388,0.0978296105623785,-0.016785998,0.036649488,0.088198282,0.0038613966,-0.042151932
0.10649047,0.04269697783265339,0.07857645839697751,0.10451049258981962,-0.014774728,0.040112805,0.099090457,0.007586753,-0.032341391
0.10257479,0.03682071213574518,0.06547290740703524,0.09448060257688927,-0.013837666,0.034126822,0.086804412,0.0052452339,-0.036933262
0.10900697,0.039630329213891,0.07818541316416029,0.10102900616860991,-0.0093596634,0.039079878,0.096816652,0.0070859576,-0.027985446
0.11062087,0.035894384504037896,0.06416037305554097,0.08853090966289873,-0.012008993,0.033896722,0.082687378,0.0080354642,-0.030593313
0.10235006,0.03382161185384863,0.0718906836132806,0.09545185232157988,-0.0086190579,0.033083886,0.090612032,0.0056159799,-0.029478408
0.098372437,0.039780907723473195,0.08758491833907907,0.11412470763911121,-0.0043011219,0.041390684,0.10901764,0.0084899804,-0.032672975
0.11587225,0.039056421660627776,0.07183815737324438,0.09316744321014649,-0.008246541,0.0389289,0.089186557,0.0060518533,-0.02625463
0.11662811,0.03329074494501515,0.05867785229896898,0.07863330277398656,-0.010559746,0.0316834,0.074390665,0.0045025423,-0.025078923
0.11162536,0.03304955389499219,0.06951839098709238,0.09026205691384087,-0.0050681354,0.03375243,0.086277924,0.0078280373,-0.025339309
0.10320052,0.029916984904035847,0.07276510522862717,0.09464728480812777,-0.0043257596,0.030664451,0.090397857,0.0084572993,-0.026735932
0.10874923,0.04650851054904674,0.08520698587989624,0.11324254595974624,-0.0087259831,0.046821043,0.10749114,0.0057549276,-0.03516262
0.10034367,0.049258565597808286,0.09261096590924363,0.12256274296566359,-0.012489888,0.048210911,0.11649752,0.0069894921,-0.037431281
0.10153259,0.0469098711660903,0.09096846182626712,0.120997979972319,-0.005317864,0.048703726,0.11476081,0.0078071747,-0.037543517
0.1132994,0.048637497189649735,0.08637071300702609,0.1133106564442593,-0.0069465577,0.049889211,0.10809137,0.0051683728,-0.033598341
0.10847286,0.052343825473960076,0.09052414046372503,0.11993110975449435,-0.01637475,0.049913589,0.11403209,0.0037178756,-0.036963914
0.10386544,0.04404545659243251,0.09200983149351691,0.11980574014930473,-0.001398231,0.047255725,0.11447302,0.0089263394,-0.034200344
0.11380658,0.029204672095386,0.06814494987970292,0.0881516603941734,-0.00079829141,0.031387944,0.084278479,0.0092153195,-0.024143966
0.097525708,0.027501558250412936,0.07386652517095406,0.09726402650662656,-0.00030637436,0.029746555,0.09228652,0.011782709,-0.028366474
0.11229677,0.04284023994038466,0.09033201257794432,0.11492690972643094,0.00072169834,0.046846282,0.11065614,0.0096448101,-0.029502388
0.10677405,0.04028534038022698,0.08957231720601798,0.11675242514260688,0.0017112521,0.044490781,0.11146916,0.0096296296,-0.033362035
0.09736532,0.03595280115798819,0.09041395026524572,0.11530793875561672,0.0023054639,0.04003631,0.11082368,0.011519198,-0.029687384
0.10115027,0.03252581798029934,0.08698678349049253,0.11049964631107324,0.0033980228,0.036777135,0.10623555,0.01263645,-0.027649591
0.12268355,0.06048542717837741,0.06628513794498098,0.08833244816038502,-0.040112011,0.048682433,0.083815314,0.0020177776,-0.027812643
0.13670106,0.05980614179051913,0.04539811616186627,0.05972990762642518,-0.040884465,0.047616597,0.05693176,-0.0021828364,-0.017935211
0.12678136,0.056074403030298856,0.053116937410584646,0.07166203925677295,-0.03911509,0.044313639,0.067685015,0.0011414965,-0.023513477
0.12031163,0.0528191628542212,0.06591372633585521,0.09019573779007269,-0.031544257,0.043990903,0.084729113,0.00067162293,-0.030915974
0.12847933,0.0526724357033568,0.051307472545098945,0.07342405155513858,-0.032208811,0.043549418,0.067736059,0.0020060746,-0.028264701
0.13815582,0.054744871696288076,0.038993079996115766,0.05248073052059408,-0.035762429,0.044292409,0.049544826,-0.0036162785,-0.016925124
0.12620643,0.04811299589607442,0.05391113141474688,0.07561090249258375,-0.028872788,0.040012281,0.070337057,0.00090858084,-0.027728712
0.12346525,0.04008466362660432,0.03229425670778602,0.051054207582308116,-0.032291066,0.029839646,0.045155175,0.0021261026,-0.023728084
0.13655616,0.04334993789197231,0.021813354415505387,0.03293941651614237,-0.034498706,0.032449823,0.02967795,0.0023875928,-0.014089849
0.13542014,0.04512607865258518,0.03488668036736463,0.04762113476806874,-0.030178843,0.036213025,0.044718269,-0.0031617917,-0.016063996
0.13470824,0.05601569241762721,0.05001072352390353,0.06859235348624454,-0.03052835,0.047894713,0.064375073,0.00083995005,-0.02366549
0.12603754,0.05712158437649771,0.06466916178328182,0.08675279225492417,-0.031092808,0.048856512,0.082120866,-0.00080106145,-0.027956549
0.11875603,0.04742720428441392,0.05882464399800191,0.08306678784263613,-0.025144301,0.040849913,0.077030107,0.0032128629,-0.030921374
0.13593046,0.05458178766562077,0.0517071045125398,0.06918877389878028,-0.024508329,0.048892323,0.065553755,0.0011615298,-0.022100735
0.1363344,0.05091809768654258,0.0420858575977492,0.06198900970436754,-0.024144558,0.045066647,0.05649633,0.0025156715,-0.025386481
0.13609007,0.045049231908106196,0.03255680028656392,0.05110376369613313,-0.024364799,0.038597457,0.045359965,-4.5589219e-05,-0.02353861
0.12866436,0.04468684551428825,0.04491466425502609,0.06553294374402606,-0.023465294,0.038585592,0.059973851,0.0019871909,-0.026339229
0.1179179,0.042268606053963716,0.056487415531527356,0.08079621087192429,-0.02051696,0.037210006,0.074549936,0.0023669861,-0.031060137
0.13591222,0.04561643010561522,0.03796214480727293,0.05769159803998785,-0.021345003,0.040495466,0.051904079,0.0017859502,-0.025121653
0.12346369,0.04402573998134072,0.05448618961692936,0.07596481577089256,-0.019531207,0.039537314,0.070770726,0.0042466815,-0.027278623
0.12546934,0.04733440510141948,0.06368929070606763,0.08614924608172449,-0.015216882,0.044963039,0.081256725,0.0032946691,-0.028428549
0.1217142,0.038574273476586714,0.05534974781491911,0.07760221885278268,-0.015725605,0.035230439,0.072198845,0.00099919573,-0.028432952
0.1266045,0.040580274075517946,0.05619531679856701,0.07526757928208794,-0.013907065,0.038181603,0.071252637,0.0032187412,-0.024039757
0.13614109,0.04780064359679757,0.050727648998580926,0.0673283354471372,-0.015011758,0.045556612,0.063991666,-0.00046366925,-0.020927409
0.13636154,0.039073379732386816,0.03343010900426577,0.049959879941556186,-0.016413392,0.0354807,0.045278985,-0.00023251682,-0.02111277
0.13646203,0.04230640499381157,0.04326728638563256,0.05841558613959582,-0.014047995,0.039996982,0.055157531,0.0010238414,-0.019208832
0.12094694,0.03261457725650713,0.056479173119880474,0.07548056352076307,-0.0088889124,0.031658065,0.071541436,0.0018555765,-0.02399365
0.12753439,0.0345662822136272,0.046591122230853974,0.06537407446274573,-0.011841919,0.032524843,0.060748857,0.0036545929,-0.023874462
0.13515756,0.03642522588190116,0.039448741170114356,0.05412629529143557,-0.011445591,0.034712557,0.050779253,0.0016320479,-0.018667076
0.1232834,0.029420797725910473,0.053665837089164434,0.07023616843737408,-0.0050813048,0.029804703,0.067099296,0.0010584668,-0.020728808
0.136035,0.03722162269444077,0.04528503306613896,0.0588603954769295,-0.0071892347,0.037384447,0.056376729,-0.00015448923,-0.016917054
0.13713296,0.03356347135543797,0.03610131341011586,0.04960162059063989,-0.0083105788,0.032934394,0.046442796,0.0037109787,-0.017018111
0.13710505,0.030713948695286913,0.04164958415397836,0.05427619748362202,-0.004706074,0.031368807,0.051858298,0.0037409354,-0.015576519
0.13555102,0.04238743279416396,0.05223981584770233,0.07191077691250691,-0.0038323298,0.0444213,0.067378283,0.0021310544,-0.025035683
0.13538036,0.04878274747219034,0.053536692631887685,0.07441980361211385,-0.010260161,0.048640464,0.06947758,0.00054716691,-0.026662214
0.12653209,0.04682102154768564,0.07080046482511144,0.09505290704567154,-0.0065338002,0.048091069,0.089881271,0.0048260028,-0.030547045
0.1249003,0.052600308612032645,0.0708996720174253,0.09695073772228575,-0.017600333,0.049671993,0.09107323,0.0030694231,-0.033101223
0.12301379,0.055417696806014945,0.0729112631763501,0.10023714261043966,-0.02282293,0.050515831,0.09398558,0.0014764384,-0.034814015
0.12354532,0.050469100353580536,0.07904683515397343,0.10239223485341965,-0.0085630072,0.05119285,0.098176464,0.0023368378,-0.028984321
0.11750668,0.04766869710099139,0.09024501265134466,0.11355883726311626,-0.0032465148,0.05040732,0.10986444,0.007017069,-0.027859919
0.12239524,0.03943370579284167,0.07399540151957773,0.09722523842166894,-0.0025166664,0.041770954,0.092734978,0.0025612474,-0.029093141
0.1279359,0.028846002030669116,0.04904468647224504,0.06443147710247978,-0.00285014,0.030127341,0.061385285,0.0043205218,-0.019094374
0.1192776,0.04221171654113765,0.08068966653016792,0.10576839428163512,-0.0020179744,0.045000557,0.10089569,0.0058695814,-0.03118591
0.12680468,0.03602194019735183,0.06390291890907795,0.08494734610292261,-0.0012467537,0.038603593,0.080622017,0.0044601532,-0.026386531
0.136044,0.04078606440197881,0.053548054114070015,0.07244490284230957,-0.0010228341,0.043874197,0.068331786,0.0024906765,-0.023933815
0.12686259,0.0419213013011279,0.07641592052781652,0.09740884061949794,8.3898904e-06,0.045545202,0.093824305,0.0060857809,-0.025464589
0.12288112,0.03045133430268082,0.06801771615627819,0.08702362347485032,0.0027585782,0.03425207,0.083707161,0.0056141624,-0.023123655
0.11772215,0.03262818916865948,0.07821921666475287,0.10004341952857175,0.004584251,0.037391871,0.096062377,0.0099170608,-0.026121972
0.13616151,0.03765650385036616,0.05475313685173458,0.07189505366994063,0.003368363,0.042338319,0.068586439,0.0021714617,-0.021449566
0.13625802,0.03263110951276978,0.04804163262721464,0.06395560685142455,0.0039863815,0.037141263,0.060717344,0.00044620028,-0.020087924
0.13628249,0.027602697332698264,0.04436824673965693,0.05624950599101946,0.003305827,0.031389717,0.054350331,0.00032090352,-0.014489495
0.12537186,0.02690314639835843,0.06631768634994976,0.085750996432978,0.0077272705,0.032506544,0.081957772,0.0095280036,-0.023353247
0.13731229,0.048321526634590224,0.06082719391569707,0.0791331039331438,-0.0025107895,0.051428825,0.075756237,0.0018493383,-0.022795189
-0.13667044,0.08381450425248027,0.06818732052867682,0.0907650302230051,-0.045219652,0.071858153,0.086169697,-0.0011573243,-0.028490957
-0.13512,0.0714123784631453,0.05591474871720041,0.07582804894421971,-0.042292159,0.059627622,0.071478896,0.001016558,-0.025290849
-0.13561766,0.07665812294842164,0.06483806822538876,0.08545720543471307,-0.040557321,0.066062786,0.08143416,-0.00051519444,-0.025906488
-0.1347018,0.07550484907047758,0.06495203831491014,0.08680544313969589,-0.04043664,0.064861141,0.082284249,-0.0013272836,-0.027617488
-0.13667448,0.06743536256913635,0.053735108747106186,0.07098440673276689,-0.037411939,0.05737868,0.067586437,-7.932169e-05,-0.021699153
-0.13644828,0.06271844440887403,0.04800482518755772,0.06318376517254479,-0.03788257,0.052054636,0.060240246,0.00029622199,-0.019058153
-0.13463654,0.06527141583646014,0.06352115354017483,0.08295424764351687,-0.033959746,0.056493223,0.079316504,0.00062688568,-0.024287989
-0.13669881,0.07440648499702622,0.06980490253352037,0.08900756219159434,-0.032298364,0.067122415,0.08583276,0.00037033635,-0.023557298
-0.1343856,0.07447882330356098,0.07217982394810046,0.09575391472735696,-0.030981168,0.067760117,0.091026165,0.00035347039,-0.029714046
-0.13575876,0.06906218972004699,0.06763803773023072,0.08796395686490993,-0.03125051,0.061761372,0.084234133,-0.00055972009,-0.025336836
-0.13632448,0.06022442431918544,0.05270537123209837,0.07126806538270629,-0.026352808,0.054239325,0.067241572,-0.0021019732,-0.023522114
-0.12772998,0.07409430789402019,0.0840586153599012,0.11193974159519955,-0.028421741,0.068428807,0.10625531,-0.0014012397,-0.035190217
-0.13540882,0.08096574744589109,0.07567222793929451,0.09914928895570053,-0.034760684,0.073202945,0.094681717,-0.0015190761,-0.029387861
-0.13503495,0.06068618128527517,0.05837325090487193,0.07933326722001909,-0.022825144,0.056238364,0.074716829,-0.0014736849,-0.026626885
-0.12705098,0.058974192554407764,0.0738211731741528,0.10011647035015916,-0.021397451,0.054984547,0.094353013,-0.002921354,-0.033350896
-0.13485369,0.06965967691555207,0.07110070934484168,0.09547347871334416,-0.020894535,0.066806309,0.090329893,-0.0022060333,-0.030835515
-0.13624492,0.06416275792903692,0.059018094591593726,0.0802884002520425,-0.021478254,0.0605869,0.075595543,-0.00014000347,-0.027046654
-0.13491526,0.07204110711163621,0.07610711476252573,0.10039058745959191,-0.019850507,0.069836564,0.095631175,-0.0014101373,-0.030511636
-0.13653262,0.06567004943305686,0.06883347027255388,0.09235560456746493,-0.01587504,0.064602785,0.087412648,-0.0016134873,-0.029765472
-0.13565055,0.0572342844749215,0.061677317029751634,0.08245201383471853,-0.016144762,0.055324014,0.078154951,6.9004968e-06,-0.026270481
-0.13509776,0.05852240879025906,0.06660285048641457,0.08926372755363074,-0.010460814,0.059136074,0.084516063,-0.002050322,-0.028650381
-0.13547112,0.062137369901333374,0.07148304384797807,0.09326778939313729,-0.0068453522,0.064597897,0.089161806,-0.0037898514,-0.027105164
-0.13578959,0.05360330386326437,0.06037194547800308,0.08233726210335342,-0.0085924966,0.054585207,0.077435404,-0.0019672173,-0.027916178
-0.13506125,0.07008676213384335,0.07924511574359953,0.10274063215857732,-0.013435891,0.070436284,0.09849494,0.00039799849,-0.029227143
-0.13595544,0.06911369402969308,0.07736662886767719,0.10131232834446982,-0.0089132702,0.07129892,0.096766703,-0.0016106513,-0.029963292
-0.13592179,0.07602074367985098,0.07661792241021506,0.10130573393209912,-0.021146512,0.073609762,0.096422538,0.00053327595,-0.031068658
-0.10661115,0.07877850426075328,0.09810256689216412,0.13137187780963092,-0.047359049,0.065479122,0.12443081,-0.0024440719,-0.042066261
-0.11472064,0.07748502363442998,0.09115845265455547,0.12170035137211482,-0.04705492,0.064203031,0.11540908,-0.0017193197,-0.038584501
-0.12512356,0.07826776311181276,0.08070376362863553,0.10766331380716263,-0.046977606,0.065086186,0.1021284,-0.0012288184,-0.034053914
-0.10594442,0.07364216581823338,0.09638302230104058,0.12904152725044707,-0.045034375,0.060885973,0.12224144,-0.0015134602,-0.041309267
-0.11171027,0.07102442966013583,0.08932461126652347,0.11906857941637451,-0.044810388,0.058137245,0.11296967,-0.002570322,-0.03753097
-0.11945529,0.07334903927778191,0.08423454912258391,0.11220775319251432,-0.044128519,0.060952045,0.10649523,-0.0017003494,-0.035305165
-0.1264661,0.07392464022069323,0.07430167907085145,0.09953290028344766,-0.04379743,0.061717894,0.094263636,-0.0016971465,-0.031910576
-0.11430898,0.06552021099152949,0.08261983676068219,0.10954819817044699,-0.042609911,0.053091727,0.10415594,-0.0011523879,-0.033926684
-0.11796441,0.07728631442800615,0.09344490944911685,0.12332097856394551,-0.040931556,0.066586375,0.11745074,-0.0019848896,-0.037542611
-0.10607608,0.06534576673337703,0.09367273919596268,0.12269505680673998,-0.039594643,0.054182123,0.11718106,-0.0017968609,-0.036324199
-0.11169537,0.07719462698854394,0.1002263944839546,0.13163927763072059,-0.038236026,0.067630954,0.12559271,-0.0023517804,-0.039368004
-0.12104458,0.06748714852806335,0.08144421837158757,0.10750313602327118,-0.039266311,0.056647804,0.10238689,-0.0003440837,-0.032767829
-0.12537807,0.07784152913928491,0.08621387169512393,0.11419155970346181,-0.038732253,0.068123087,0.10861497,-0.0010570168,-0.03523327
-0.10716508,0.07086409490964843,0.09688548222713847,0.12919449564894242,-0.035830189,0.061774932,0.12256499,-0.0023620829,-0.040785555
-0.11914805,0.07379269976528324,0.0933914979293073,0.12223691593233454,-0.032873079,0.066211671,0.11677198,-0.002093785,-0.036080249
-0.11069184,0.06943593012394424,0.09520708261450639,0.12570025315060798,-0.032399077,0.061679851,0.11968787,-0.0028715848,-0.038303021
-0.12579328,0.06890037808338653,0.08015370438280978,0.1060838553414951,-0.033933572,0.060446694,0.10092945,-0.001359401,-0.032637134
-0.11986751,0.06866107155435357,0.08705637426314243,0.11504633025616356,-0.032423541,0.060827691,0.10951183,-0.0021182059,-0.035189919
-0.1252794,0.06387863154848282,0.0742180007583645,0.09944525952180848,-0.034438178,0.054777075,0.094179235,-0.00060693745,-0.031925898
-0.11003546,0.06064436668174571,0.08736347914069786,0.1177113186241459,-0.030603142,0.052891374,0.11123104,-0.0022110399,-0.038454149
-0.11264354,0.06579950632606447,0.09450515053315525,0.12492628539560735,-0.028797394,0.059258208,0.11888921,-0.0033645981,-0.038217954
-0.12188797,0.06451740761898159,0.083489393772253,0.1111147724031973,-0.026340369,0.058908332,0.10549793,-0.0011259952,-0.034862753
-0.11348267,0.0756001892106128,0.10140110349434471,0.13157644951236097,-0.028327497,0.070104741,0.12606299,-0.0040648477,-0.037469476
-0.10771037,0.08047620262481527,0.10662159953665917,0.13908283912044714,-0.035358135,0.07241752,0.13301913,-0.0031621042,-0.040496275
-0.10493486,0.07772461274528213,0.10836872887343327,0.14093370268345828,-0.027482692,0.072771229,0.1349161,-0.0044950033,-0.04049382
-0.10501713,0.07484228006641815,0.10908926930361437,0.1410776718881554,-0.022420639,0.071788691,0.13531679,-0.0049612955,-0.039593704
-0.11421734,0.06305812306232993,0.0933122634707087,0.12381903377426405,-0.022758331,0.058843508,0.11766066,-0.0037889646,-0.038376633
-0.11522454,0.0720596035261293,0.10093730127334082,0.13046629915930413,-0.022534383,0.06871742,0.12516691,-0.0043737371,-0.036545455
-0.12344332,0.06133385484972407,0.08247514771638728,0.10953304956969613,-0.022182373,0.057214811,0.10408215,7.5509859e-05,-0.034123149
-0.12244888,0.0738203107729756,0.09701529057930192,0.12399361640366129,-0.021352008,0.071132071,0.11944294,-0.0035081389,-0.033098247
-0.10827458,0.07169940661917398,0.10671029176777426,0.1374216415857735,-0.020613337,0.069141552,0.13201773,-0.0043414608,-0.037910134
-0.10653286,0.056729179382147735,0.09572971520129517,0.12553319768372237,-0.019829204,0.053211335,0.11979125,-0.0049123298,-0.037208993
-0.12295343,0.07012753894561775,0.09496403042950227,0.12165625633296871,-0.019409252,0.067945041,0.11710548,-0.0028280574,-0.032841336
-0.11452447,0.05825153124596778,0.08919219994361956,0.1181890850962831,-0.019247845,0.05511193,0.11235976,-0.0040720007,-0.036432993
-0.12666963,0.0663780491950918,0.08624165324929703,0.1131220243540608,-0.019419773,0.063867278,0.10798462,-0.0013279058,-0.033677157
-0.11038629,0.06463749257429885,0.10065531672372324,0.13071724024608541,-0.015625287,0.06358707,0.12517838,-0.0051493333,-0.037294161
-0.1110606,0.07016324259229481,0.10649266665331042,0.13569920844618671,-0.01405517,0.070256501,0.13080643,-0.0059694708,-0.035613459
-0.11650819,0.0691588593131625,0.102350777757065,0.13030652609522764,-0.014488015,0.068981647,0.12566653,-0.0049563162,-0.034104969
-0.12379081,0.06855159398532815,0.09532223153087996,0.12170612776453478,-0.014037536,0.068513155,0.11724427,-0.0050989832,-0.032251559
-0.1064982,0.06837038134966285,0.10805872736392881,0.13744680501595308,-0.012265256,0.069068581,0.13250087,-0.0082448227,-0.035597283
-0.11767954,0.05696981329470422,0.08940444036861707,0.1171812668836732,-0.012916104,0.056407187,0.11181253,-0.0056749531,-0.034600612
-0.1219888,0.053546449920308097,0.08006373592926032,0.10626663728417912,-0.014019151,0.052219965,0.10097282,-0.0031773685,-0.032969564
-0.11171453,0.05951344515556857,0.1002202904556662,0.12948963526633978,-0.0094763637,0.060630571,0.12417182,-0.0070933546,-0.036036219
-0.10716665,0.053684315213209405,0.09589142933702303,0.12528472391364343,-0.0098839384,0.05412503,0.11968706,-0.0059491172,-0.036549661
-0.12543769,0.05788087127999803,0.08357034152562703,0.11009373307390931,-0.011162248,0.058141392,0.1049097,-0.0027758451,-0.0332698
-0.11411794,0.06473007624681637,0.10197962816480319,0.1297358538236649,-0.0074984874,0.067137271,0.12509866,-0.006699143,-0.033717036
-0.1256495,0.06377802406456809,0.08937307823488286,0.11522717011735004,-0.0093536675,0.065315522,0.11061562,-0.0051335646,-0.031861134
-0.11970979,0.06409228698548046,0.09727560537178455,0.12418142921734578,-0.0073253959,0.066517875,0.11961131,-0.0060365428,-0.032828677
-0.11034155,0.048960052729525555,0.09490086940935781,0.12171140817467377,-0.0018584998,0.052399375,0.11690047,-0.0095076747,-0.032520011
-0.085833736,0.07774897799888057,0.10747979124155829,0.14587270325916213,-0.047536679,0.064285286,0.13744931,-0.0033558663,-0.048736751
-0.096551374,0.07366810865608397,0.10113850170382842,0.13585637597605132,-0.045909457,0.060542706,0.12854011,-0.00062737108,-0.043977283
-0.10168181,0.08263688986928525,0.10828920578752427,0.14298003931206854,-0.044596881,0.07084319,0.13614051,-0.003110229,-0.043581873
-0.09945865,0.07735354973988962,0.10312163455776549,0.1390106902354974,-0.044383626,0.0651941,0.13134268,-0.0015596919,-0.045504283
-0.082781546,0.06742272849404268,0.1037363739167509,0.13694223115575277,-0.043621115,0.054729316,0.13039961,-0.0030749554,-0.041709244
-0.091894671,0.07809195717625372,0.10945443793807294,0.1457448644674537,-0.041780811,0.067101106,0.13833784,-0.0029563967,-0.045776274
-0.089376129,0.07215456858309151,0.10444273304849191,0.14126998491298212,-0.040783994,0.061074086,0.13329446,-0.0026298601,-0.046721295
-0.082742199,0.07235683814105859,0.10965603485028576,0.1468460000570334,-0.040273871,0.061510358,0.13909188,-0.0021777051,-0.047036733
-0.10046857,0.06955770999603529,0.09857411691619725,0.13279042374754016,-0.037799086,0.05951998,0.12547734,-0.003418714,-0.043324891
-0.093137249,0.07117705437545117,0.1051439738246559,0.14042838508097197,-0.036502928,0.061829358,0.13312492,-0.0039007585,-0.044527195
-0.10093347,0.07444176453425483,0.1063538691537457,0.13949578755043446,-0.034862816,0.066072196,0.13313684,-0.0038504081,-0.041458786
-0.091800705,0.06375740216974782,0.10004452277988297,0.133609772815473,-0.035435293,0.054222126,0.12665927,-0.0039757066,-0.042346127
-0.085853316,0.06819332099894257,0.10905719568042997,0.14469374505621027,-0.033380244,0.059913449,0.1375245,-0.0030597348,-0.044876829
-0.093446374,0.06769097375217265,0.10774127077861725,0.1419296785086677,-0.030501908,0.0605895,0.1352482,-0.0036176508,-0.042882055
-0.098129481,0.06468687788429736,0.10061456581460596,0.1341409166272527,-0.03052632,0.057315607,0.1272437,-0.004071475,-0.042264044
-0.10375847,0.06439272118523023,0.09691358510859409,0.12909154320571262,-0.030016989,0.057212245,0.12249593,-0.0038723701,-0.040550936
-0.085960224,0.062092732673466884,0.10706070628301949,0.14197334879557424,-0.027138259,0.055935577,0.13493749,-0.0046703257,-0.04389184
-0.08331605,0.08166247284035918,0.1186403090458615,0.15503251252755476,-0.03989353,0.071781076,0.14818664,-0.0028906858,-0.04546915
-0.095722415,0.07882703657214683,0.11279343708014539,0.14737631428658457,-0.029916098,0.072935939,0.14083129,-0.0053186808,-0.043104958
-0.086572967,0.07769274581359004,0.11689228694259551,0.15281419676101415,-0.02656039,0.073128104,0.14602023,-0.0044411342,-0.044839129
-0.084217019,0.0799556348594364,0.1184835439446357,0.15460146556279442,-0.031844687,0.073343366,0.14783479,-0.0042137313,-0.045041453
-0.094287716,0.0734983657316048,0.11236668054819489,0.1465829189981005,-0.025499245,0.069021925,0.14015789,-0.0051617785,-0.042610727
-0.087999016,0.0731980823942867,0.1152658843755461,0.14988184526237622,-0.024432037,0.069148712,0.14348584,-0.004971867,-0.04303094
-0.096390314,0.058884790468581166,0.10060127550209162,0.13325114267264826,-0.024422361,0.053603426,0.12671563,-0.0036857801,-0.041054003
-0.10248097,0.0678683340100559,0.10677493697724794,0.138563695865728,-0.023593409,0.063714661,0.13276047,-0.0038395338,-0.039494473
-0.089509889,0.0638784398014519,0.10797510728614643,0.14191914723788296,-0.023013761,0.059626244,0.13530764,-0.0057552322,-0.042423628
-0.10453015,0.06148289611555473,0.10105775726966781,0.13103055327585908,-0.023027647,0.057017926,0.1255777,-0.0038781683,-0.037204932
-0.097067088,0.07255464483351133,0.11117391117254559,0.1446705776990308,-0.021530284,0.069681428,0.1384265,-0.0061976211,-0.041584488
-0.095367566,0.06271258981487791,0.10654279586883422,0.13893775804918862,-0.020340947,0.059494253,0.13280749,-0.0070627378,-0.040199365
-0.087182008,0.058152658729293205,0.1048727754535244,0.13935993121236195,-0.01888142,0.055160057,0.13232332,-0.0058305971,-0.043332823
-0.0863977,0.07035949754208588,0.11672642715601578,0.15039311712171696,-0.018012544,0.068789899,0.14442118,-0.0062172217,-0.041496489
-0.099534713,0.07157148839823788,0.11044869959050768,0.14278901623177234,-0.017101446,0.070493296,0.1369132,-0.0073095951,-0.039875414
-0.097684339,0.05479599362447005,0.10010081120909889,0.13153295094575307,-0.017290063,0.052189,0.1253929,-0.0062795226,-0.039218687
-0.091180257,0.07019258166979905,0.11524644026495606,0.14828655865509974,-0.015883556,0.06951227,0.1424655,-0.0061540157,-0.040676933
-0.091393724,0.055670875322601725,0.1030542872482569,0.1368175848115388,-0.016431246,0.053503983,0.12990347,-0.0074851532,-0.042286079
-0.10227841,0.05896634727050845,0.10068944103587751,0.13185095397948843,-0.014941198,0.057716541,0.1258734,-0.0056293928,-0.038844191
-0.098822519,0.06734905193263754,0.1106286624343712,0.141647619631045,-0.013219657,0.06755393,0.13628905,-0.0070401211,-0.037944429
-0.092284836,0.06779655755171987,0.11514310966497865,0.14741988176382995,-0.010571873,0.069164,0.14185891,-0.0068880557,-0.039512351
-0.085411005,0.06602726836613547,0.11759447835275785,0.14960421112498723,-0.010018338,0.067476876,0.14424048,-0.0081758918,-0.038849179
-0.10093493,0.061917072957742715,0.10787262877317681,0.1388627816158815,-0.0094523458,0.063251972,0.13332447,-0.0078997044,-0.038013846
-0.086577713,0.06058017986106506,0.11477805139769452,0.1458506533281444,-0.0085657639,0.062175956,0.14066438,-0.0083510159,-0.03763251
-0.092861667,0.06187077256784393,0.11343020881485509,0.1438708241089885,-0.0078990925,0.06386099,0.13885728,-0.0078361174,-0.036824789
-0.10031972,0.05345523662445369,0.10022464806774388,0.1300888071144318,-0.0085514756,0.054441765,0.1245391,-0.0072259465,-0.036890324
-0.094075307,0.055567111839590774,0.10752375531031917,0.13820758152412513,-0.007578034,0.057149224,0.13273437,-0.0086851893,-0.037516531
-0.089799821,0.05047103748939248,0.10421863554188941,0.13557730255071174,-0.0064303917,0.052100196,0.12961641,-0.0094086733,-0.038629886
-0.083195865,0.054242911448037764,0.10772746799867378,0.14076926131151907,-0.0099588046,0.054700088,0.13440828,-0.008627044,-0.040938653
-0.074880257,0.07966546536451757,0.1130943120466181,0.15384593651474615,-0.048012488,0.066165313,0.1448497,-0.0019286369,-0.051801708
-0.06934391,0.08280520323205572,0.11809215255393345,0.15920937045266428,-0.048265181,0.069468938,0.15041395,-0.002617195,-0.052119263
-0.081947781,0.08591702518612572,0.11668568700507234,0.15539628079105614,-0.048942901,0.072561823,0.14749268,-0.0029807203,-0.048836756
-0.079977803,0.07814380262920141,0.11011651039729656,0.1497040342578984,-0.047942281,0.06454204,0.14098158,-0.0020944732,-0.05031009
-0.061625525,0.07638973878893575,0.115666983819181,0.15586073718199042,-0.047333457,0.062894925,0.14728254,-0.0021530336,-0.050948869
-0.066660561,0.07816276073353705,0.11824665166551183,0.15881345223540988,-0.0433672,0.066504642,0.15025398,-0.0029901557,-0.051346987
-0.069295906,0.07319269778346908,0.11366238113550851,0.15291840483031144,-0.042337298,0.06154253,0.14456962,-0.0038424311,-0.049688019
-0.075488694,0.07029782093190201,0.11060076935319979,0.1471499093518634,-0.042509969,0.058324356,0.13971734,-0.002766764,-0.046092361
-0.076130979,0.07525669724996163,0.11393550392723943,0.15315054983135742,-0.040431414,0.064593777,0.14484249,-0.0035246098,-0.049631856
-0.066999435,0.06761954859677104,0.1128548411228406,0.1506211104813761,-0.036759734,0.057855617,0.14282803,-0.0040219114,-0.047651831
-0.062645629,0.06269310918674545,0.11074897807581588,0.14678509556893946,-0.036326032,0.052687824,0.13956104,-0.0035251649,-0.04534483
-0.064307079,0.07162553807718787,0.11832928009210715,0.15693733406653115,-0.034803145,0.063038088,0.1491743,-0.0038958357,-0.048591949
-0.061340723,0.07626454419956413,0.12501805797860124,0.16291644095628197,-0.033152405,0.068778418,0.15586022,-0.0043837801,-0.047224369
-0.082315266,0.07424350862257247,0.1156443335059622,0.1513596043660737,-0.033363897,0.066493072,0.14456645,-0.0045150877,-0.044608131
-0.06984596,0.0616802176920465,0.1081940064828418,0.14421340515165215,-0.033964928,0.052589688,0.13681613,-0.0040165582,-0.045417178
-0.074085683,0.0685501142462531,0.11255573517849558,0.1500958432572434,-0.032755326,0.060566317,0.14237501,-0.0040109907,-0.047350086
-0.076971672,0.06482606349198444,0.10827135209207031,0.14478292090941655,-0.033078704,0.05638339,0.13718367,-0.0043472643,-0.046085097
-0.074523568,0.07388513060600362,0.12040153896166257,0.15636595658213492,-0.029595792,0.06770321,0.14977069,-0.0046423636,-0.044693414
-0.067737602,0.0685372489854568,0.11873782695542945,0.15547737422970984,-0.027501374,0.062782511,0.14847952,-0.0043998738,-0.045909554
-0.081605218,0.06800349413948341,0.11366365746643468,0.14926294726907702,-0.027219741,0.062322207,0.14235821,-0.0059617208,-0.044474997
-0.071752377,0.0786639921594481,0.1212733870459214,0.15871322874403979,-0.036108006,0.070130505,0.15161505,-0.0034435834,-0.046807129
-0.064598285,0.07842781823888628,0.12507485182847677,0.16314471230164718,-0.028334612,0.073173545,0.15600243,-0.0055988934,-0.047414042
-0.070030063,0.07757098796823868,0.12216869489894383,0.15982868987372467,-0.025322583,0.073521249,0.15267412,-0.005080367,-0.047010776
-0.067803852,0.06301140696628396,0.11496106817567356,0.1511703226308049,-0.025228163,0.057744376,0.14411823,-0.0054984498,-0.045300875
-0.076054864,0.06263170526453878,0.11215781091774196,0.14812317811528256,-0.024813611,0.05750785,0.14098439,-0.0055274889,-0.0450924
-0.061128478,0.059236413586254255,0.11480214965935553,0.15079316310280397,-0.023504496,0.054375026,0.14381085,-0.005788465,-0.044983454
-0.065248795,0.07363975505562786,0.12390484747808174,0.16013193805375397,-0.022197621,0.070576981,0.15361919,-0.0060737585,-0.044793878
-0.07653024,0.05757215980678615,0.10899427421271354,0.1435158685453737,-0.022302372,0.053077318,0.13672906,-0.0062325159,-0.043163925
-0.080208302,0.07486704352155589,0.1186980389956741,0.15472070824495843,-0.021910034,0.072032332,0.14795221,-0.0066608633,-0.044769119
-0.074260026,0.06934211401662488,0.12013178419143555,0.15502086437737214,-0.021178437,0.066340812,0.14879559,-0.0059063598,-0.043086607
-0.082174316,0.0633530260446469,0.11324054911523815,0.14744595753668124,-0.018840864,0.060826745,0.14105375,-0.0062607066,-0.042484745
-0.062209193,0.06539944762764413,0.12243327514146977,0.15726771812535528,-0.01840621,0.063234396,0.15119283,-0.0061855186,-0.042843934
-0.069246545,0.07045922614230712,0.12390647688016347,0.15908399472224935,-0.017053166,0.069305472,0.15294769,-0.0069145919,-0.043207753
-0.079744473,0.07104962881755991,0.12012199673532307,0.1546315645164172,-0.01666164,0.070113055,0.14851193,-0.0073270467,-0.042443395
-0.069689743,0.05635671164071373,0.11181680154514814,0.14633296500818022,-0.017242864,0.053904537,0.13970527,-0.0071360464,-0.042951729
-0.071143635,0.06248973729885489,0.11763932002928254,0.15232235202270888,-0.016640468,0.060822915,0.14598593,-0.0073749521,-0.042846438
-0.0625064,0.05793677501496314,0.11574618629571798,0.15073524363917218,-0.015200734,0.056487888,0.14418307,-0.0067045679,-0.043444272
-0.078194864,0.057593015168351164,0.11114777325681896,0.14484639013886694,-0.013254371,0.056940623,0.13848265,-0.0075602783,-0.041783664
-0.072295547,0.06715400007533608,0.12239951299541207,0.15637083060191362,-0.0120865,0.06782303,0.15056708,-0.0079232128,-0.041456167
-0.078661174,0.0668409616396434,0.1202737364022534,0.15358407847911223,-0.011967024,0.067533672,0.14790748,-0.0077822963,-0.040631052
-0.063463517,0.06708100101356038,0.12456307378138413,0.1588362424523023,-0.011460792,0.068009324,0.15305124,-0.0077091409,-0.04177127
-0.070958227,0.053919695810129134,0.11047268386026929,0.1439091165245406,-0.011092279,0.053867828,0.13757935,-0.0083169686,-0.041383382
-0.06656599,0.06402707809730908,0.12309711350939778,0.15643951158009828,-0.0077927844,0.06624864,0.15087751,-0.0087730438,-0.040402122
-0.076368608,0.06196724006454248,0.11944477080256445,0.1514101795691921,-0.0074982783,0.064135924,0.14615075,-0.0085998466,-0.038614031
-0.075030781,0.05142110669198229,0.10895364983747545,0.141537877094916,-0.007918804,0.05250052,0.13540222,-0.0093714893,-0.040142056
-0.067917787,0.057018513939451065,0.12095384451467041,0.15232204095528812,-0.0055892817,0.059570145,0.14734213,-0.0090363119,-0.037558567
-0.06034993,0.05519028454451868,0.11909653281129155,0.1513311515099409,-0.0085491464,0.056327641,0.14600062,-0.0072172754,-0.039151594
-0.059567958,0.08320343047209487,0.11966068590561865,0.16241044446572628,-0.050096169,0.069124348,0.15304583,-0.0022513317,-0.054305229
-0.046059139,0.08423403501757278,0.12476370722270808,0.16766315203777518,-0.04956156,0.070470884,0.15860021,-0.0022627146,-0.054330342
-0.039591584,0.08082558494562511,0.12521133536080914,0.16781460438339613,-0.046181232,0.068202943,0.1589027,-0.0025979537,-0.053897347
-0.051030394,0.08041274948186387,0.12217989801432888,0.16443243833600202,-0.045706332,0.067956038,0.15544756,-0.0031826531,-0.053515919
-0.039361283,0.07241586886299488,0.11967361604869514,0.15952218012248912,-0.045106489,0.059523162,0.15136671,-0.0019253986,-0.050316378
-0.056921642,0.07711471456607762,0.11938641770291994,0.1609678106234123,-0.042421255,0.065767616,0.15205941,-0.0036112687,-0.052683305
-0.043832447,0.07670229477953797,0.12322713533461989,0.16501307861506245,-0.041976344,0.065508433,0.15629967,-0.0027072467,-0.052843165
-0.057715192,0.0714357893395527,0.11631369031470983,0.15616286187644282,-0.040614273,0.060365275,0.14776379,-0.0031254815,-0.050427504
-0.04811104,0.07053925323902861,0.11837340622133749,0.15857259657055248,-0.03997549,0.059662461,0.15016778,-0.0035048164,-0.050819509
-0.039541043,0.06463689686770906,0.11567878532997153,0.15214911310447266,-0.039757319,0.053342983,0.14508209,-0.0029789682,-0.04573473
-0.052398983,0.06671632718608436,0.11554862676979374,0.1530714217275031,-0.038662549,0.056066696,0.14556362,-0.0037469224,-0.047202259
-0.051000375,0.07488237533733164,0.12347073383162169,0.16333182337481192,-0.03738923,0.065478459,0.15540794,-0.0037079328,-0.050118938
-0.042447951,0.07181920633503067,0.12246906340692952,0.162570216828417,-0.035699647,0.062867939,0.15448587,-0.0034504069,-0.050510257
-0.057498075,0.06786907491779462,0.11620301106011437,0.15490027481499183,-0.033806752,0.059380159,0.14694943,-0.0043904567,-0.048792254
-0.040131871,0.06669258670244113,0.12029927186185571,0.15950430847485036,-0.032575291,0.058624793,0.15162897,-0.0040665665,-0.04933298
-0.045457549,0.06575809232947391,0.12005782546688196,0.15856054144059215,-0.029957226,0.058720898,0.15095328,-0.0039938791,-0.048359089
-0.049815994,0.062778585075528,0.11533056204631459,0.15284713033757033,-0.030644985,0.055192143,0.14532644,-0.0038053649,-0.047201592
-0.051654715,0.07021754340695313,0.12405576198586193,0.16201642752571616,-0.029281452,0.063852318,0.1548747,-0.0044345655,-0.047365438
-0.059560634,0.06356676121609262,0.11499122398679007,0.15214638972071085,-0.029299019,0.056619715,0.14471763,-0.0055167107,-0.046635795
-0.049319617,0.07977857230074559,0.129381965308006,0.16797094930603207,-0.033124045,0.072607957,0.16092499,-0.0038174279,-0.047987651
-0.043092616,0.07958298703323594,0.12988193541754237,0.1692893655403657,-0.032207385,0.07278458,0.16195352,-0.0040097041,-0.04913114
-0.057141028,0.07883707487359123,0.12731325052386266,0.1658937741592125,-0.029701339,0.073038004,0.15872359,-0.0037876077,-0.048095949
-0.058770999,0.06921089218198818,0.12283783510310645,0.15937661064848196,-0.025080979,0.064541727,0.15270063,-0.0050822119,-0.045360696
-0.048323128,0.07441612854963753,0.12784565790811292,0.16569101108381806,-0.024928804,0.070261084,0.15882179,-0.0048442786,-0.046964701
-0.041763753,0.06050416903677039,0.11889670987308876,0.1560805073346897,-0.024086788,0.055505097,0.14892879,-0.0036581529,-0.046561338
-0.042400107,0.06715809866720199,0.12582551678679013,0.16302294574264647,-0.023089081,0.063157164,0.15629254,-0.0041073635,-0.046176318
-0.051492777,0.06440927808949988,0.12220766090445392,0.1589621721414515,-0.022740651,0.060318854,0.15216909,-0.0048067998,-0.045721274
-0.057181526,0.07482437486679337,0.12653291532207683,0.164250732573945,-0.021915291,0.071983747,0.15732962,-0.0058825277,-0.046809077
-0.046774849,0.05783372551453185,0.11787866826644453,0.15302024203206915,-0.020915151,0.053950313,0.14657536,-0.0052855737,-0.043622483
-0.041280795,0.07277433628149545,0.12953895614400324,0.16742321786716075,-0.01924102,0.070891827,0.16065636,-0.0039347974,-0.046953011
-0.048871856,0.07061631505593166,0.12794527815436413,0.16486379209909005,-0.018989114,0.068654366,0.15835387,-0.0049079116,-0.045607392
-0.055041019,0.06023076606958495,0.11885863435513817,0.15455837931663766,-0.019225491,0.057271581,0.14795673,-0.0053396858,-0.044368755
-0.060048535,0.07179951201381309,0.125942957184953,0.1627686538482389,-0.017047996,0.0707637,0.15613188,-0.0068168882,-0.045497261
-0.044573445,0.06273290283806995,0.12491678694720029,0.15980594032216097,-0.015019308,0.061775222,0.15387249,-0.0054121013,-0.042800754
-0.050845131,0.06768883837513415,0.12709264704035222,0.16267620600176022,-0.01454871,0.067358911,0.15660487,-0.005609645,-0.043669149
-0.054322328,0.05544496613617354,0.11579384197239243,0.15005743259853022,-0.014914994,0.053902175,0.14378834,-0.0067106178,-0.042392381
-0.039727546,0.06841907036756972,0.1293739536618702,0.16534988439354012,-0.013648115,0.068534486,0.15927553,-0.0050114882,-0.044122271
-0.056256205,0.06760196534348191,0.1264177449416583,0.1614202793742129,-0.012866098,0.067978762,0.15548189,-0.0073656607,-0.042750854
-0.039304119,0.056899543400935365,0.12142033619398981,0.15665885574939004,-0.012286664,0.05659803,0.15039907,-0.0049079587,-0.043566372
-0.049060885,0.058438145557981006,0.12205539920260869,0.15568282170961803,-0.011042014,0.058797829,0.15001704,-0.0069037112,-0.041041046
-0.044411484,0.06676157223986318,0.1294863585903338,0.16460112510502573,-0.010073874,0.068251021,0.15883459,-0.0057985042,-0.042795803
-0.044053599,0.05281171963389277,0.11688323058701694,0.15201622221357425,-0.010882242,0.052753322,0.14552206,-0.0048538707,-0.043688692
-0.05645049,0.06239759172806481,0.1258994602747864,0.15929661032154047,-0.0087008514,0.064092979,0.153914,-0.007420022,-0.040383585
-0.052463137,0.052593476897312696,0.11626340150198856,0.14945954363184266,-0.0089755841,0.05332556,0.14360942,-0.0072365762,-0.040769126
-0.046040803,0.05108953753511675,0.11711152814761028,0.1497452693587646,-0.0048895157,0.053426173,0.14417893,-0.0063924035,-0.039940193
-0.03938245,0.04854044644350083,0.1180396970229714,0.14887447380145027,-0.0016255304,0.052042421,0.14402522,-0.0060258536,-0.037202608
-0.032850139,0.08245265195276406,0.12519988944436072,0.16915124831135006,-0.049133431,0.06871739,0.15968536,-0.0015443639,-0.055770472
-0.025284095,0.08408786504560531,0.1271303350914781,0.17139306102092347,-0.049923178,0.070158593,0.16193856,-1.1187582e-05,-0.05613808
-0.032052275,0.07661809626275312,0.12206722512461061,0.1651183916296357,-0.046729837,0.063399225,0.15580122,-0.0021935636,-0.054637454
-0.018717358,0.07246512170758711,0.12064983442377633,0.16044060750868552,-0.04540512,0.059449907,0.15238164,-0.00029045332,-0.050208963
-0.026065173,0.07798533492232573,0.1264437244098728,0.1687025316012068,-0.043302882,0.066339195,0.16002627,-0.0012719918,-0.053390253
-0.016068609,0.07735260297592843,0.12502187753176175,0.16847506766460552,-0.043086655,0.065743603,0.15920714,-0.000993166,-0.055099443
-0.033202399,0.07186041639335547,0.12112586455314825,0.16171352838186054,-0.04174953,0.060344685,0.15334828,-0.0026778474,-0.051267918
-0.02260869,0.07345263063619009,0.12512999764977975,0.16693938454147786,-0.038893119,0.063286878,0.15835583,-0.0015924099,-0.05281717
-0.027151488,0.0701994481125915,0.12233346030114,0.16276705420598978,-0.039073378,0.059676234,0.15455402,-0.0018294813,-0.051017858
-0.035201635,0.07667692111985439,0.12818263589417533,0.16802825309543606,-0.037263829,0.067481212,0.16043299,-0.0022219492,-0.049898021
-0.033912506,0.06930739769545816,0.1223535933226552,0.16191277615982483,-0.034767367,0.060534939,0.15405457,-0.0019804596,-0.049789701
-0.02264303,0.06582488287392704,0.12137334582046388,0.16037880712329522,-0.034400716,0.056907307,0.15267769,-0.0021256786,-0.049054727
-0.028873052,0.0643275501782311,0.11925262585703207,0.15797894639396917,-0.033953182,0.055470631,0.15025397,-0.0015323267,-0.048772369
-0.016996024,0.07052938474426419,0.12655519914380906,0.16748937160198205,-0.032313347,0.062904127,0.1593589,-0.0013447413,-0.05153273
-0.027918009,0.07143323451219019,0.12829534452606572,0.16730818756420685,-0.029776616,0.064962812,0.16004387,-0.0026448206,-0.048692856
-0.035279185,0.0631320595009877,0.12119882573347766,0.1596704836072605,-0.028845405,0.05634002,0.15216421,-0.0029374855,-0.048291694
-0.021276468,0.06802559776827741,0.1269062029465047,0.16597142527006928,-0.02691236,0.062476695,0.15860684,-0.0016806468,-0.048862662
-0.023586206,0.0604583705658518,0.11818536075573641,0.156364037411496,-0.027325405,0.054080632,0.14878353,-0.0023155918,-0.048039686
-0.037363857,0.0731868935594269,0.1295968616112649,0.16753012507643467,-0.02746694,0.067848317,0.1607614,-0.0028633508,-0.047052272
-0.020155726,0.07658822748838245,0.13269191754479717,0.17163130598093881,-0.030719876,0.070162602,0.16467479,-0.0013239018,-0.04835045
-0.029671868,0.07955296774158441,0.1318034590337326,0.17143198913883137,-0.034240995,0.071888752,0.16414654,-0.0025445956,-0.049379807
-0.030145489,0.07685728475752364,0.1311256424582396,0.17085944311392107,-0.025939442,0.072484069,0.16348764,-0.002884747,-0.049562275
-0.020979282,0.08233039800660659,0.1330951042994778,0.17366391693246866,-0.038609959,0.073051527,0.1660987,-0.0016172344,-0.050673094
-0.035510052,0.07960639546227398,0.1308654886702676,0.17098248656079346,-0.030549223,0.073513858,0.16344675,-0.0026415081,-0.050131757
-0.030181769,0.05896458681318379,0.11823924126509486,0.1559250121893572,-0.025471447,0.053244803,0.14853075,-0.0036526548,-0.047306277
-0.016886938,0.0623189700044296,0.12182358625373896,0.1603929381718807,-0.025363695,0.05693461,0.15290229,-0.0010813832,-0.048431549
-0.017356927,0.07564270127013079,0.13222420711187644,0.17158975531581583,-0.023262095,0.07230106,0.16443916,-0.0015987612,-0.048992354
-0.033017498,0.06674810926215859,0.12689354837543232,0.16416620348495778,-0.022903517,0.062790535,0.15748449,-0.0031664902,-0.046250958
-0.026432564,0.06417530515693232,0.12583777834324322,0.1634326213219906,-0.022017282,0.060371727,0.15656227,-0.0031738428,-0.046780381
-0.022886744,0.0726618414392548,0.13178837053308823,0.17003784078458392,-0.021374824,0.069863871,0.1632838,-0.002416841,-0.047385935
-0.020464065,0.05669748611754668,0.1179978155543439,0.15509714784079207,-0.02167638,0.052392825,0.14793758,-0.0022046186,-0.046526738
-0.028626107,0.07275924055151681,0.1305862853931554,0.16925622154831502,-0.019521594,0.070756331,0.16226633,-0.0026497759,-0.048065428
-0.035977926,0.05977903623237885,0.12105565836150486,0.15780465313513742,-0.019489011,0.056668982,0.15096505,-0.003345584,-0.045833059
-0.016747715,0.07024985857187807,0.13166063481753798,0.16946703003852423,-0.017314756,0.068966985,0.16287856,-0.0018229267,-0.046758164
-0.033581559,0.07101527207141513,0.13038066253833094,0.16770354014400465,-0.017055612,0.0699085,0.16120026,-0.0039460021,-0.046080176
-0.018900029,0.06027085962064192,0.1253934570168007,0.16180812261752475,-0.015493616,0.058899224,0.15537341,-0.0023345959,-0.045116756
-0.028208634,0.05937368704214205,0.12339488377512764,0.15967099345436578,-0.015233547,0.058034964,0.1531616,-0.0030754763,-0.045021016
-0.023851017,0.0665052386755112,0.13052330543420065,0.1667450556477772,-0.014560975,0.066067889,0.16067417,-0.0031040453,-0.044475719
-0.034773186,0.06383037384786988,0.12902969959999958,0.16371812084285695,-0.01295066,0.06384556,0.15811121,-0.0043047271,-0.042260356
-0.024558436,0.054209513465579985,0.11847020227481221,0.15465053975992424,-0.012686735,0.053505868,0.1478765,-0.0029415095,-0.045173861
-0.029507658,0.06603343436944856,0.13062849541168414,0.1661644743259901,-0.010569856,0.067249469,0.16034579,-0.0036666247,-0.043432891
-0.031769726,0.05417302490005837,0.11914184317371734,0.15406757641404195,-0.010078661,0.05457329,0.1477987,-0.0044640093,-0.043271642
-0.019637376,0.05652280180022915,0.1251159763722115,0.15859606069869028,-0.0079271188,0.05803927,0.15323453,-0.0028681103,-0.040788028
-0.017390203,0.050533059435545126,0.11781369453937411,0.15218224346505882,-0.0058917901,0.052396197,0.14606547,-0.0032580225,-0.042587545
-0.025755819,0.050324456724902655,0.11749811683716826,0.15166685824491685,-0.0059018903,0.052165292,0.14561087,-0.0029949364,-0.042324234
-0.036616795,0.05240005158600524,0.11971619358094998,0.15261028968583562,-0.0055075395,0.054587528,0.14710918,-0.0058800071,-0.040177297
-0.023166452,0.06972951949583392,0.13185376839316446,0.16944277501064103,-0.012057844,0.070633136,0.16293694,-0.0030523178,-0.046401411
-0.037284184,0.07649890591950828,0.13008145528988116,0.16994934244662707,-0.022448892,0.073576391,0.16244514,-0.0040542954,-0.049778692
0.0015702888,0.07853666721927245,0.12298525348817753,0.16713394354755856,-0.048839968,0.064587787,0.15742907,-0.00024805008,-0.056122914
-0.014423293,0.08325226403569562,0.12841590831674948,0.1726242249284859,-0.047541447,0.070261814,0.16328247,-0.00062793947,-0.05601396
-0.0015695679,0.08406799342421205,0.12976244136236717,0.1736142133025249,-0.047502439,0.071164548,0.16451399,-0.00047595808,-0.055469051
-0.0090065096,0.07502930869974231,0.12169092748123664,0.1638061381944726,-0.046647783,0.061708059,0.15486129,-0.00058971881,-0.053386178
-0.0018578377,0.07561981293498939,0.12506681431278233,0.1683141413950171,-0.042096607,0.064281419,0.15913647,-0.00047611611,-0.054817948
-0.0068965117,0.08002096635895545,0.13093592861676942,0.1727945751347051,-0.041167133,0.069457196,0.16458386,-0.00040647163,-0.052630343
0.0025688438,0.07238864811614332,0.12355190842226386,0.16561711816352834,-0.040254075,0.061553318,0.15682395,-0.0001583975,-0.053247098
-0.014633168,0.06794070156515515,0.12094490342801352,0.15985193387044835,-0.039167158,0.057182614,0.1521695,-0.00076672016,-0.048954021
-0.0074699712,0.07031661791676758,0.12298721143692587,0.16374534714797148,-0.038866293,0.059891425,0.15545021,-0.00022557627,-0.051456001
-0.012996417,0.07422110550078811,0.12691165686174105,0.16879104617973226,-0.037359953,0.064772509,0.1603038,-0.00059780013,-0.052846491
0.0041036601,0.06523486126581148,0.12052181115027233,0.15900910425894593,-0.035985917,0.055593453,0.15146858,1.5964044e-05,-0.048385579
-0.0010213548,0.06865166790513429,0.12354177551011307,0.16426541270670772,-0.034599878,0.059893675,0.15602176,-0.00032249594,-0.05138319
0.0057777655,0.0736960678886437,0.12984191522260963,0.16984424063361234,-0.033517838,0.06583301,0.16230135,-0.00018723137,-0.050053
-0.0056253825,0.07407379119647263,0.13038411316821072,0.17032885452740723,-0.032597236,0.066634126,0.16284288,1.2267071e-05,-0.049941115
-0.014200948,0.06286260168078228,0.1212080666895107,0.15875304796077847,-0.033559896,0.054046109,0.15163031,-0.00090296456,-0.047010254
-0.0055859438,0.0639501065902209,0.12052665783541641,0.15958246225148792,-0.033090215,0.055426899,0.15181197,-0.00089668611,-0.049182151
-0.0097575299,0.0678778457015284,0.12545499893603182,0.16584138417322974,-0.029356154,0.061278854,0.15785711,-0.0016710613,-0.050810482
0.0016962813,0.060187696737922,0.1193626292365812,0.1576902774791591,-0.028175768,0.053425625,0.15013772,0.00011200495,-0.048216969
0.00010481308,0.0703543038835725,0.1303507951421978,0.16868949968751187,-0.026347978,0.065246075,0.16182509,0.00054938369,-0.047628623
-0.011736773,0.058183798885526196,0.1173184377180009,0.1548194326219826,-0.026625553,0.051906697,0.14746036,-0.0014849185,-0.047141213
0.0019534517,0.08015955344817319,0.13385510120167907,0.17441939549686025,-0.033830944,0.072721779,0.16690788,-0.00022098287,-0.050634339
0.0030026988,0.07780365779362533,0.13303298225509308,0.17354449868981517,-0.026633354,0.073217623,0.16600169,0.00064302387,-0.050603542
-0.01250395,0.08005537460615025,0.13418726738238204,0.17400257954552278,-0.032022703,0.073376156,0.16680048,-0.0010757288,-0.049531206
-0.0068797921,0.06210777871397838,0.12243910586995795,0.16164347570005558,-0.024452871,0.057091802,0.15393738,-0.0013864776,-0.049294766
-0.0010421765,0.06440848062394657,0.1254625530309264,0.1645100439534299,-0.024214773,0.05969226,0.15706576,0.00025580369,-0.048926845
-0.0037774392,0.07458478891407383,0.13323229205782547,0.1726183529848033,-0.022654815,0.071409561,0.16552573,-0.00023755392,-0.048972156
-0.010322136,0.07262410461035164,0.13252436764292946,0.17094641730490265,-0.022645371,0.06928356,0.16417982,-0.00080554845,-0.047613185
0.0061544855,0.06238189711532291,0.12291652393403224,0.16172271981294228,-0.022526555,0.058207266,0.1542086,0.0010489472,-0.048711862
-0.013186671,0.06585676290613791,0.12826671566890585,0.16604794766429248,-0.021674402,0.06234394,0.15926795,-0.0015649095,-0.046938173
-0.002485997,0.056397858691254216,0.11945360418995964,0.15698720241476222,-0.020811852,0.052434292,0.14975798,0.00032524392,-0.047089525
-0.00036276793,0.07225118591441725,0.13236165993762292,0.1712684944333739,-0.017592369,0.071023308,0.16430736,-0.00043939249,-0.048330069
0.0034466861,0.0671539397379135,0.13135839901096918,0.1681877063761618,-0.017432863,0.065553568,0.16195594,-0.00013760138,-0.045358121
-0.01068005,0.05903592779899663,0.12364359574454994,0.16083266177472613,-0.017689228,0.056625661,0.15400027,-0.0013369337,-0.046360269
-0.0092781503,0.07142599995783552,0.13189831452602632,0.17035134176392008,-0.017032474,0.07036452,0.16353595,-0.00064643496,-0.047698583
0.0059696431,0.05830720221938546,0.12224683112911623,0.15957286778372423,-0.016370967,0.056393571,0.15260328,0.00029059596,-0.046643913
-0.0016206522,0.05992833630305279,0.12523003560882273,0.16215287270623688,-0.015491256,0.058528122,0.15552332,-0.00057200738,-0.045888167
-0.0089258794,0.06469175761378007,0.13042823132408016,0.16601179797379897,-0.01326066,0.064649746,0.16018657,-0.0013439825,-0.043570329
-0.0041026301,0.06877354493101422,0.1313980423854226,0.16855883341724087,-0.012790757,0.0692835,0.16220498,0.00010418748,-0.045843363
-0.01497812,0.06578486034769168,0.1312211127296153,0.1672109008387333,-0.011192244,0.06671524,0.16127358,-0.0023101363,-0.044101939
0.0038632094,0.054326167814314735,0.11996453138766948,0.15649770465079926,-0.011721002,0.054042526,0.14969593,-0.00020153128,-0.045635726
-0.013080065,0.054440424597475424,0.1198249603778751,0.15595940291470717,-0.011599393,0.05421827,0.14929776,-0.0018894741,-0.045054901
0.003356948,0.06795076037563534,0.1313215064247139,0.1688233521329651,-0.01041457,0.069398291,0.16233504,0.00086040446,-0.046345644
-0.00138692,0.06397512119209442,0.13104380652708963,0.16593924610995614,-0.0087760938,0.065774806,0.16040272,0.00044958794,-0.042504102
-0.0072314376,0.05741373309111224,0.12616083837520753,0.16021323475712862,-0.0086998418,0.058679141,0.15471089,-0.0017108892,-0.041591994
0.0020149818,0.0583453019760946,0.1294935330453984,0.1617115193836888,-0.0047063199,0.06138631,0.15704465,0.00082036306,-0.038560607
-0.0019025401,0.052147093900805186,0.12159505880341615,0.15546702057320483,-0.00540742,0.054355223,0.14977896,-0.00091778825,-0.041658316
0.02571924,0.07885938448373159,0.12336246629245043,0.16580237220693433,-0.048977826,0.064879857,0.156837,0.0014683612,-0.053762682
0.012092875,0.07897879722461545,0.1231085280810983,0.1676606937676509,-0.048309926,0.065293089,0.15779375,0.00037804764,-0.056666549
0.015152105,0.08485338746309037,0.1276036272166523,0.17228109688561133,-0.050538301,0.070729122,0.16268565,0.00087214296,-0.056686815
0.016136497,0.07245947670360747,0.12074126148239034,0.16056117771207595,-0.046262503,0.059079837,0.15249667,-1.5080943e-05,-0.050245967
0.0062900679,0.08160821915677201,0.13085437580454928,0.1732022896451499,-0.044265099,0.069866516,0.16478959,6.2275147e-05,-0.053323731
0.019917686,0.08147338139831828,0.13002616455039678,0.17229577537580196,-0.044039365,0.069815852,0.16385733,0.001164045,-0.053247109
0.0243704,0.06722646243087751,0.11498586328263463,0.15126208609042124,-0.044105373,0.054310545,0.14423993,0.0016172248,-0.045524124
0.0093370629,0.0752312007426732,0.12463233724481255,0.16778606685487107,-0.041861333,0.063959114,0.15861699,0.00024195101,-0.054706089
0.022733761,0.07176674169834343,0.1223688387600833,0.1624292012778465,-0.041085195,0.060524914,0.15436995,0.0018849543,-0.050493672
0.0085639004,0.06880324999508874,0.1201126152594511,0.1589423860305264,-0.041298673,0.057214878,0.15123552,0.00093569362,-0.048883781
0.027076593,0.0778068258942444,0.12806176658619606,0.16966524094330818,-0.040141627,0.067487143,0.16136383,0.0014894928,-0.052400284
0.017089665,0.07632877919256557,0.12767360295933108,0.1696456175239639,-0.03985915,0.066001356,0.16116998,0.0012425139,-0.052937031
0.01425699,0.07091206750987408,0.12338545699041881,0.1645752244686568,-0.036718912,0.061449807,0.15612903,0.00099419837,-0.052035969
0.022162184,0.07432662235586017,0.1297628963301826,0.1692235018999052,-0.033725929,0.06642969,0.16188478,0.001413759,-0.049273856
0.014727208,0.06582782998126153,0.12029381198672659,0.16030967358332376,-0.034198795,0.056996219,0.15213159,0.001335497,-0.050531052
0.020436076,0.06725086083870667,0.12284770787427406,0.16288551914772526,-0.032567434,0.059234615,0.1548647,0.0022501517,-0.050433658
0.010324858,0.061663493521264386,0.11857374389526218,0.15729396699799514,-0.031787217,0.053495903,0.14953037,0.00034469002,-0.04880514
0.0079472093,0.06738508164867373,0.12615749384552888,0.1661376431177389,-0.029048771,0.060874011,0.15836716,0.00030760138,-0.050214186
0.022487307,0.06259819430871336,0.12070306181597217,0.15954461773438522,-0.029238585,0.055593155,0.15186392,0.0022831541,-0.048853066
0.013062811,0.07367579798226744,0.13206725518013462,0.17107626333023626,-0.028439041,0.067966811,0.16405721,0.00079370063,-0.048494224
0.025974184,0.07725891974059101,0.13232109273725862,0.17169607229515696,-0.027427908,0.072288573,0.16454379,0.00218527,-0.048990887
0.019711431,0.078859093356322,0.13227939716911477,0.17271390199502495,-0.028417489,0.073606886,0.16514651,0.0021685369,-0.050517518
0.013542489,0.08083702209538779,0.13303426573658125,0.1736005553600803,-0.033307422,0.073679976,0.16603515,0.0010546235,-0.050679084
0.020551976,0.06978881253658294,0.12947665456929577,0.1676217602813609,-0.025202842,0.065117829,0.16077226,0.0019872191,-0.047385503
0.007217587,0.07474322122404511,0.13204805015537296,0.17155600503908533,-0.023091026,0.071396515,0.16434,0.001497936,-0.049209587
0.014655495,0.06090445897205113,0.1212603239012011,0.1597926496357893,-0.023118222,0.056351088,0.15227836,0.0014560403,-0.048403222
0.012978274,0.06617190726606492,0.12761574051005878,0.1657611805654506,-0.022361122,0.062394805,0.15880194,0.0013630936,-0.047506366
0.027926097,0.07440958011138347,0.13024991238975617,0.1690043348427897,-0.021973008,0.071508631,0.16195825,0.0029496639,-0.048200518
0.020419888,0.0742515097953783,0.13145931923301926,0.1708894465012215,-0.020526806,0.071950786,0.16366723,0.0015323356,-0.049131382
0.021992348,0.06289897970634346,0.12423892822617881,0.16208446877922908,-0.020687744,0.059549533,0.1550304,0.0017649014,-0.047263466
0.026567897,0.06793625006085556,0.1299706537543282,0.16663776087215665,-0.018841917,0.065805331,0.16037087,0.0029143097,-0.045175593
0.015121169,0.07122588170347238,0.1305375066966169,0.16871120794899344,-0.018043058,0.069718152,0.16191672,0.0016879208,-0.047366638
0.021183893,0.05774998217794479,0.11923782077847908,0.1569757668226094,-0.01846271,0.054900337,0.14964589,0.0016885753,-0.047377713
0.013013613,0.05627330216071004,0.11869663112720207,0.1562692683246226,-0.018150697,0.053428572,0.14896989,0.0017395043,-0.047170226
0.0089057451,0.07143582105364782,0.13224138506335448,0.1700351022988979,-0.0173834,0.07022623,0.163487,0.0015991293,-0.046705242
0.022135874,0.0687060229060427,0.13084019200524016,0.16830972634258828,-0.013873002,0.068750761,0.1617918,0.0028464308,-0.046297681
0.015467969,0.06644164653794284,0.13073239373050294,0.16679807344528572,-0.01267945,0.066797465,0.16080739,0.0020309417,-0.044254445
0.02364872,0.05433812265506014,0.11950162739461963,0.15573947458896667,-0.012918268,0.053547304,0.14901119,0.0025980666,-0.045207292
0.027987426,0.06698033300374909,0.1298365960824231,0.1661049620306802,-0.01163861,0.067824483,0.15997899,0.002970638,-0.044595476
0.012862279,0.05939203006038858,0.1271388251582926,0.162246476176447,-0.011584961,0.059603624,0.15640903,0.0018496402,-0.043089595
0.0087931221,0.06547190327443228,0.13206766792529362,0.1681488895663823,-0.010867242,0.066513211,0.16223527,0.00020640528,-0.044200946
0.027290169,0.06103311206436976,0.12788887066574406,0.16182359016228245,-0.010549009,0.061826166,0.15644448,0.0031853588,-0.041253515
0.011177246,0.052163034806940595,0.11743980873315486,0.15361230611625712,-0.0093349759,0.052705392,0.14677891,0.0027155438,-0.045225192
0.019112922,0.06454513733932037,0.12996096984270838,0.16566435287339693,-0.0079235602,0.066755928,0.15975367,0.0031144877,-0.043746345
0.018217489,0.05596540318413781,0.1252127502044648,0.15825290433070138,-0.0069516716,0.057847787,0.15305652,0.002826598,-0.040120989
0.027524263,0.05469027626102205,0.12453776524024936,0.15690822315207753,-0.0040243734,0.057705104,0.15189397,0.0043410724,-0.039109685
0.019615125,0.05048317955899145,0.12007071911373188,0.1526018963775382,-0.0037087477,0.053268656,0.14730446,0.003203315,-0.039730009
0.0115795,0.04808477241846201,0.11949268471692857,0.15162132850897778,-0.0015086443,0.05159701,0.14643778,0.0033019034,-0.039167605
0.037745234,0.08715967866214837,0.12759665665469203,0.17083365184593405,-0.051345252,0.072892055,0.16182834,0.0022978762,-0.054684959
0.048020754,0.07834250374134247,0.12091653537427416,0.16231138234463535,-0.045898777,0.065625317,0.15360123,0.002435622,-0.052399568
0.035050031,0.08120689936408125,0.12671308677470872,0.16896434660827855,-0.04577047,0.068791546,0.16030861,0.001472232,-0.053366024
0.028425906,0.07046365570961527,0.12624215542075337,0.1659287161120768,-0.031902622,0.063007064,0.15827203,0.0022163263,-0.049773399
0.030073047,0.0749947082772671,0.12214027522266688,0.16411228795400895,-0.043880329,0.062845185,0.15525733,0.0010216103,-0.053169172
0.039404951,0.07715902518783388,0.12363089880867342,0.1652754920923577,-0.043795243,0.06523253,0.15664957,0.0025591983,-0.052634124
0.031046342,0.06992022898082291,0.1203803930432488,0.15808122286153548,-0.043140195,0.05764664,0.1508396,0.0017433142,-0.047265727
0.042257339,0.07324628267363452,0.12216007734050477,0.16256638629254833,-0.040313099,0.062459964,0.15434499,0.0027566927,-0.050969154
0.049327318,0.07508709582204295,0.12260621748934794,0.16245220597778978,-0.038768608,0.065115348,0.15448016,0.0034640352,-0.050145786
0.048226662,0.06603602795573034,0.1162128451863014,0.1529739903235726,-0.039303284,0.05505567,0.14582066,0.0033824779,-0.04610787
0.035392761,0.0700833962498092,0.12142577553133592,0.16135557361290703,-0.037668385,0.060146544,0.1532843,0.0021117695,-0.050349627
0.034543835,0.07567798127087524,0.12912778519599663,0.16803759274843777,-0.03429886,0.067654558,0.16085906,0.0032261836,-0.048482854
0.041050278,0.06903077336523579,0.12130398233436533,0.16072217717462134,-0.03437129,0.06040255,0.15284441,0.0027499555,-0.049625017
0.048070207,0.07057148428011914,0.12096267144111954,0.16013886362717966,-0.034195464,0.062150951,0.15233153,0.0031670632,-0.049290266
0.034349393,0.062141737900950345,0.11684817881071916,0.15342259818585344,-0.033747017,0.053183563,0.14639296,0.0026824859,-0.045830112
0.029267691,0.06556354420310462,0.1210189402431856,0.16046065981247248,-0.031965144,0.057657238,0.15255392,0.0027925894,-0.049670175
0.044652563,0.0642182802656184,0.11911936737721684,0.15755696584088166,-0.029409446,0.057280626,0.14992213,0.0034064404,-0.048331652
0.036860351,0.06520288329050428,0.12145344280408364,0.1605059108330895,-0.028400773,0.058778416,0.15277886,0.0033358873,-0.049088076
0.036085367,0.07097827909807995,0.12904323020374556,0.16645711596330684,-0.025942359,0.066096112,0.15984836,0.003331363,-0.046318196
0.042661719,0.07883099736724354,0.13010287378506596,0.16875798011184565,-0.034127384,0.071152657,0.16174439,0.0026445552,-0.048073012
0.042079102,0.07801137929920833,0.1304284140307126,0.16916722269615134,-0.028230008,0.072765544,0.16213597,0.0031406283,-0.04816236
0.044280667,0.08475842812217921,0.1302548008213976,0.1705338036472637,-0.044322554,0.07326439,0.16289932,0.0022187342,-0.050405029
0.031695381,0.0791220490107532,0.13229725293645153,0.1716861941960601,-0.029663807,0.07336352,0.16452776,0.0020928304,-0.049014136
0.048590478,0.07803226953915368,0.12892739358493466,0.16772991510786278,-0.026338853,0.073590986,0.16057393,0.0037588731,-0.048323993
0.034931127,0.05753502670947566,0.11636909191896962,0.15287253417373456,-0.024360605,0.05216331,0.14583074,0.0034663354,-0.045731734
0.045080978,0.07330693556336948,0.1291100992246363,0.1661773922049492,-0.023944408,0.069473952,0.15970153,0.0035499067,-0.045801148
0.035997391,0.07613212772446892,0.13081219657615953,0.1696601090534596,-0.023856539,0.072580427,0.16261107,0.0030593476,-0.048299409
0.030752441,0.06422884100835656,0.12332912573552574,0.16190662455140362,-0.023772091,0.059685014,0.15449664,0.0028848753,-0.048334468
0.040373098,0.059211391073487975,0.11767262561302974,0.15485542526422963,-0.02280839,0.054643322,0.1476223,0.003845124,-0.046616245
0.043040525,0.0662397411815131,0.12493875777541656,0.16186655904745503,-0.022251012,0.062515236,0.15518436,0.0042120451,-0.045835096
0.048101418,0.06140220504849696,0.11886908096066089,0.1560113325630079,-0.022096217,0.057325635,0.14886244,0.004417649,-0.046475738
0.029021518,0.05894718671865348,0.11950513869009487,0.15729052889002312,-0.020240275,0.055446401,0.1499438,0.0032929718,-0.047395397
0.04060718,0.07328577271431763,0.12887115319044,0.16708890519419814,-0.018734576,0.071662404,0.16015251,0.0039985236,-0.047475126
0.033016168,0.07269704763002321,0.12960983678769497,0.16802507272376585,-0.017882312,0.071384601,0.16106682,0.003306309,-0.047738589
0.043939903,0.056134142385548494,0.11632898390169777,0.15245727074037463,-0.01826245,0.053229958,0.14555083,0.0041711675,-0.045174956
0.047870576,0.06974660130545095,0.12743347180969636,0.16362441594451949,-0.016891245,0.068600036,0.15737446,0.0040229736,-0.044609915
0.036986474,0.0611201829794097,0.12297018087115201,0.159524656836271,-0.016621422,0.05934317,0.15286657,0.004194669,-0.045412913
0.03510502,0.06720476049782377,0.12924149147009736,0.1648092244923787,-0.014985558,0.066647597,0.15890045,0.0037035085,-0.043577649
0.031105636,0.05494893349175063,0.11779641661959722,0.15449119764538805,-0.015151408,0.053262953,0.14745201,0.0043342505,-0.045898248
0.040731013,0.06844860270781042,0.12851218563633188,0.16473208135945794,-0.012689471,0.068973489,0.15852183,0.0047529181,-0.044552192
0.046369616,0.06568927347732932,0.12700236820573035,0.16191512028223115,-0.012410272,0.066094376,0.15609823,0.0050982777,-0.042706631
0.046009805,0.058814827906672654,0.12239035756804645,0.1569432633056824,-0.011474237,0.059023574,0.15098682,0.0055316677,-0.042468444
0.036710832,0.056746341012447056,0.12200964872937486,0.15677903902943446,-0.0099125467,0.05743935,0.15073557,0.0047176885,-0.042850886
0.033685323,0.06333079799580356,0.12930449935360624,0.16362188580267908,-0.0075995689,0.065574244,0.15815936,0.0046160901,-0.041670494
0.048951004,0.0653270508748239,0.12660925181190338,0.16150036380039065,-0.0072323764,0.067898758,0.15562558,0.0069534839,-0.042599242
0.04083363,0.0637360144926021,0.1282025357449286,0.1627439108607349,-0.0066665881,0.066410482,0.15712711,0.005262943,-0.042058926
0.03972866,0.05257451191147463,0.11888302810473181,0.15226062460523326,-0.0056193289,0.054729603,0.1465186,0.0064257467,-0.040918302
0.046880033,0.05171933516350835,0.11935499984289213,0.1507218010181423,-0.0029604924,0.054929182,0.14574079,0.0064762868,-0.037877977
0.035772983,0.04869321529512136,0.11749802703114604,0.15005333835862006,-0.0014773874,0.052271266,0.14454825,0.0060073892,-0.039821088
0.066474155,0.07656266981895754,0.11436139588319832,0.1536218127606846,-0.046619385,0.063385896,0.14533567,0.0025968836,-0.049703728
0.052986417,0.08395992420006435,0.12651548360377518,0.16716744550251658,-0.046023477,0.071674928,0.15914084,0.0024137746,-0.051120657
0.056601375,0.07809094653604282,0.11881715610340209,0.15997497313099251,-0.045733988,0.065421984,0.15121345,0.0026735058,-0.052147262
0.069929682,0.0824846894450641,0.12088586953257285,0.15946838750901302,-0.045451649,0.070315018,0.1518994,0.0027413853,-0.048468791
0.069210112,0.07157288228593735,0.11287845431224414,0.15042061165110596,-0.042005129,0.059923824,0.14273411,0.0030666704,-0.047370136
0.064731114,0.06594496127315352,0.10955559246942853,0.14375222202243865,-0.042042155,0.053794157,0.13718835,0.0033788544,-0.04280936
0.056486279,0.07384159317889862,0.11890435235276278,0.1583807395861041,-0.041200131,0.062730163,0.15031198,0.0032696312,-0.04980037
0.066422112,0.07564958607511213,0.11979150245646324,0.15814375159499994,-0.038779702,0.065721706,0.15058997,0.0032145765,-0.048184786
0.056475691,0.06988981200414306,0.11693356738888835,0.15524747811960457,-0.037297618,0.060093623,0.14751095,0.0038315607,-0.048245396
0.064093247,0.061212329623861354,0.10823576761277211,0.14385077983571345,-0.034994155,0.051644512,0.13663423,0.003124238,-0.044881769
0.063366301,0.06972994697832835,0.1168695395997635,0.1547816836434614,-0.033796091,0.061406262,0.14721088,0.0032883079,-0.047702342
0.05845936,0.0647778451876137,0.11343006186954327,0.15051050945958697,-0.034397919,0.055771034,0.14303814,0.0038704828,-0.046674654
0.059333257,0.07446362231103282,0.1238234629524328,0.16139959377390417,-0.032171953,0.067238145,0.15440489,0.0037067919,-0.046853159
0.068421938,0.06664507359296536,0.11388425428815627,0.15089604133016588,-0.032012649,0.058812004,0.14348698,0.0035171972,-0.046569638
0.052013505,0.06686119020836621,0.11878571218798686,0.1571695171887556,-0.030787501,0.059566829,0.14952549,0.0040263264,-0.048251152
0.069451146,0.07165151647909858,0.12024503569137472,0.15639893604314228,-0.028402897,0.065783054,0.14972429,0.0044323993,-0.044984642
0.054997977,0.06249815616713707,0.11659540624879164,0.15430714964469056,-0.026956571,0.056453135,0.1467793,0.0045811972,-0.047387194
0.071095653,0.06421103092846099,0.1139696889164884,0.15085892513285612,-0.026261296,0.058609061,0.14348967,0.00448649,-0.046357322
0.053173453,0.07822195710604932,0.1277868239310445,0.1656886898530016,-0.03190532,0.07143423,0.15881144,0.0037571746,-0.047090892
0.060908478,0.08330733375202125,0.1262206046101294,0.16497834241670586,-0.042772911,0.072345763,0.15767576,0.0033676198,-0.04842383
0.066387422,0.0802613258036394,0.1247437630826019,0.1622655747237134,-0.03287527,0.073238,0.15533356,0.0046960511,-0.04668564
0.061392516,0.06668925561326261,0.12003264611000464,0.15640210789821224,-0.025210228,0.061747458,0.14962815,0.0045596324,-0.04530172
0.065228626,0.07602764519767914,0.12502967537900056,0.16158746638532023,-0.025117816,0.071931541,0.15504234,0.0048172073,-0.045267832
0.052311912,0.07011182762716012,0.1255878002571356,0.16197749974589473,-0.024044827,0.065960288,0.15553515,0.0045266785,-0.045000408
0.054033197,0.07601349139582037,0.12687814739836478,0.1648558153413546,-0.023187786,0.072735414,0.15787676,0.0048123919,-0.047214504
0.062525414,0.06126815087382248,0.11548864372634737,0.15160109296010837,-0.02332706,0.056657542,0.14462402,0.0053818817,-0.045142215
0.052183997,0.05679610357117336,0.11316381392920034,0.14910793210510528,-0.021892982,0.052408017,0.14205758,0.0048658457,-0.045046009
0.060347136,0.07337960122139235,0.12461248502871695,0.16129135112284826,-0.020739403,0.070913337,0.15466878,0.0051250593,-0.045455497
0.067996785,0.059670487355826515,0.11303399165698727,0.14845731615408064,-0.021104157,0.05586547,0.14159012,0.0056000156,-0.044276997
0.071788274,0.07225668249596379,0.1221290726155206,0.15698237264719073,-0.018663816,0.070574477,0.15089279,0.0057515097,-0.042915631
0.065035902,0.07057469725140149,0.1235047498746712,0.15865569176018662,-0.01828552,0.068907812,0.15253396,0.0057868348,-0.043261208
0.072009094,0.06646074306805731,0.12000617132156118,0.1539292519509008,-0.018320592,0.064423688,0.14807031,0.0055276523,-0.041699436
0.054869488,0.06488386907198178,0.123211351558464,0.15885161598044256,-0.017406492,0.063098647,0.15253504,0.0054413448,-0.044014648
0.061288696,0.05602983556396369,0.11255118921621968,0.14761264426982176,-0.017437259,0.053466916,0.1408411,0.0062757456,-0.043748055
0.055677198,0.07001793697703751,0.12649620503354575,0.16226293323528534,-0.016072441,0.069242366,0.15608853,0.0056089065,-0.043979205
0.055767443,0.05919230837215411,0.1181381152533306,0.15346809730319014,-0.016018035,0.057504926,0.14695194,0.0059281993,-0.043845646
0.06980142,0.055621720119955864,0.10966145276402546,0.14419129750799145,-0.016630918,0.053365827,0.13745478,0.0058310768,-0.043166101
0.063092619,0.06268143698870203,0.12066278953754615,0.15444303874690393,-0.013421933,0.062397357,0.14866649,0.0059180879,-0.041423462
0.061284151,0.06833774375617706,0.12542493099699037,0.16048250665358457,-0.012072111,0.06911511,0.15449838,0.0061688949,-0.042974763
0.069120608,0.06683839856172934,0.12252407716987707,0.1559376622887512,-0.01099113,0.06794513,0.15034848,0.0078556556,-0.04062238
0.062301628,0.052791277796411795,0.111442065693414,0.14546170458356725,-0.011670399,0.052396562,0.13901013,0.0069478392,-0.042273145
0.052015189,0.05615975435260541,0.11988173814155238,0.15292968575242577,-0.0084268814,0.057432733,0.14736924,0.0063528926,-0.040366281
0.068011694,0.05963839327671767,0.11977183586156394,0.15198944824194524,-0.0085539808,0.061157838,0.14668876,0.0076636453,-0.039044444
0.058782108,0.055917008335877934,0.12013107039422556,0.151524036532097,-0.005035277,0.058608674,0.14654858,0.0073891599,-0.03779481
0.079023033,0.08267352475063593,0.11332129414456087,0.15290080168263098,-0.05002287,0.068579793,0.14440575,0.0028483027,-0.050174911
0.073663034,0.07849673132826014,0.11234244487402031,0.15209253984964494,-0.047470104,0.065125875,0.14345844,0.0026037362,-0.050448362
0.093745388,0.0852791567901674,0.11199939408098472,0.1484322301856923,-0.04700125,0.07269305,0.14113767,0.0030401486,-0.045858942
0.090837792,0.07661631834672983,0.10565450355037881,0.1412699960741749,-0.046963103,0.063298278,0.13387848,0.0030225927,-0.04499587
0.08462628,0.07731273786269333,0.10929039699462882,0.14667379100138292,-0.0458933,0.064508945,0.13880624,0.0029627467,-0.047299586
0.088448346,0.06983684478527322,0.10288062144790086,0.13534718255968292,-0.045360915,0.056613415,0.1290566,0.0019691593,-0.040735442
0.077816829,0.07671589261467199,0.11390145056559961,0.15186350450014333,-0.042481359,0.065308839,0.14407307,0.0032333124,-0.047906369
0.074112505,0.06855926119573642,0.10818386945370312,0.14317855803439758,-0.042202812,0.056566034,0.13620642,0.0033642096,-0.044006735
0.092600577,0.07922683259407746,0.11047558284223533,0.14622826147139897,-0.041706052,0.068365723,0.1391076,0.0029854737,-0.044976294
0.083700888,0.07091744961507153,0.10814677401737813,0.14405053347877073,-0.039445613,0.060298238,0.13670741,0.0033446795,-0.045281932
0.08437442,0.076623094695734,0.11486995726710669,0.15059861545518374,-0.037316181,0.067400515,0.14376366,0.0037383945,-0.044698741
0.090474717,0.06492900177883866,0.10116548189579558,0.13321743962854235,-0.038447965,0.054216102,0.12697075,0.0028958872,-0.040211052
0.075631693,0.07204667225662871,0.11432714482876521,0.15096492710874623,-0.036755964,0.062666669,0.14373796,0.0033592952,-0.046027418
0.09281715,0.07098738308309657,0.10452322360937581,0.13913273517208244,-0.037299462,0.061285198,0.13207775,0.0028563887,-0.043648906
0.081115365,0.06197726725938068,0.1037683883336647,0.13672718752686325,-0.03570807,0.052172471,0.13027114,0.0040033669,-0.041324653
0.076501697,0.06508479124115624,0.10984777838391042,0.14517436633128306,-0.033722859,0.056391034,0.13816689,0.0041338378,-0.044366863
0.088486783,0.07213993430050797,0.11263620447349557,0.14676160774903024,-0.031586699,0.064962208,0.14041041,0.0040361141,-0.042515833
0.087383844,0.06609593517570254,0.10627479181796459,0.14085256881862468,-0.032106508,0.058175601,0.13391738,0.003651158,-0.043500006
0.078705005,0.06899372638808667,0.11420687448948526,0.1496122634167497,-0.029936496,0.062244762,0.14285226,0.004372451,-0.044248648
0.094633937,0.06544073685018165,0.10294067267341968,0.13658964640624124,-0.031192495,0.057851795,0.1297991,0.0041247872,-0.042330973
0.081493132,0.06490698550049447,0.111108418148421,0.14621536211268518,-0.026676681,0.059188798,0.13937345,0.0044126082,-0.043982979
0.084248297,0.05778249314831319,0.10253394030351859,0.13605293784949882,-0.026348654,0.051588271,0.12929767,0.0035306048,-0.04219063
0.079778701,0.0755097679770143,0.1194216937151966,0.15423896797758868,-0.028416362,0.06996879,0.14802225,0.0047966647,-0.04308207
0.073307693,0.07863710171607542,0.12193442817691665,0.15818108118957924,-0.034157474,0.070929244,0.15158355,0.0038703831,-0.045041114
0.075279444,0.07769648390395559,0.12161425080413306,0.1578236543790118,-0.026221769,0.073275901,0.15120995,0.004540992,-0.044980399
0.084514163,0.07711887879051774,0.11738876399816375,0.15267779030227038,-0.025754664,0.072846688,0.14614429,0.0053467639,-0.04386076
0.090546727,0.07605068463375493,0.11498604600873746,0.14907463434432025,-0.024954339,0.072025962,0.1428735,0.0045535411,-0.042304549
0.093317799,0.06228574430654597,0.10481961795178975,0.1379840402056254,-0.023950631,0.057498325,0.13149182,0.0051398785,-0.041509978
0.086840063,0.06283259282820909,0.1091627490657979,0.142959424387603,-0.023814457,0.058150202,0.13649932,0.0050208457,-0.042191513
0.072875351,0.0542599252181863,0.11187801532637107,0.14516285222404543,-0.0084392494,0.055363584,0.13899679,0.0077973702,-0.04112599
0.09234865,0.0705820998727261,0.11256477206923549,0.14527141850159456,-0.021509459,0.067547373,0.13943127,0.0055854348,-0.040391941
0.078302659,0.05769688282891398,0.10733575977546791,0.14110833526642258,-0.021576056,0.053521115,0.13452914,0.00551794,-0.042225882
0.091866024,0.05683648847522319,0.1015148390040324,0.13398384804476748,-0.021806851,0.05248845,0.12754706,0.0053844703,-0.040674642
0.075995788,0.062324906340038656,0.1131169262990795,0.1479882570056228,-0.020881455,0.058843657,0.14134535,0.0055499012,-0.0434881
0.085722081,0.0721334151471226,0.1160293997375057,0.1495175672066728,-0.020842841,0.069515623,0.1435775,0.0059923553,-0.041292809
0.079114884,0.07215073020789879,0.11936986098256228,0.15365369936525244,-0.019946115,0.069915071,0.14762664,0.0052920212,-0.042282727
0.08341445,0.06097746079597826,0.11098973274001978,0.14424687025142843,-0.016447483,0.059261955,0.1380602,0.0070487647,-0.041192908
0.085517749,0.06832911474317652,0.1168153839738911,0.14992986133019937,-0.015365373,0.067707829,0.14415404,0.0068562976,-0.040639479
0.079514235,0.06865905831406006,0.11970897925667015,0.1533038954589593,-0.013840198,0.068713665,0.14752625,0.0065143085,-0.041178316
0.091103643,0.06314011162072332,0.11102682532083023,0.14249936425078108,-0.014525506,0.062427204,0.13702023,0.0061530881,-0.038647961
0.076932251,0.05416900294020131,0.1071343732939956,0.1412956666352689,-0.014248102,0.052799098,0.13450883,0.0070078457,-0.042693444
0.093107261,0.06962860908407567,0.11373810944977729,0.14595692992270884,-0.013468156,0.069924869,0.14032353,0.0072931205,-0.039491046
0.075320549,0.06665977686937223,0.12063425392625994,0.15340176390709803,-0.010870323,0.067802362,0.14794852,0.0076742191,-0.039805062
0.090899907,0.05719265162686293,0.10571138169745496,0.137301563351601,-0.012223471,0.056943275,0.13144092,0.0067517534,-0.03910777
0.07706587,0.060777383186978506,0.11753369950425396,0.14891593745768267,-0.0091532543,0.062140815,0.14377467,0.0082361056,-0.037907351
0.085544989,0.06602461630037948,0.1161975858137837,0.1486390112954234,-0.0085507454,0.068096951,0.1430342,0.0082464628,-0.039582435
0.094701856,0.06659007895026985,0.11230573404558866,0.14347109695209098,-0.008771739,0.068617441,0.13811655,0.0081849843,-0.037957612
0.083350636,0.05579436554491785,0.10998127335552292,0.14121932705436968,-0.0089360708,0.056819651,0.13567923,0.008803661,-0.038164649
0.087817438,0.05108550405471078,0.10904881153014578,0.13812089123223553,-0.0028761411,0.054276418,0.13323955,0.010644902,-0.034803577
0.10150568,0.07919276735170908,0.0993833876534843,0.13472703234546957,-0.0492111,0.065143012,0.12702242,0.0011107081,-0.044893701
0.11548976,0.0825646595512064,0.09261246412719244,0.12482460074882526,-0.04867018,0.069035709,0.11794572,0.0014657703,-0.040839192
0.10614148,0.08432486705980896,0.10124216557057251,0.1364415789979141,-0.050526876,0.070159808,0.12892635,0.0017851598,-0.0446219
0.10909068,0.07675621953024413,0.09160631571796372,0.12494389459917137,-0.046907213,0.063473985,0.11751789,0.001491869,-0.042406328
0.096623793,0.07378238476859975,0.10097590682576262,0.1349665970768014,-0.043842722,0.061544128,0.12793124,0.002025845,-0.042959005
0.11442462,0.07627005029121844,0.09083911693740698,0.12121336939487856,-0.04324035,0.064502321,0.11496603,0.0020384605,-0.038358018
0.10275771,0.07489918549543065,0.09912506656606933,0.1325467521783224,-0.042154867,0.063473828,0.12561925,0.0018584544,-0.042249162
0.10805108,0.06646485248003493,0.0865558313654956,0.11433007734631476,-0.042655259,0.054098699,0.10886085,0.00025226577,-0.034937348
0.099889316,0.07962275013014523,0.10821899727565445,0.14177588503619276,-0.039850656,0.069583401,0.13537356,0.0037684047,-0.041954737
0.10852605,0.08014309265738695,0.10488857055662835,0.13685295253782354,-0.039342064,0.070364565,0.13088706,0.0021441227,-0.039908782
0.10828032,0.07230430084394866,0.09755929807799449,0.12883384815645704,-0.038376417,0.062258705,0.12266923,0.0023258028,-0.039306629
0.11616699,0.07213433832392459,0.0907920318665034,0.11946241236820693,-0.038782984,0.061901487,0.11389637,0.0024221248,-0.035958562
0.099119574,0.0694881535203634,0.10007310391307003,0.13361857462940888,-0.036924105,0.059815824,0.12669837,0.0025778713,-0.042365093
0.11615288,0.06702974558387416,0.0853038071920979,0.11422398753598668,-0.037349049,0.056964729,0.10819534,0.0018010314,-0.036573816
0.10323236,0.06786360910509254,0.09815061654076401,0.1304256735491158,-0.034692951,0.058998052,0.12388209,0.0034079493,-0.040650584
0.11088715,0.06882154179033403,0.09626814420551984,0.12613487830079634,-0.03174153,0.061291516,0.12043729,0.0031020609,-0.037352964
0.11658489,0.060560875100288535,0.08084949430060326,0.1084628918292548,-0.03338616,0.051619351,0.10266548,0.0016611468,-0.034946226
0.1063522,0.06357658463854661,0.09404695473504596,0.12472394247840485,-0.030139245,0.056273732,0.11854189,0.0040066806,-0.038572382
0.099014528,0.06984719937561615,0.1070041867410213,0.13975066963153002,-0.027214712,0.06432727,0.1335739,0.0046538031,-0.040824074
0.0995107,0.05993791262583963,0.0950477787705392,0.12628290120105215,-0.029331006,0.0526639,0.11995604,0.0031760877,-0.039342497
0.10666692,0.06941069540804783,0.10143323414699344,0.13295398573569692,-0.025963131,0.064384334,0.12691395,0.0042288923,-0.03939198
0.11706612,0.07426044079853582,0.09650118961079983,0.1261061798855772,-0.029668819,0.068079934,0.12054463,0.0014368636,-0.037009407
0.098405659,0.07467140506784004,0.1109042816462989,0.14396033182559018,-0.026926829,0.069690295,0.13790917,0.0044787652,-0.041055799
0.099265344,0.07888136182313282,0.10952803496689506,0.14323952146961616,-0.031951766,0.072130866,0.13684754,0.0044540116,-0.04207699
0.10562214,0.07779393448886253,0.10791199343028944,0.13990048980991718,-0.025758209,0.073578537,0.13408154,0.0042969822,-0.039696645
0.11404625,0.0657910961038208,0.09357064321374825,0.12241688356854037,-0.025478998,0.060657647,0.11695214,0.0029601308,-0.036046192
0.1096283,0.07516554991048956,0.103377266203965,0.1347944406900378,-0.025365656,0.070889793,0.12889457,0.0053176037,-0.039082658
0.099848799,0.06273746162084004,0.1028940256395826,0.1346880166524788,-0.022792861,0.058480497,0.12862411,0.0046924273,-0.039682254
0.10507324,0.057512701562800944,0.09368883421329917,0.12411795586044848,-0.022876943,0.052768834,0.11803064,0.0028866348,-0.038284492
0.10972133,0.0621007254205088,0.09516939664624299,0.12409919754124983,-0.022820335,0.05777711,0.11868129,0.0041637747,-0.036028117
0.11187182,0.07285771328351291,0.10426047311368322,0.13412341147509224,-0.020437608,0.070474483,0.12885417,0.0060674157,-0.036727086
0.11169311,0.05855695437606037,0.0932387472597007,0.12194020999392699,-0.019208122,0.055460591,0.1164768,0.0047605834,-0.035775784
0.0981884,0.07077499087199493,0.11150045081592592,0.14280128763610989,-0.01791412,0.069283053,0.13738614,0.0071085733,-0.038297839
0.09788198,0.054725079978019696,0.09766575717468211,0.128713326602495,-0.018564999,0.051570784,0.12258102,0.0057903286,-0.038826358
0.10275242,0.0711916771953316,0.10936641024062675,0.14027822099056525,-0.017000418,0.070123568,0.13491842,0.0059250961,-0.037945915
0.1143318,0.07096846088624645,0.10289859676504302,0.13145733441578158,-0.017076351,0.069848843,0.12658432,0.0064702965,-0.034865111
0.1162722,0.0592237683671359,0.08994434003689322,0.11830275408069235,-0.017768009,0.056796283,0.11276475,0.0046999822,-0.035462134
0.10624766,0.06934191030643475,0.10753881124265405,0.13675943866189688,-0.014676623,0.069100447,0.13193755,0.0053112553,-0.035600808
0.10268608,0.057709658077837435,0.09833088786093255,0.12988560691359471,-0.015191245,0.056245185,0.12360173,0.0055102529,-0.039528728
0.10010625,0.06392658341081592,0.10626342757236237,0.13727142536224757,-0.014551467,0.063270576,0.13165589,0.0071293339,-0.038201354
0.11573613,0.053774601064165706,0.08568439530905934,0.11384137089629259,-0.014787572,0.052141644,0.10811092,0.0043201167,-0.035400894
0.11576835,0.06436490914534176,0.09664037456633671,0.1256155644118279,-0.013656094,0.064126819,0.1202494,0.005137864,-0.035957672
0.11203645,0.06730307605699518,0.10446465471029062,0.13254385472588354,-0.011442983,0.068258137,0.12792923,0.0066521289,-0.034025501
0.10726595,0.063926794403397,0.10534304005419073,0.13402455733800864,-0.0099184718,0.065237395,0.12924147,0.0065867277,-0.034868889
0.10268356,0.05377520081926028,0.09749344810859432,0.12694931231164183,-0.008450076,0.054832403,0.12136529,0.0078355782,-0.036403269
0.10128583,0.06381863372742282,0.10877225428164472,0.1382259108238951,-0.0068308199,0.066430524,0.13330008,0.0081415875,-0.035653971
0.096677974,0.05703600732024003,0.10783052831420963,0.1375478590057628,-0.0063662892,0.059259329,0.13246492,0.0083362125,-0.036096621
0.10887509,0.05378776267795632,0.09646248782554598,0.12433193113627004,-0.0073481607,0.055313785,0.11931903,0.0070931553,-0.034221124
0.1348113,0.07922013133564554,0.061737117525671494,0.08474717315731956,-0.048157092,0.065620139,0.079501413,0.0019323399,-0.029289499
0.11892039,0.0759047767982195,0.08347100791388323,0.11176493584426982,-0.047917474,0.062120181,0.10587598,7.9889433e-05,-0.035800438
0.12393963,0.07729313884848159,0.08029219664036921,0.10833881907540287,-0.045696069,0.064571373,0.10232912,0.00032707141,-0.035580106
0.13505845,0.06792139177089335,0.05410842607192728,0.0690479084677485,-0.044923753,0.054718107,0.066557549,0.0014459679,-0.018319812
0.13669299,0.08297305196656403,0.061192351257970436,0.08607315863004171,-0.044236992,0.071361147,0.07997869,-0.00049146614,-0.031808116
0.12495001,0.07262634053436481,0.07745864005576315,0.10381215270382538,-0.041786443,0.061161086,0.098304972,0.00086996244,-0.033351742
0.12661089,0.07811473636626007,0.0837980546123736,0.11187727788794222,-0.039491642,0.068097547,0.10609882,-0.00037267111,-0.035488404
0.13594158,0.07945405125880739,0.0691009154877095,0.0910269187993657,-0.039271515,0.069645964,0.086758688,-0.00059858023,-0.027540365
0.12638824,0.06826300575240088,0.07466415260014939,0.10010639163478458,-0.037907459,0.058067463,0.094777077,0.001496363,-0.032192487
0.1354851,0.07399309270098209,0.05908808296866906,0.08052447400389079,-0.039791666,0.063492604,0.075762361,0.0010578369,-0.027260531
0.13560079,0.06791391161686089,0.054131220090294016,0.07440259913181112,-0.038803644,0.057307813,0.069770128,0.00083397661,-0.025829837
0.12192047,0.07048646662039118,0.08384945597023465,0.1121119348471538,-0.033160906,0.062497735,0.10625478,0.0016685694,-0.035724271
0.13520791,0.06932057579546796,0.059309820267829674,0.08051598238233923,-0.036946479,0.059624277,0.075863637,0.0014897515,-0.026931629
0.13605697,0.07346464581268715,0.06640276958851818,0.08654688962240646,-0.033768129,0.06547536,0.082802743,-0.0016576938,-0.02512612
0.12040913,0.06557654121575014,0.084961633424163,0.11144372850524181,-0.029358981,0.058777608,0.10638113,0.0014641993,-0.033175532
0.12576763,0.06497754746762646,0.07383616981372823,0.09871986231759168,-0.031487901,0.057223212,0.09353181,0.0035833302,-0.031377882
0.13578129,0.06189939883502766,0.05231020967291084,0.07125776045968453,-0.032593343,0.053410001,0.067057617,-0.00036121407,-0.024100082
0.13586414,0.06468688659866169,0.05922341233901843,0.07849750851875244,-0.030283706,0.0574186,0.074646272,-0.00019853906,-0.024284841
0.1348439,0.07714721563584717,0.0726850834865477,0.09505444976150522,-0.032439798,0.070039801,0.090840504,-0.00052208587,-0.027983543
0.13532726,0.07583086254267311,0.07236721348368418,0.09609949025080318,-0.027149256,0.070855469,0.091314495,0.0013943692,-0.029913722
0.1174102,0.08013205527573,0.09854887633196042,0.12871158684148423,-0.037766233,0.071021475,0.12305937,0.0015144558,-0.037693109
0.12517019,0.0777712965466045,0.09255038919181337,0.11898836502229736,-0.029711327,0.071875945,0.11441071,0.0010416714,-0.032670099
0.13465428,0.07839072286989694,0.0742858520281949,0.09900100437382797,-0.028686944,0.07298369,0.093950972,0.00026309022,-0.031214492
0.12265938,0.06129592698091631,0.08004212941267311,0.10687631292508683,-0.025668122,0.055693995,0.10133709,0.002298014,-0.033883028
0.13641047,0.06848089976394224,0.06480830630027627,0.0858216746848435,-0.025328252,0.063643731,0.081638217,0.00050057186,-0.026463386
0.12579928,0.07161661282151062,0.08844612953666754,0.11524320372308926,-0.024543773,0.067383237,0.11028052,0.00083644275,-0.033444032
0.13570602,0.05881587346610337,0.05837470782126572,0.07652393776085972,-0.024375141,0.053548601,0.073064983,-0.00083267788,-0.022731651
0.13466126,0.06920913993336225,0.0711010555488029,0.093518392069354,-0.023968318,0.06501212,0.089174487,0.0018107188,-0.028112663
0.12086759,0.07422937670573138,0.09844081194820255,0.12554656955519547,-0.020196658,0.072066881,0.12102435,0.0037994594,-0.033175472
0.13504227,0.06195930155063472,0.06335837599418923,0.08454950278986781,-0.022005551,0.057969328,0.080196604,0.00025168323,-0.026777972
0.12574805,0.0604781232540169,0.07887749858651724,0.10460704269080573,-0.02107157,0.056756686,0.099427767,0.0030366287,-0.03236559
0.12346877,0.07220542013093023,0.09553534577667211,0.120845166203603,-0.020125261,0.069898441,0.11685328,0.0010713037,-0.03078502
0.12545937,0.06589972314051809,0.0856094751057847,0.11237415951240977,-0.019153815,0.063460536,0.10724219,0.001314437,-0.033546038
0.12560661,0.06704205116063479,0.09106386266536001,0.11564258091265298,-0.013301199,0.067185804,0.11165494,0.002727164,-0.029982386
0.1355426,0.06705039551806377,0.07012256943461236,0.09297719467487076,-0.015673408,0.066187926,0.0883976,0.0013965417,-0.028786676
0.13572107,0.05931096960838195,0.06067241329571979,0.08196406429136757,-0.016810395,0.057297498,0.077376477,0.0012396807,-0.027008366
0.12013546,0.06653654470765394,0.09895044118441858,0.124992467509743,-0.011046,0.067593917,0.12088372,0.0039344183,-0.031539872
0.13573149,0.06915513656861061,0.07317100760519663,0.0968914504875018,-0.014002551,0.06918367,0.092163749,-0.0015294052,-0.029857285
0.12551643,0.05589699130579601,0.07734706685681217,0.10262695908171637,-0.012915201,0.055242099,0.097537674,0.002359703,-0.031829651
0.13565835,0.05433393527375194,0.05609719067456506,0.07772134415338319,-0.014995979,0.052660819,0.072653823,0.00084708544,-0.027591879
0.11844377,0.05456745652918215,0.08863481256026455,0.11505776664623965,-0.0090043638,0.055457797,0.11020044,0.0044852397,-0.032772478
0.12605608,0.06034262610690773,0.08679700357678853,0.11299748814420686,-0.0092636263,0.061621662,0.10814228,0.0030233848,-0.03262727
0.13526666,0.06188256016765437,0.07143535350561059,0.09295615244835799,-0.010340916,0.062837303,0.088994905,0.00082964933,-0.026834024
0.13609524,0.05783580142737977,0.06309766725609967,0.08390735164358713,-0.011246175,0.058056805,0.079691827,0.00052680209,-0.026256025
0.13496226,0.051320656823818415,0.0607404199287544,0.08176208335427891,-0.0074494858,0.052590609,0.077286273,0.0017747016,-0.026621809
0.13574174,0.0699888894084759,0.07608014811251111,0.1013634238578422,-0.010822141,0.07143943,0.096173063,-0.0032250015,-0.03185726
0.13541098,0.07344527108620771,0.07612059396087417,0.10120976012422338,-0.01729363,0.072447322,0.096063167,-0.0048330156,-0.031494848
-0.13473672,0.10195120496127458,0.08302651761689989,0.11139080487135365,-0.055123229,0.087357327,0.1054141,0.0032501363,-0.035849903
-0.12771575,0.09067803405706534,0.08757962178473869,0.11585954217798108,-0.053479515,0.075808316,0.11025432,-0.00024668974,-0.035599966
-0.13586362,0.0963565025032678,0.07671035890323105,0.10385196286014475,-0.051998749,0.082605727,0.097965136,-0.0003770082,-0.034466218
-0.13615379,0.1007276842187121,0.08598331095748975,0.11288570696226488,-0.04853626,0.088824145,0.10771932,-0.0017727338,-0.033713326
-0.13536212,0.10393426754453043,0.08817399470043726,0.115539748448403,-0.05239382,0.090670213,0.11031436,-0.0030251129,-0.03422023
-0.13557847,0.1080021922968196,0.09030501545847083,0.11611442993119767,-0.055746943,0.093666129,0.11159775,-0.0042323959,-0.031789776
-0.13466178,0.0897513804078076,0.08061060574904373,0.1035105872071531,-0.046322893,0.077839442,0.099568829,-0.0013148573,-0.028262362
-0.13600206,0.08709298442442316,0.07348921555379587,0.09520074930804229,-0.046221431,0.074994534,0.091292031,-0.00072653923,-0.026989255
-0.12936339,0.10332102663453549,0.1007100862215805,0.12700066486644543,-0.04546839,0.092943683,0.1227202,-0.0092353206,-0.03136288
-0.12839001,0.08651477320523539,0.08975425119388061,0.11636126528749173,-0.043133385,0.075677186,0.11154161,-0.0022317537,-0.033067092
-0.13501476,0.0991806918628007,0.09026289506990229,0.11629664188639535,-0.042794317,0.089580864,0.11171823,-0.002881489,-0.032181408
-0.12824234,0.1006376885534776,0.1047724189882318,0.12997156659809211,-0.039173823,0.092700496,0.12624539,-0.0098954802,-0.02927096
-0.13506919,0.09858344646227195,0.09223840802493619,0.1167669993109891,-0.039412051,0.090367727,0.11284641,-0.0036297764,-0.029783294
-0.13468336,0.09612241911246053,0.09121158062554288,0.11697439498307029,-0.038076948,0.088260882,0.11254454,-0.0034408499,-0.031700097
-0.1363679,0.09061138865511373,0.0777927796307275,0.10515852719724454,-0.038935319,0.08190956,0.099223912,0.0033932349,-0.034661464
-0.12968442,0.09720458765127221,0.1022311400427888,0.12760214064482367,-0.033086129,0.091554984,0.1237434,-0.0087766796,-0.029880548
-0.13528264,0.08547234968283167,0.07929493531282969,0.10451006636552908,-0.035268255,0.077883288,0.099587858,0.0011598874,-0.031674393
-0.13451335,0.09329395905528509,0.09194806538057124,0.11704745382888894,-0.033518706,0.087123014,0.11288139,-0.0045826859,-0.030608777
-0.13636211,0.095643576855165,0.0941416735144161,0.11374468194586078,-0.032799758,0.089980721,0.11159354,-0.001569392,-0.021960681
-0.13142669,0.09457144355234176,0.09952230311031307,0.12424152909572118,-0.030291378,0.089880742,0.12048019,-0.0084957704,-0.029125646
-0.13450147,0.08521534580840456,0.08587201415144194,0.110524029989104,-0.02756324,0.080874674,0.10623318,5.5689947e-05,-0.030497042
-0.13626938,0.08551704266426265,0.08371790195236069,0.1060936500606147,-0.02603328,0.081851855,0.10252239,-0.0012159017,-0.027267998
-0.13689005,0.08070892427325392,0.07716447448078226,0.1017811446540832,-0.023333006,0.077774704,0.096958674,0.001253507,-0.030932922
-0.13535309,0.08772558169118415,0.09399431905790363,0.11608524958277279,-0.022439508,0.08577659,0.11310422,-0.003546715,-0.025896745
-0.12932493,0.08735182477812098,0.10271161264228457,0.1263477686726331,-0.020862348,0.08604002,0.12303621,-0.0098827248,-0.026984837
-0.13421303,0.08091961492877522,0.09100280666172933,0.11509529021718262,-0.017216947,0.080599703,0.1112382,-0.0047818073,-0.029156869
-0.13175505,0.08315764146714259,0.09530112257658921,0.1201421558673244,-0.015947763,0.083569743,0.11602643,-0.010271112,-0.029436532
-0.13302368,0.08288979855635598,0.09330898119994262,0.11792322591544116,-0.016062962,0.08322987,0.11383181,-0.009268933,-0.029364828
-0.13565007,0.07249562135926063,0.08066072565495777,0.10414503305462985,-0.011430941,0.073904224,0.099954478,-0.0034374911,-0.029042622
-0.12001956,0.10145158598602681,0.10345033989883,0.1358482286048521,-0.057691965,0.085724197,0.12961955,-0.0022050571,-0.040603586
-0.11393028,0.0983361908988538,0.10606595286543667,0.14020991587384873,-0.056325696,0.082919702,0.1334556,-0.0020031547,-0.042946603
-0.10904615,0.09924356972669053,0.11001110916905693,0.1457991656892444,-0.055593703,0.084216155,0.13863751,-0.0026179636,-0.045057561
-0.12471347,0.10094128716357134,0.10065175576968939,0.1306334256278048,-0.05618877,0.085807897,0.12518059,-0.0017288794,-0.037308481
-0.12290937,0.09207245850937625,0.0969216567513338,0.1260995611368759,-0.052473202,0.077750318,0.12073541,-0.00059613353,-0.036382753
-0.11299098,0.09526674683154904,0.10818560605172435,0.14122967784988957,-0.04990007,0.082312696,0.13504569,-0.002335313,-0.041267782
-0.11769718,0.09274374216006655,0.10360373934258389,0.13465046685185486,-0.049709674,0.079652622,0.12895553,-0.0027668409,-0.038646657
-0.12433036,0.09540814671796055,0.10004752748933363,0.13004601515444558,-0.048079833,0.083238952,0.12453397,-0.0031003542,-0.037331544
-0.11240217,0.10899351010158385,0.1148889772779003,0.14703982219370793,-0.053144455,0.095847748,0.14154302,-0.0056973407,-0.039418563
-0.11588813,0.10641610129380345,0.11145780636406698,0.14274876345773396,-0.047555469,0.095420137,0.13735271,-0.0065107485,-0.038328223
-0.11490414,0.10618495983132847,0.11227645451034361,0.14369101534944204,-0.047070451,0.095374912,0.13829951,-0.0063958503,-0.038463574
-0.11039939,0.08638937666757254,0.10433452351491417,0.13728645510310153,-0.046727184,0.074015483,0.13089694,-0.001933035,-0.041350033
-0.10503938,0.10567878627468871,0.11703929716084194,0.1503259061293816,-0.046542533,0.095049113,0.14451775,-0.0061469059,-0.040923264
-0.12322366,0.10433013403926164,0.10471102580028988,0.13386949552403046,-0.046582617,0.093566976,0.12883146,-0.0078607909,-0.035520483
-0.10774788,0.09165160475599071,0.10975376613576507,0.14377352611582658,-0.045608781,0.080206893,0.13728759,-0.0036926779,-0.042535968
-0.11667239,0.10442941187190788,0.11164571791864877,0.14205312593025282,-0.044607587,0.094513178,0.13701215,-0.0058677066,-0.037044991
-0.10933201,0.10209813977322484,0.11511988168190844,0.1477983604930174,-0.043853112,0.092300832,0.14207028,-0.0074030831,-0.040069755
-0.11748823,0.08520796147369758,0.09973455255167538,0.13080706889128044,-0.043978348,0.073898852,0.12486491,-0.0022550272,-0.038912188
-0.10827007,0.10145819633791148,0.11586982140470108,0.1487008090817823,-0.043262113,0.091856487,0.14296688,-0.0071636443,-0.040262688
-0.12534916,0.09179624309026263,0.09734491149825045,0.12534151551447847,-0.043780982,0.081139877,0.12044328,-0.0024433024,-0.0346113
-0.12130623,0.10000819695136792,0.10631194439488839,0.1375271545681941,-0.042442173,0.090629309,0.1318891,-0.0051932512,-0.038626593
-0.11474237,0.0929396456213253,0.10732654570126166,0.13969634772396433,-0.041936237,0.083165072,0.13368288,-0.0048402199,-0.0402558
-0.11085238,0.08711771622452455,0.10713706427949865,0.1393557738406208,-0.039446093,0.077897362,0.13340467,-0.0040488178,-0.040085319
-0.12347211,0.08589576677308511,0.09739122369203276,0.12507782450994503,-0.040180821,0.076258011,0.12030257,-0.0021819065,-0.034161281
-0.12304687,0.10009032905506747,0.10899368407430587,0.13645463361977253,-0.037689764,0.092735812,0.1322896,-0.0070426585,-0.032706723
-0.12011444,0.08734358805114327,0.10204780540554781,0.13097041686598324,-0.037451643,0.078989334,0.12599784,-0.0024689452,-0.035660885
-0.11861967,0.09586994347279872,0.10772648878169183,0.1374394761067335,-0.034985185,0.089298978,0.13243282,-0.0058644721,-0.036287267
-0.10707815,0.09254870565481026,0.11151182323103777,0.1449462930235189,-0.03395563,0.086127937,0.13871107,-0.0074517634,-0.041390073
-0.10900972,0.09419709863960525,0.11329324562242123,0.14382770922990679,-0.033291291,0.088200681,0.13874279,-0.0086501446,-0.036905598
-0.11382926,0.08388825183066272,0.10511008717947384,0.13664142532372678,-0.033910617,0.07673867,0.13082145,-0.0045808242,-0.039187286
-0.12583341,0.08337825165662069,0.09534124430723391,0.12267846553820835,-0.034776136,0.075817235,0.11791263,-0.002387675,-0.033777457
-0.12022958,0.09709623981628322,0.1084339015684944,0.13657486181021358,-0.032816309,0.091551811,0.13214667,-0.006879753,-0.033802655
-0.10875776,0.0928033475950747,0.11407654979607466,0.14502124149892912,-0.031088892,0.087621428,0.13984534,-0.008265391,-0.037498329
-0.11439758,0.09313006419913737,0.11150640497291427,0.1401905422082472,-0.029717661,0.088558413,0.13569614,-0.0079606976,-0.03430121
-0.12508963,0.09410080642250424,0.10490767269907217,0.13067628187532063,-0.029162735,0.089848541,0.12685898,-0.0077931234,-0.030370332
-0.11211807,0.08055908805339701,0.10538384151125654,0.13681206927063816,-0.028027091,0.075619407,0.1310332,-0.0052888808,-0.038985517
-0.12039062,0.08187924152881365,0.10047352592961906,0.13028496625622782,-0.029251657,0.076533772,0.12487132,-0.0031077776,-0.037036031
-0.12120655,0.09151909503688112,0.10687199733254436,0.13435226450621202,-0.028160572,0.087469265,0.13009591,-0.0062166154,-0.032968756
-0.11345467,0.09181651877346285,0.11194366583980875,0.14092933908618746,-0.02702247,0.08827547,0.13635387,-0.0079002446,-0.034731641
-0.12502831,0.08972536475323528,0.10639220644421628,0.13266953761129582,-0.026717378,0.086133227,0.12881693,-0.0059150578,-0.031183599
-0.12625502,0.07893052334336823,0.09355083571258183,0.12043225257382645,-0.027754992,0.073965698,0.11574341,-0.0013692396,-0.033249296
-0.12282563,0.07963626607940323,0.09810432074551309,0.12669736856786912,-0.025530066,0.075676814,0.121613,-0.0027716749,-0.035423428
-0.11337455,0.0845438150765245,0.10775073383965984,0.13738864408915633,-0.021170629,0.082858652,0.13233115,-0.0083147986,-0.035985697
-0.11212458,0.08408319312961482,0.1080803765828744,0.13842630977013962,-0.020973045,0.08244212,0.1331588,-0.0074007427,-0.037091862
-0.12541111,0.0869131677546873,0.1052711597333844,0.1300315741519639,-0.020212308,0.085839406,0.12653126,-0.0087290555,-0.028667998
-0.11649361,0.08219881332957123,0.10642582256827937,0.13593319267851542,-0.017524825,0.081858687,0.130822,-0.0089597888,-0.035821214
-0.11189763,0.08199865238563614,0.11022452716913413,0.13988115880304405,-0.015075813,0.082680784,0.13495433,-0.0083646951,-0.035834331
-0.11528367,0.08306860447443855,0.10920636275738207,0.13765033646819258,-0.014562745,0.084060922,0.13308057,-0.0089118155,-0.034025822
-0.11715113,0.0805020015740601,0.10739407384991509,0.13533659467418432,-0.014250322,0.081405282,0.13081047,-0.0097292792,-0.033316001
-0.10448255,0.09712372264258545,0.11224429650836185,0.14889807867628627,-0.055750702,0.081846595,0.14153348,-0.0027818384,-0.046164632
-0.085284516,0.09366991423125791,0.11910738603480456,0.15862887562269873,-0.05472108,0.078531563,0.15055847,-0.0030173156,-0.049861439
-0.092677936,0.09743521311500991,0.11691861598017422,0.15591298258593975,-0.054389879,0.082762621,0.1479093,-0.002980018,-0.049222115
-0.098161578,0.09579605213432417,0.11464888112314457,0.15222229704212015,-0.052300166,0.081868932,0.14463857,-0.003404381,-0.047325701
-0.086549044,0.09329719349383235,0.11909755763885847,0.15824395392198887,-0.048836123,0.08062467,0.15032722,-0.0028744487,-0.049341802
-0.098894633,0.10348686127629485,0.11855153825077862,0.15514557724034853,-0.048567526,0.091808334,0.14818305,-0.0049549052,-0.045687884
-0.086491786,0.10710300396383293,0.12365323213370519,0.16323722520467834,-0.053294186,0.09373042,0.15542883,-0.004251217,-0.049701083
-0.10228473,0.1084182808200822,0.11721865273355046,0.15397546006488902,-0.054891128,0.094481423,0.14685519,-0.0053545907,-0.045970902
-0.088427663,0.10833531730437825,0.12354917001479417,0.16246674099110595,-0.054448809,0.094579048,0.15490474,-0.0050084312,-0.048732731
-0.10323802,0.10831455667929553,0.11763877762571609,0.15306726457555822,-0.053493373,0.094962053,0.14648809,-0.0056667463,-0.044030841
-0.093865395,0.10745839820854632,0.1222421099421031,0.15888339379130448,-0.051223814,0.094995327,0.15211827,-0.0057005817,-0.045513384
-0.091929704,0.09216659061936888,0.11656256319248708,0.15435488978560993,-0.047958888,0.079768792,0.14681281,-0.0032264332,-0.047550194
-0.099337958,0.09359570706357163,0.11369788156668137,0.15065440598649352,-0.046906438,0.081768066,0.1432492,-0.0039277086,-0.046486448
-0.10188989,0.10457946363292668,0.11847602167861833,0.15254808395043606,-0.04674967,0.093766928,0.14654031,-0.0056500314,-0.042011101
-0.085057154,0.10265007597870787,0.12328288350272053,0.16167752185043738,-0.046302684,0.091860652,0.1543051,-0.0050404253,-0.048001576
-0.097027406,0.08704248144284421,0.1131864708677448,0.14884614439636648,-0.045913897,0.07507021,0.14194156,-0.0028920786,-0.044714697
-0.092280492,0.10185577726207357,0.12142047832601473,0.15825026689245988,-0.045503542,0.091336973,0.15134574,-0.0063497964,-0.045796223
-0.1028493,0.09088898024907258,0.11211873262557412,0.1474632592235152,-0.044402674,0.07989037,0.14060843,-0.0034055761,-0.044306707
-0.087839007,0.10038247709837778,0.12375585119995572,0.16018328771783968,-0.042894259,0.090844013,0.15358444,-0.0060906676,-0.045093339
-0.084269233,0.08889532386210217,0.12059830112605012,0.15870436906147262,-0.042515963,0.078525402,0.15131149,-0.0022765119,-0.047819737
-0.090498947,0.08701652884864719,0.11803508668926808,0.1544805952656427,-0.041912336,0.076740578,0.14756836,-0.0034613803,-0.045561522
-0.10432961,0.09920304979234065,0.11690373660814513,0.1502239266490153,-0.041131292,0.090311065,0.14440365,-0.0058050873,-0.041001402
-0.093596108,0.0953862274880567,0.11796248650495852,0.15470627408842225,-0.037976861,0.087503597,0.14760433,-0.0068128225,-0.045832068
-0.086604729,0.09606347799275498,0.12273157233141484,0.15851467766978114,-0.036810957,0.088734232,0.15212141,-0.00512983,-0.044268098
-0.096932963,0.08537550237563969,0.11438345449195604,0.1496809147219886,-0.037158407,0.076975755,0.142977,-0.0042394735,-0.044090595
-0.089744307,0.08247479139039338,0.11703615408400161,0.1524039858226122,-0.03668287,0.074026391,0.14584489,-0.0038921018,-0.044057854
-0.1018763,0.08426440001332451,0.11152053123172255,0.1455256627774791,-0.037020944,0.075827047,0.13916959,-0.0027769986,-0.042447992
-0.095573194,0.09577416265702199,0.11918380325152778,0.15386480423064244,-0.036132418,0.088707954,0.14763571,-0.0069226697,-0.042780273
-0.091466993,0.09459431222612945,0.12021544562713263,0.15624014672837855,-0.035383936,0.087743923,0.14956897,-0.0065201088,-0.044694461
-0.10077991,0.09411873960099099,0.1168859558381891,0.14995371115578898,-0.034212787,0.087724403,0.14421323,-0.0063590291,-0.040598307
-0.088228315,0.09375461969132474,0.12176311789189219,0.15755232743215755,-0.032189481,0.08818768,0.15107372,-0.0062357471,-0.044278465
-0.097553112,0.09403540639933065,0.11957705107968696,0.15271032817061592,-0.031437784,0.088811792,0.14709328,-0.0066399989,-0.040495947
-0.092239156,0.08122958914391436,0.11477876243158719,0.15017391401442196,-0.031218797,0.074993014,0.14344834,-0.0046994616,-0.044189289
-0.10160437,0.08034715198640846,0.1102723502588759,0.14381554652772394,-0.031433795,0.073943108,0.13754061,-0.0042247046,-0.041804831
-0.089391775,0.09009212662527318,0.12184799375425204,0.15612473102042046,-0.027686961,0.086120099,0.15019052,-0.0074412706,-0.041980553
-0.10275371,0.09005274315032841,0.11586908559953082,0.14818426862941184,-0.027972093,0.085956283,0.14263545,-0.0073984931,-0.039483771
-0.086761497,0.08897564060019214,0.12268383014402282,0.15737819063379646,-0.026562173,0.085384637,0.15135765,-0.0066906787,-0.042590979
-0.085757837,0.08781731427724217,0.12341395588787107,0.15836288772154952,-0.025426278,0.084608436,0.15230064,-0.0062561855,-0.04294391
-0.09666957,0.08715912339253706,0.11752783111071143,0.1495191937146855,-0.024175331,0.084424399,0.14418194,-0.0074672713,-0.038881838
-0.10340403,0.08637398720837103,0.11437253453187342,0.14625852688683338,-0.022578921,0.084249094,0.14074679,-0.0084527312,-0.038864497
-0.10248246,0.08568314770292547,0.11495850000243439,0.14651103423999423,-0.020781152,0.084261701,0.14114939,-0.0086269332,-0.038313299
-0.094538577,0.08428334434987109,0.11827285761718927,0.15115857318939102,-0.019935446,0.083099991,0.14552598,-0.0077309473,-0.040141448
-0.094287694,0.08400350486833259,0.11831262156476159,0.1513136704224719,-0.019584378,0.082945004,0.14563885,-0.0077853738,-0.040305585
-0.10180088,0.08513227024350772,0.11551999829774326,0.1467072114370508,-0.019204313,0.084332578,0.14150834,-0.0086864745,-0.037721887
-0.084127709,0.08377805994625354,0.1238465989153199,0.15661087144312882,-0.017883984,0.083421864,0.15135236,-0.0071455804,-0.039602637
-0.087365873,0.08113467432253281,0.12112056693106849,0.15407661907385925,-0.015517772,0.081554592,0.14857641,-0.0078409798,-0.040039655
-0.099880233,0.08229870794210684,0.1173134568544763,0.14798287936103144,-0.015448411,0.082848594,0.14308947,-0.0081186984,-0.036856789
-0.089508802,0.08084855213916907,0.12001659999908623,0.15291127384462533,-0.014964305,0.081478693,0.14734986,-0.0084757339,-0.039975472
-0.067733541,0.09681470190684852,0.12556711696157538,0.16772582294523436,-0.055346716,0.081682369,0.1590171,-0.0030462733,-0.053256303
-0.074877217,0.09801201243354507,0.12431964259308476,0.16614053692536251,-0.054268159,0.0834409,0.15749097,-0.0024012199,-0.052853633
-0.064660907,0.09240622087698205,0.1272499015337846,0.16833247217807829,-0.049468089,0.079388499,0.16017072,-0.0034134213,-0.051667303
-0.071098335,0.09365841231778127,0.12465648976781413,0.1653816603240569,-0.049297594,0.080821201,0.1571952,-0.0031002413,-0.051294748
-0.079200499,0.09342575591763819,0.1224639145233881,0.1622056802020377,-0.049576391,0.08045011,0.15427509,-0.0026817482,-0.050026868
-0.064048424,0.1059814006357598,0.1291479600710533,0.17107402742830333,-0.051229794,0.093388237,0.16270381,-0.0028917899,-0.052777179
-0.069715686,0.10547549301745343,0.12866816124820674,0.16950217044519936,-0.049720496,0.093479298,0.16152824,-0.0038105787,-0.051235661
-0.070791647,0.10769544341742544,0.1277581794627541,0.16967732413271222,-0.054499529,0.093862385,0.16121279,-0.0032752724,-0.052821428
-0.065632753,0.10607590142914673,0.1294621370271931,0.17087438923862908,-0.050092254,0.093973756,0.16272962,-0.0030983845,-0.052033909
-0.076987244,0.10721234358780943,0.12727168084820456,0.16707522792127702,-0.052558329,0.094161555,0.15942468,-0.0035329275,-0.049854003
-0.078799099,0.111640460753919,0.1263901166077036,0.1680110171334142,-0.059803296,0.09589678,0.15957582,-0.0032482797,-0.052466258
-0.060866538,0.10458698458382093,0.1299780413485034,0.17168627306665252,-0.047945179,0.093267635,0.16346186,-0.0025670421,-0.052438602
-0.081265807,0.10317352705226457,0.12420136813940748,0.1631506052009967,-0.046991527,0.092136912,0.1556326,-0.0041584149,-0.048778288
-0.077252716,0.10203126743398254,0.1259018610045243,0.1647988009265496,-0.044946462,0.091764085,0.15741672,-0.0037160625,-0.048629332
-0.08101958,0.10166457111262757,0.12472206062302589,0.16356931147671594,-0.044939853,0.091368526,0.15612312,-0.0042904094,-0.04860127
-0.073715404,0.08909183360713074,0.12390055832994196,0.16293900035456413,-0.044199277,0.078024358,0.15537784,-0.0033076301,-0.048947975
-0.068357088,0.10203734379859838,0.1293189151122795,0.16885760902390862,-0.043680578,0.092308022,0.16143937,-0.0037056021,-0.049360819
-0.067737587,0.08954752305123917,0.12554261491100516,0.16581764640157104,-0.043111455,0.078981154,0.15787761,-0.0025090589,-0.050634541
-0.073284738,0.10114769208879339,0.12768251509830597,0.16627877375025987,-0.042813819,0.091709457,0.15912412,-0.0038815229,-0.048094478
-0.060684115,0.09933894010133254,0.13141677912538383,0.1722057568696867,-0.04188589,0.090138383,0.16444331,-0.0022847585,-0.051068585
-0.062044337,0.08988128634861169,0.12617284014632424,0.16752057017909672,-0.041703478,0.079941392,0.15917416,-0.0038483504,-0.052076083
-0.078651085,0.08883719119633056,0.12193002272292927,0.1611614767128486,-0.040956318,0.079124279,0.15337703,-0.0044977805,-0.049277563
-0.06353382,0.09804467437322076,0.13182852788113514,0.17062206384697567,-0.039272338,0.089841731,0.16365141,-0.0034292415,-0.048149195
-0.073475689,0.09704886891644583,0.12731971114173002,0.16594920189239698,-0.039079152,0.08884193,0.15875062,-0.0044295434,-0.048143093
-0.066653006,0.08293167220957742,0.12459348888251724,0.1628214653310899,-0.037207745,0.074299932,0.15562063,-0.0036493524,-0.047746532
-0.072830103,0.08543756865190903,0.1231246093634926,0.16156908159909725,-0.037135761,0.077052794,0.15417981,-0.0042941263,-0.048111483
-0.079077952,0.09632154995448389,0.12654432956618403,0.16281486449217691,-0.036350016,0.089210249,0.15646066,-0.0052654976,-0.044732723
-0.061225872,0.08325184141594673,0.12650613213927847,0.16565270532279627,-0.035471991,0.075384535,0.15819964,-0.0044514849,-0.048927262
-0.079664342,0.08396911208229473,0.12049628119291277,0.15766392441632343,-0.035970137,0.075952299,0.15060441,-0.0046762018,-0.046415061
-0.062280513,0.09548817478899009,0.1311560167795677,0.16900787512927018,-0.03498137,0.088885859,0.16235496,-0.0035749923,-0.046816111
-0.071381614,0.09308386109521494,0.12751172362761648,0.16525923210805513,-0.03292615,0.087146297,0.15839426,-0.0055222698,-0.046812143
-0.066848435,0.09183339542594622,0.1285416513814563,0.16649319754587896,-0.030705273,0.086730547,0.15961657,-0.0053183315,-0.047055826
-0.082121447,0.09279828301589049,0.12370273839495084,0.1597173648736336,-0.031146316,0.087591551,0.15328322,-0.0056473599,-0.044519641
-0.075178199,0.09286321873820239,0.12757593061450215,0.16380415384520622,-0.030543059,0.087918162,0.15751722,-0.005709948,-0.044581641
-0.065308742,0.09178556551460676,0.12900158053258665,0.16690806698965924,-0.030211961,0.086887985,0.16008054,-0.0051162657,-0.046971772
-0.074534349,0.08098166892930456,0.12261476699593675,0.16035149209222,-0.030303542,0.075112186,0.15320517,-0.0045234999,-0.047120217
-0.067821227,0.09070841882469545,0.12884835616559068,0.16620820151259016,-0.028349774,0.086508267,0.15956411,-0.0059066871,-0.046147287
-0.080522135,0.09053679511543368,0.12448237767147172,0.16000021204239384,-0.027986944,0.086475834,0.15380317,-0.0055369171,-0.043749232
-0.061110049,0.08774174663049418,0.1296917759793592,0.16746265866498092,-0.025770914,0.084380053,0.16073522,-0.004752412,-0.046747681
-0.078561209,0.08685457855299507,0.12507438414816105,0.16135549499799112,-0.025207059,0.083655611,0.15491553,-0.004983326,-0.044854663
-0.062860623,0.08714071323380317,0.12972881774366526,0.16714429874173084,-0.024935383,0.084081776,0.1605396,-0.0055272039,-0.046192028
-0.076312348,0.07829117822013963,0.1204626077822421,0.15814285614179008,-0.023855375,0.074926428,0.15086097,-0.0055845832,-0.047105659
-0.071991459,0.0862957398475067,0.1284899730471239,0.16345975991789632,-0.02260207,0.084154263,0.15764658,-0.0075096488,-0.042547081
-0.065679319,0.08287826570650994,0.129552586670703,0.16468574392003923,-0.019022509,0.081961088,0.15889992,-0.0064856033,-0.042780213
-0.06059454,0.0819068181960248,0.1315277212411542,0.1669979712150403,-0.017429227,0.081582054,0.16122729,-0.0052092569,-0.043208182
-0.079668507,0.08231659379510443,0.12447173392962618,0.15822718255526366,-0.017756542,0.081888281,0.15265234,-0.0068371482,-0.041065287
-0.068383209,0.08158573014353313,0.12842430723822335,0.16316699118321346,-0.016983122,0.081422597,0.15741175,-0.0082085868,-0.042161915
-0.075466864,0.07937498977208313,0.1258821793986696,0.1595740451830935,-0.012938289,0.080737866,0.15404044,-0.0087656854,-0.040725686
-0.054957084,0.10197816253275613,0.12792777783530765,0.17334361104842524,-0.0579128,0.08620251,0.16345708,-0.0018526083,-0.05767459
-0.043434765,0.09580831435354359,0.1303130241143209,0.17474599453640638,-0.054090798,0.081122175,0.16544165,-0.0012966034,-0.056245372
-0.059547909,0.09244564779433465,0.12694758426227112,0.16894950130241154,-0.052270792,0.078241654,0.16040917,-0.001880876,-0.053002778
-0.054230727,0.09501839502275836,0.12888934750537417,0.1721390716036902,-0.051489256,0.081368327,0.1632185,-0.0021876756,-0.054651581
-0.047750361,0.09209889306281344,0.13008434249671738,0.17274194689449596,-0.049727827,0.078944378,0.16414663,-0.0018442548,-0.053779762
-0.03985627,0.09063327386301281,0.13112569951227676,0.17377434020826862,-0.048332367,0.077944525,0.16525052,-0.0021125197,-0.053715214
-0.058121711,0.10403090913942452,0.13004379073070793,0.17230353697863424,-0.048731484,0.09232977,0.16386515,-0.0020756347,-0.053220421
-0.044940364,0.10409609562934596,0.13321753468635017,0.1761272318433393,-0.048297741,0.092584699,0.16763127,-0.0027873828,-0.053970266
-0.059781518,0.10508816536559568,0.1297725481486286,0.17193352647539914,-0.050168842,0.092868209,0.16351676,-0.0021092577,-0.053093858
-0.047236711,0.10568712482345319,0.13253058635638174,0.17579416000870893,-0.05134334,0.09302035,0.16710284,-0.003432015,-0.054483473
-0.041634578,0.11000965131004678,0.1347606293200766,0.17888632050361572,-0.056862969,0.095373228,0.17000677,-0.0021736752,-0.055617344
-0.044814639,0.11155696140898091,0.13336912202418147,0.1786595450798635,-0.060500585,0.095510088,0.16920827,-0.002189154,-0.057297487
-0.050645247,0.10987901466122292,0.1346801978068132,0.1773585705952058,-0.056170981,0.095525041,0.16904891,-0.0030242754,-0.053566616
-0.044324212,0.10375948070176454,0.13349198359116285,0.17632642247066538,-0.047693752,0.092475392,0.16788106,-0.0025400841,-0.053856336
-0.041338682,0.10396580697985008,0.1341473566283363,0.1770701803615119,-0.047567904,0.092752956,0.16863704,-0.0019272785,-0.053960014
-0.052593529,0.08996565460394372,0.12959105477219024,0.17122723432946949,-0.046065085,0.078181654,0.16300255,-0.0029548411,-0.052346952
-0.050968025,0.10280568328622519,0.13243087526873049,0.17416560278433144,-0.04575466,0.09226232,0.16608256,-0.0033592512,-0.052335035
-0.056175023,0.10156227105948079,0.13103526195867948,0.17308947218977028,-0.04544815,0.091041632,0.16479895,-0.0021625913,-0.052882839
-0.041929886,0.10176864584644121,0.13408251563438342,0.176939934462465,-0.04491521,0.091492049,0.16852933,-0.0018411963,-0.053872213
-0.059096001,0.08563694144747092,0.12713726924857224,0.1667206771723336,-0.04383412,0.0744261,0.15915099,-0.0033502202,-0.04955323
-0.045514766,0.08874643001752835,0.13035951619564062,0.1727204674944092,-0.042561039,0.078344516,0.16425818,-0.0025759505,-0.053338304
-0.045377281,0.09912936811794833,0.13435356988448324,0.17592495789048468,-0.041282147,0.090166986,0.16804105,-0.0022054662,-0.052028187
-0.039191663,0.08847859615343891,0.1305074403021073,0.17324171955947099,-0.04083978,0.078784183,0.16463766,-0.0026289062,-0.05385372
-0.055198528,0.09067563131229751,0.12706763096322743,0.1698744369624214,-0.040988453,0.081107847,0.16099493,-0.0037143638,-0.054075506
-0.04829656,0.09773431980977362,0.1340719683443864,0.1748740387044739,-0.039506305,0.089405261,0.16725895,-0.0037300985,-0.050906379
-0.048074555,0.08454349720429495,0.12974365339624122,0.16999199667765758,-0.039006002,0.07528764,0.16233109,-0.0028812098,-0.050374545
-0.04073561,0.08327527601800533,0.13061237164665726,0.17094952577862205,-0.037190869,0.074680373,0.16330816,-0.0029451104,-0.050453063
-0.05011021,0.09571572418217347,0.13367126642247712,0.17358595256455592,-0.036763661,0.088376522,0.16627827,-0.0046174275,-0.04962156
-0.054555852,0.08392162384244083,0.12835279513162262,0.168293740697439,-0.036587525,0.075638644,0.1606662,-0.0028215586,-0.05001194
-0.042731151,0.09397351139534722,0.13317974776529418,0.17419025445794678,-0.034927286,0.087263346,0.16645162,-0.00237802,-0.051287893
-0.055346519,0.09224648740125842,0.13029383630545538,0.17009127158847656,-0.033078339,0.086172007,0.16261716,-0.0047466652,-0.049640398
-0.049710967,0.09092463826476715,0.13301955843375302,0.1722670805087285,-0.029750317,0.086148664,0.1651808,-0.0043784161,-0.048704002
-0.050711259,0.09042216391723663,0.13355039815915548,0.17219834658492147,-0.028461048,0.086150058,0.1653692,-0.004635138,-0.047789264
-0.045859039,0.08990295067096786,0.13386989122228934,0.1732616404905044,-0.028262971,0.085670084,0.16617547,-0.004114727,-0.048871037
-0.041989587,0.08870266749364158,0.13426724328831532,0.17377049874535241,-0.027020188,0.084893674,0.16666698,-0.0040157442,-0.049012017
-0.041002695,0.08805364732285796,0.1352671568498414,0.17449141787148933,-0.02599797,0.08462251,0.16755456,-0.0040261801,-0.048543941
-0.052619185,0.07876952802619198,0.126575381583158,0.16574253145134177,-0.026863368,0.074169271,0.15827669,-0.0049779061,-0.04893155
-0.0560099,0.08911930497221174,0.13221811753096444,0.16980996258092643,-0.026182627,0.085701816,0.16330157,-0.0046628467,-0.046327945
-0.038202181,0.09664047891906413,0.13511166666812396,0.17572126742965918,-0.037144661,0.089219414,0.16825919,-0.0025014663,-0.050601892
-0.044267673,0.07814797342104665,0.12928406529315253,0.1687809342986799,-0.025755033,0.073964499,0.16137695,-0.003701638,-0.049302958
-0.05288494,0.08708916923014631,0.1349804056121652,0.17164143282780717,-0.023691796,0.084553652,0.16563563,-0.0047350535,-0.044757109
-0.053320851,0.07993297933681182,0.12991633298396182,0.16710973037671423,-0.016351134,0.079895377,0.16057354,-0.0066996957,-0.045792077
-0.046120357,0.08237448110170678,0.13358306855995178,0.16900424920674767,-0.016066179,0.082668684,0.16336215,-0.00530968,-0.042977337
-0.042334042,0.0818779032185223,0.1341623155629817,0.1697428180714257,-0.015769305,0.082255237,0.16408016,-0.0050260164,-0.043186393
-0.039790303,0.08123681795356817,0.13432003473472087,0.1701009696640918,-0.015292863,0.081761025,0.16438028,-0.0047013257,-0.04348978
-0.051612649,0.08024652225970104,0.1318730529499713,0.16762501309335087,-0.014727449,0.080925211,0.16174632,-0.0063182563,-0.043547131
-0.052086867,0.07993933376165333,0.13177309237292045,0.1676252598869243,-0.014445191,0.080711305,0.16169573,-0.0066667977,-0.043683778
-0.033147097,0.09806797483223924,0.1317118282955303,0.17724386600936848,-0.056545395,0.082535066,0.16758054,-0.0015371017,-0.057704315
-0.019244706,0.09882672479282091,0.13359454788721797,0.17952178006175062,-0.056327436,0.08345186,0.16982938,-0.0008348485,-0.058183797
-0.016115747,0.09186852069479298,0.13327674317949229,0.1774257478119929,-0.052881509,0.077355452,0.16844292,-0.00097458746,-0.055730861
-0.036459565,0.09578969847195515,0.13120022294570405,0.17608189870797616,-0.052482706,0.081784546,0.16665229,-0.0015995384,-0.056826849
-0.021135502,0.09564606124287815,0.13276855987716088,0.17849708668916253,-0.050434936,0.082497731,0.16882885,-0.00095411,-0.057940651
-0.02941329,0.09390468317524814,0.13210789540830808,0.17700582405049098,-0.050019957,0.080782115,0.16763358,-0.0014250346,-0.056815613
-0.031386673,0.10422391777281878,0.13531204584979775,0.179234237180717,-0.04958998,0.092175037,0.17047511,-0.0020035929,-0.055309441
-0.036669686,0.10388127794864432,0.13494642410607205,0.17829547276939808,-0.04847433,0.092276372,0.16974516,-0.0016803271,-0.054525524
-0.016975205,0.1044552186571783,0.1376916222006801,0.18191211230084472,-0.048445731,0.092912018,0.17319578,-0.00081635511,-0.055628877
-0.020472325,0.10491845189536717,0.13716707773470524,0.18148632048242494,-0.049203303,0.093093686,0.17269494,-0.0010282664,-0.055791441
-0.024287108,0.10553702927325359,0.1363869440891715,0.18083254826481235,-0.050458428,0.093232915,0.17193684,-0.0013790687,-0.056002069
-0.023696396,0.10922294304201619,0.13645088849188405,0.1815439132645574,-0.054617833,0.095471583,0.17239088,-0.0010241321,-0.056908067
-0.016180262,0.10934017744032395,0.13715432819704654,0.18256378975690193,-0.05409215,0.095822081,0.17332888,-0.001155983,-0.05731754
-0.022402793,0.08999014932676656,0.13329604731832323,0.17680355522971714,-0.046756469,0.077914789,0.16808113,-0.0014132105,-0.054829132
-0.034684297,0.0911854526546841,0.1313714531788433,0.17544869519318432,-0.044269912,0.0802688,0.16635768,-0.0023415433,-0.055694561
-0.031105194,0.09989011180686494,0.13510510710641416,0.1787083762183037,-0.043833014,0.089910649,0.17005523,-0.0030647342,-0.054849885
-0.027276728,0.1003274810670867,0.13590996376162987,0.17894759593180606,-0.043483023,0.090534352,0.17058551,-0.0016071221,-0.054039273
-0.029796895,0.0870075489026425,0.1324488345165332,0.1745471165676233,-0.043559488,0.076031648,0.16633625,-0.001393499,-0.052886728
-0.027937012,0.09962583353639064,0.13627653660587297,0.1790372832355145,-0.042248886,0.09029597,0.17080612,-0.0021036107,-0.053620826
-0.023403121,0.08816730302661903,0.13263943266059836,0.17558220914657327,-0.041553423,0.078143083,0.16704395,-0.0015101759,-0.054066166
-0.021463651,0.0977067257436784,0.13624420487110633,0.17889218848165667,-0.03935631,0.089438953,0.17070885,-0.0011790437,-0.053474419
-0.033840131,0.08475385243889995,0.13175825081440445,0.1731637268746649,-0.038220435,0.075849615,0.16517995,-0.0021279692,-0.05193007
-0.026959443,0.09618393011026305,0.1367012930316123,0.17801952114307337,-0.036501717,0.088996351,0.17038195,-0.0022671889,-0.051534463
-0.034155734,0.09432041232579334,0.13428721970801147,0.17552327426694989,-0.035510033,0.087392844,0.16775735,-0.0032538171,-0.051529642
-0.026461503,0.08413921392767477,0.13260842763589176,0.1742172028667747,-0.035247333,0.076443903,0.16620962,-0.0018021856,-0.052179959
-0.024430195,0.0954366750677772,0.13695182884659757,0.1781769008013853,-0.034999043,0.08882241,0.17059545,-0.0016207814,-0.05139624
-0.016898338,0.09362319611246606,0.1377215760458547,0.17857741983169573,-0.032144342,0.088064067,0.17118557,-0.0017558741,-0.050816458
-0.018754909,0.08297219102952952,0.13317360062037617,0.17473329053682657,-0.031190917,0.076897942,0.16678526,-0.0010344596,-0.052089632
-0.032409541,0.09167408958918351,0.1350025147043001,0.1752598587297939,-0.030181978,0.086779609,0.16792221,-0.0030667307,-0.05008737
-0.031529069,0.0911559502575174,0.1352540410353627,0.1754015154612897,-0.029519524,0.086497918,0.16812384,-0.0028626267,-0.049918648
-0.020145467,0.09129017928056495,0.13819316546030752,0.17788267351452045,-0.028972778,0.086875819,0.17096429,-0.0019504686,-0.049088214
-0.026897877,0.09001500239983659,0.13603548064897142,0.17637162127542722,-0.028880453,0.085529707,0.16908047,-0.0012145943,-0.050172385
-0.024371374,0.07985497975473071,0.1317628397162235,0.1723045716116411,-0.027678179,0.075002596,0.16466843,-0.0011570738,-0.05071326
-0.015965085,0.0858998477489886,0.13435169180777928,0.1762573820571435,-0.038991027,0.076767482,0.16824839,-0.0008004072,-0.052521456
-0.036429614,0.08847642223133699,0.13572916314683858,0.17475179402834956,-0.025406493,0.085332863,0.1679296,-0.003201978,-0.048245065
-0.037841298,0.08796440368506425,0.13590168027612787,0.17489099475737524,-0.025209488,0.08486025,0.16808909,-0.0034169042,-0.048179276
-0.029298844,0.08659099106527175,0.13616804059317253,0.17537097855095118,-0.02394403,0.083905384,0.16851391,-0.0024388989,-0.048498392
-0.021072499,0.08551741347261033,0.1362797422101693,0.17481163576074377,-0.022189518,0.083483838,0.16821676,-0.0021896705,-0.047512472
-0.021788117,0.08268974968921407,0.13652238262884622,0.1746161660641253,-0.017753109,0.08229512,0.16819647,-0.0025342614,-0.046843681
-0.028254027,0.08240129635625335,0.13622506841510754,0.1736250787909218,-0.017169069,0.082229666,0.16743658,-0.0034204531,-0.04581441
-0.031889495,0.08253608004988675,0.13629987163945406,0.17287982571696384,-0.017009193,0.082443953,0.16698031,-0.0045255357,-0.044548061
-0.023754187,0.08062375415260141,0.13751868457520686,0.1743714948070977,-0.014237132,0.081543148,0.16845888,-0.0031516049,-0.04491204
-0.029341863,0.0804139545751216,0.13734850249813002,0.1731029358443054,-0.013303979,0.08171133,0.1675709,-0.0036837009,-0.043255638
-0.011177296,0.09774339271037469,0.13417334696011107,0.18024062033610808,-0.055478733,0.082635224,0.17052998,-0.00106602,-0.058352984
-0.0036941455,0.09410192399851605,0.13408145728462714,0.17950006469317467,-0.052463882,0.079959005,0.17005228,-0.00072505197,-0.057462767
0.0032665457,0.09196005467084067,0.13515772911595927,0.17963492463168784,-0.049849171,0.078742042,0.170647,0.00022450155,-0.056109332
-0.010586036,0.09411283523600435,0.1341151081989401,0.17991942523568116,-0.048886161,0.081489511,0.17031413,-0.00092080049,-0.057993524
0.0060441294,0.10328278742938594,0.1367490394066566,0.1821667099095557,-0.048273422,0.091711476,0.17290196,0.00084284198,-0.057349037
-0.0063199401,0.10592635353918944,0.13605623827703955,0.18193969539558713,-0.051987071,0.093006991,0.17243759,-0.0002557339,-0.058028139
-0.0062538343,0.10560818979918349,0.13682660961555337,0.18210927413903877,-0.050365221,0.093349785,0.17290577,-0.00041889623,-0.057159487
0.00061909616,0.10624424384157763,0.13625468047436595,0.18179743912425256,-0.050872073,0.093825623,0.17244896,-4.4589888e-05,-0.057547051
-0.0099795964,0.1074500895088127,0.13651631971931238,0.18256620715822083,-0.053946227,0.093830705,0.17302728,-0.00031235378,-0.058239873
-0.013205543,0.10986636551550695,0.13706002125684685,0.18292739611320938,-0.056041561,0.095566235,0.17350006,-0.00074006623,-0.057962175
-0.012864089,0.11114570512267452,0.13659320809963493,0.18286906532997493,-0.058616929,0.09586288,0.1732422,-0.00044894128,-0.058549412
-0.0015579107,0.10268577528668815,0.13632822919708995,0.18206910242948557,-0.047953937,0.091198519,0.17264411,-0.00042805378,-0.057818562
-0.0016431939,0.10215088414011254,0.13746406910846323,0.1827442497529489,-0.046580985,0.091200218,0.17358465,-0.00054141274,-0.057127375
0.0011052892,0.10265904046552048,0.1376805087064803,0.18252384492740156,-0.04629628,0.091873109,0.17355652,0.00016754451,-0.05650717
-0.0037529012,0.09154382238034786,0.13422205904975526,0.1792501201100873,-0.04596547,0.079938397,0.16997321,-0.00045687641,-0.056916647
-0.015438608,0.09192742855974981,0.13353881731881165,0.17851118339938946,-0.045547847,0.080532402,0.16920963,-0.00074666995,-0.056866389
-0.013754596,0.10160552589181707,0.13802892459508148,0.1809543922982543,-0.044355702,0.091552339,0.17277588,-0.0010424601,-0.053776395
-0.0096378112,0.08751415286464034,0.1341462483385756,0.17667481997077894,-0.044071887,0.076364502,0.16840492,-0.00071049784,-0.05341601
0.0037092669,0.08964136572636457,0.134299816796118,0.17823815191963796,-0.04299942,0.079130657,0.16941126,0.00044048851,-0.05539377
-0.0096770106,0.09966952308731929,0.1379871074165016,0.18039449743213223,-0.042000312,0.090448946,0.17241946,-0.00025619031,-0.053043745
-0.0033981889,0.08852629327241317,0.13389997790733998,0.17790081514234932,-0.040639307,0.078921095,0.16902201,5.5316075e-05,-0.055500064
0.0040654549,0.09791152371747051,0.13898684912545914,0.17997392652992986,-0.038749229,0.089919128,0.17261359,0.00017400892,-0.050942443
0.0036204457,0.08514102852377012,0.13379286024204431,0.17587837381194008,-0.03813307,0.076307312,0.16776282,0.00042505105,-0.052807745
-0.015935406,0.09611713574768165,0.13598476283205937,0.17887364509375178,-0.03768849,0.088420033,0.17057596,-0.0015669861,-0.053825341
-0.010862446,0.09644897659817842,0.13703849017343292,0.1793193779181356,-0.037421152,0.08889401,0.17133391,-0.00047255776,-0.05291415
-0.0055732206,0.09589737531535117,0.13765931991544225,0.17931488954216793,-0.036336299,0.088755265,0.17161396,0.00019147861,-0.051985014
-0.009937712,0.08417439782731961,0.13438301191342414,0.1762204089325259,-0.036236521,0.07606224,0.16824099,-0.0005832552,-0.052423865
0.0011261902,0.0951856359213768,0.13788207694778518,0.17890416376070414,-0.035170853,0.088476762,0.1714631,-0.00017858954,-0.051059507
-0.013519911,0.09468058994126351,0.13711064188570976,0.17897963624262994,-0.034664776,0.088142917,0.17115906,-0.0010761664,-0.052317571
-0.0038282254,0.0834227393295415,0.1340053994425699,0.17637088330809608,-0.03428784,0.076072834,0.1681578,-9.209141e-05,-0.053194307
0.0045516514,0.0939578248199762,0.13789363298257204,0.17888769329691434,-0.033229783,0.087966852,0.17145813,0.0002395661,-0.051018223
-0.0017891089,0.09341328836535408,0.13794674624367292,0.17883675450637646,-0.032475006,0.087695673,0.1714507,-0.00012560676,-0.050864786
-0.009566471,0.09090308596546452,0.13756913033533755,0.17796638118846866,-0.029041925,0.086425945,0.17074677,-0.00050693745,-0.050172865
-0.0040941662,0.07943705033357758,0.1329720989797085,0.173616381046565,-0.029019069,0.0739794,0.16601829,-0.00030133376,-0.050798468
0.0053874552,0.09064717876523476,0.13806898725504374,0.17820017535123353,-0.028523521,0.086367987,0.17111263,0.00040182713,-0.049755491
-0.0062027969,0.08991865959587489,0.13763432629948646,0.177779752560814,-0.027452724,0.086031079,0.17066105,-3.9280498e-05,-0.049804065
-0.011376764,0.0780405119306265,0.13247191363457816,0.17282278381120758,-0.025753615,0.073848359,0.16530658,-0.0010471774,-0.050401911
-0.0011135335,0.08873302066397569,0.1378825609982513,0.17740434479228825,-0.025444727,0.085595392,0.17053789,-0.00010540397,-0.04887861
-0.013283801,0.08806731034939927,0.13771608198972204,0.1769921568380743,-0.025118191,0.085010797,0.17020452,-0.0015879266,-0.04851931
0.0020485672,0.08826709865132068,0.1381275102032779,0.17733057849230097,-0.024731193,0.08539211,0.17059883,0.00026557848,-0.048395276
-0.015595007,0.08591360761681278,0.1377854884078513,0.1763756429145779,-0.02175249,0.084099755,0.16984871,-0.001790565,-0.047503442
-0.0097298743,0.08504003586553174,0.13767787397373216,0.17675616850524592,-0.021160578,0.083401993,0.17004408,-0.00086079835,-0.048239123
-0.0057534832,0.0836838045486663,0.13772966908279258,0.17648550684476183,-0.019394511,0.082678288,0.16989815,-0.00068569137,-0.047762774
0.0057792375,0.08358768163338927,0.13821002754985345,0.17599318858172577,-0.018417951,0.082988389,0.16979258,0.0013454827,-0.046284683
-0.0014929386,0.08313070189496012,0.13797953317660283,0.17639154197624882,-0.018289579,0.082546435,0.16994759,-0.00044380038,-0.047239769
0.0025158424,0.08280598352284212,0.1381720218579754,0.1761943165819527,-0.017551834,0.082506828,0.16990627,0.00030641479,-0.046649788
-0.011930559,0.08072876496257103,0.13745838196485186,0.17450669829677548,-0.014127631,0.081703708,0.16853496,-0.0011790445,-0.045245606
-0.0052659148,0.07990606780656609,0.13840285905507768,0.17493696861679384,-0.013175665,0.081214048,0.16920565,-0.000529852,-0.044408448
0.0062279613,0.10339031703376853,0.13664924418646932,0.18207433120004762,-0.048430126,0.091761775,0.17279963,0.00089098304,-0.057363369
0.0068236887,0.09793379435183239,0.13444170727579674,0.17997431426526853,-0.056226473,0.082524672,0.170505,0.00044223058,-0.057607319
0.022031091,0.0979699530132956,0.13369759378878865,0.17934016954780005,-0.05515711,0.083017871,0.16977237,0.0010218987,-0.057785764
0.013935223,0.09650104668917808,0.13493578668059683,0.1803108037777701,-0.05322089,0.082243986,0.17093982,0.00075451582,-0.057367191
0.026547749,0.09404801483451522,0.1335610609314599,0.17737708820541717,-0.050725214,0.080638461,0.16854839,0.0011505813,-0.055251677
0.026215347,0.08704479118756986,0.1309406339770453,0.1738684555311551,-0.048539568,0.073958188,0.16522402,0.0012622904,-0.054126423
0.023817778,0.10401627918585879,0.13625748488647632,0.18000628073838812,-0.049351223,0.092050813,0.1713821,0.0015875176,-0.055026509
0.024671013,0.10449721638387138,0.13595566145001303,0.1796453993467237,-0.050317045,0.092163317,0.17102154,0.0021564569,-0.054949541
0.011307751,0.10550898692142074,0.13623364532000085,0.1817269038221238,-0.051743835,0.092656828,0.17239456,0.0012918171,-0.057472728
0.0088550821,0.10571730132028963,0.13647400268874998,0.18174557717161713,-0.051002506,0.093197808,0.17252207,0.00074570655,-0.057157975
0.019497065,0.10819032379118035,0.13690757951372604,0.18156566075546102,-0.054446872,0.094422355,0.17261967,0.0011389289,-0.056278251
0.013175816,0.11075451265065647,0.13666894962644618,0.18270914642455727,-0.058602318,0.095444106,0.17318447,0.00050400605,-0.058219563
0.015638418,0.09239783652099517,0.13461786302259102,0.17843317195922456,-0.047099408,0.080384836,0.16967657,0.00082816399,-0.055204824
0.018842908,0.10269071950314271,0.13666943797163167,0.18055435704457495,-0.046680048,0.091744624,0.17190547,0.0008795191,-0.055205178
0.0087140994,0.09173539358951169,0.1351705777505656,0.1793582373945145,-0.046427887,0.079950228,0.1704887,0.00031414552,-0.055703517
0.016193593,0.10235712054064251,0.13712205764246277,0.1808106119097691,-0.04613461,0.09161374,0.17227073,0.00068045454,-0.054907285
0.021299539,0.09017311569544019,0.13537556723982203,0.1779520545388627,-0.045245782,0.078754805,0.16974337,0.00032439712,-0.053422999
0.026964325,0.10140065288930158,0.13655159090306454,0.1791399529413261,-0.044206254,0.09139321,0.17099506,0.0020760295,-0.053361993
0.027934339,0.10058366510817833,0.13656883055608693,0.17887592552855838,-0.043158248,0.090950519,0.17084222,0.0022368953,-0.052957803
0.012309038,0.08836525222495636,0.13458800467985355,0.17752042294629994,-0.041963059,0.078184247,0.16911678,0.0010336402,-0.053962458
0.010732232,0.09926009861099844,0.13831464954609668,0.1801967109645368,-0.040752232,0.090533942,0.1724475,0.00063424715,-0.052271523
0.019757601,0.09828517261367085,0.13752856828527105,0.17962464711753054,-0.039844263,0.089860231,0.17173925,0.0015249327,-0.052614812
0.019247647,0.08689369127414753,0.13411546219767082,0.176483988582367,-0.03910584,0.077798419,0.16827239,0.0016168408,-0.05318258
0.025578823,0.08770934983972012,0.1332959725214247,0.17582517662593317,-0.038752969,0.078834303,0.16749907,0.00088791613,-0.053458076
0.015792903,0.09665053973944573,0.13738059215540047,0.17919008899713884,-0.038397029,0.088698745,0.1714087,0.0013266935,-0.052214801
0.010668349,0.08313543035442152,0.13440048947744437,0.1755488543955186,-0.038291413,0.074061297,0.16784182,0.00076081534,-0.051438749
0.027563056,0.09616498050009231,0.1381542718735517,0.1783055932928841,-0.036458362,0.088994168,0.1712088,0.0019993009,-0.049763784
0.012743517,0.09386450955303721,0.13708251492053744,0.17859100362737895,-0.034368496,0.087382123,0.17091002,0.00098785327,-0.051802855
0.023849342,0.09482193720352712,0.13873110645654896,0.17831770119865964,-0.034303207,0.088449948,0.1714727,0.0014852833,-0.048909198
0.020003673,0.08337764508726503,0.1324961079189661,0.1738157364170456,-0.033966187,0.076160379,0.16591711,0.0015587022,-0.051778309
0.027437473,0.08292160765796083,0.13298320224093424,0.17358252058590556,-0.03383008,0.075722732,0.16599832,0.0016204857,-0.050723005
0.016545543,0.09273332899611963,0.1380124335055576,0.17817482777099572,-0.031865109,0.087215878,0.17106491,0.0020591242,-0.049787808
0.0091325734,0.0923344826990805,0.1375119851341149,0.17854491779268633,-0.031464942,0.086952448,0.17107664,0.00049494382,-0.051096242
0.0081348084,0.08104210015096727,0.13309370971922813,0.17469510040082245,-0.030791067,0.074970894,0.16672671,0.00056306488,-0.052156162
0.013274414,0.08979349204073549,0.1382831443304621,0.17777520999871368,-0.027462192,0.085891083,0.17094111,0.0011823552,-0.048803322
0.025590107,0.08996032168644592,0.13684178967739907,0.1753622555410363,-0.02748082,0.086064413,0.16880724,0.0017607383,-0.047465105
0.021249391,0.08844135594129236,0.13687826010137413,0.1754959268792847,-0.025468858,0.085268296,0.16890582,0.0018716127,-0.047604006
0.013185194,0.07764045120485547,0.13226909055821426,0.17345590316828993,-0.02376716,0.074256949,0.16559842,0.0008205924,-0.051608529
0.028367743,0.08723850385892738,0.1361827038476905,0.17443762711470523,-0.023545802,0.084777854,0.16793914,0.0024251291,-0.047106791
0.01550486,0.08664767213436853,0.13833336444153782,0.1766416863762285,-0.023035981,0.084352404,0.17025533,0.00091648794,-0.047059197
0.0088949483,0.08583185556776067,0.1383248086603584,0.1768356302193175,-0.022264143,0.083793759,0.17037001,0.0016606324,-0.047351263
0.019016525,0.08519781404522254,0.13733333811852416,0.17569840270918555,-0.021712646,0.083339058,0.16923249,0.0012696275,-0.047208909
0.021862367,0.08313111121119038,0.1370195158449493,0.17476537517424195,-0.018933468,0.082273565,0.16850914,0.0017826976,-0.04630797
0.0094629526,0.08061092488934479,0.13793820555368172,0.17419342557411194,-0.013573323,0.081810981,0.16853449,0.0014227895,-0.044016484
0.012924813,0.08003420725692248,0.13714816759818566,0.17322536515746567,-0.013315908,0.081293724,0.1675861,0.0017667341,-0.043804165
0.025206801,0.07871665275146722,0.13639560956460128,0.17244584198408705,-0.01237597,0.080261365,0.1667698,0.0025178392,-0.043807108
0.037920915,0.09753462496676678,0.13224239612880884,0.17640835759012563,-0.055142812,0.082551017,0.16734529,0.0016404805,-0.055792216
0.031180698,0.09878144137475356,0.13270422276308186,0.17809773340837604,-0.054010078,0.084386326,0.16855951,0.001898215,-0.057470784
0.044901971,0.09327929132098728,0.1315116695674094,0.17372817999611942,-0.050689448,0.079818532,0.16540575,0.0018818439,-0.053093098
0.032753121,0.09188705182564616,0.1333084039560238,0.17605988181392213,-0.04916079,0.078954935,0.16764112,0.0018170121,-0.053760909
0.043641333,0.10439102605712336,0.1350431048841897,0.17739732775711098,-0.048727151,0.092722826,0.16924469,0.0025567871,-0.053099055
0.035855431,0.10485656940136233,0.13634089801540836,0.17954462576916905,-0.049964588,0.092703313,0.17114794,0.00059798936,-0.054261383
0.044609342,0.1051023728307576,0.13458630164956986,0.17695541731588665,-0.049625885,0.093114115,0.16876221,0.0030951072,-0.053131502
0.041329987,0.10601439974684738,0.13517249737515918,0.17776496465147693,-0.050374471,0.093787149,0.16953266,0.0015972676,-0.053446315
0.047440559,0.10720506081107548,0.13389376428503943,0.17654551882316863,-0.053112935,0.093918227,0.16818909,0.0035704656,-0.05355373
0.031124609,0.11030068713309514,0.13709476493666964,0.1818509263848201,-0.057019178,0.095623091,0.17287675,0.0013725895,-0.056404829
0.045364168,0.11147010890329613,0.13462749448692243,0.1786270182663609,-0.059371877,0.095894843,0.16979137,0.0019314255,-0.055450626
0.036714744,0.09385518070910076,0.13223404127686986,0.17640430844983707,-0.047037654,0.08199425,0.16733724,0.0019201473,-0.055794634
0.041281652,0.10260481122235346,0.13527838709400458,0.17791096172567672,-0.046591036,0.09168908,0.16967022,0.0014638555,-0.053499382
0.042049039,0.09044513504157298,0.13175650814865766,0.1742757673288487,-0.043888658,0.079626381,0.16584438,0.0023351654,-0.053499829
0.049785823,0.0900727643976484,0.130744282397275,0.17210379195558653,-0.042784784,0.079690419,0.16406517,0.002973685,-0.051898867
0.030254178,0.08487418505448656,0.13384841387964408,0.17399360054488017,-0.042517815,0.07415621,0.16663758,0.0020550054,-0.050014667
0.030984968,0.09937236950283075,0.1360605480537613,0.17803190848354786,-0.042294219,0.090001374,0.17009239,0.0029175368,-0.052492164
0.048324209,0.10009082140258695,0.13433486863905503,0.17461997219098685,-0.041865651,0.090963788,0.16722921,0.0031862026,-0.050163474
0.033374462,0.08891433033189183,0.13222330258107517,0.17541511790217235,-0.039949622,0.079635397,0.16674601,0.0019200603,-0.054429267
0.049168091,0.09855647829361819,0.13458131638322252,0.17464376330003156,-0.039812244,0.090168558,0.16735153,0.0034331752,-0.049820907
0.044321205,0.09758535494972663,0.13502256935524584,0.1754791726920815,-0.039476547,0.089256063,0.16807257,0.0023177471,-0.05039027
0.034320325,0.09605786462478488,0.13585402872676286,0.17649092607077974,-0.038281091,0.088104099,0.16906334,0.0025761088,-0.05059642
0.038847275,0.08584193678122427,0.13167108062656632,0.1728470569388039,-0.038235255,0.077025376,0.16495174,0.0016926331,-0.051615536
0.045968153,0.0852651558374686,0.1300416397037269,0.17054510166617715,-0.037137475,0.076864764,0.16279855,0.0032307589,-0.050713174
0.038367234,0.09488519298909925,0.13587343860668327,0.17543493825682224,-0.035537291,0.087994829,0.16842476,0.0023165222,-0.049042344
0.043082535,0.0949183354593101,0.13554190244103703,0.17498182076622018,-0.035511602,0.088041738,0.16799407,0.0027832941,-0.048876204
0.035953991,0.08202671390052269,0.13166678638495208,0.1713637420819663,-0.034253351,0.074570887,0.16404377,0.0024824687,-0.049487483
0.04961209,0.08223163955971238,0.1290682954974584,0.16828149829499606,-0.034319963,0.074765235,0.16097572,0.0036466434,-0.04890994
0.049736761,0.09120971358532864,0.13318771696697934,0.17192336363503607,-0.030591579,0.086101264,0.16505699,0.0034007367,-0.047981955
0.032167658,0.09123203597089112,0.13600612117609423,0.1745658686767862,-0.029543079,0.086570576,0.16794412,0.0022510355,-0.047570452
0.031295128,0.08973997261920123,0.13616791773167736,0.17476507774389788,-0.027406838,0.085856438,0.1681392,0.0021825682,-0.047615945
0.044085208,0.08883109127764903,0.1341551546322072,0.17261044291166763,-0.026643062,0.085193269,0.16590361,0.0037496381,-0.047500499
0.036683165,0.08894319276419965,0.1353545847359892,0.17372199178014444,-0.025951993,0.085608393,0.16713056,0.0027203741,-0.047321305
0.041134626,0.08794480837329255,0.13452389427355574,0.17293196771617145,-0.025488429,0.084720559,0.16626664,0.0036013299,-0.047412027
0.040473748,0.0876764606340879,0.13487736850680565,0.17316581976229517,-0.025005886,0.084633864,0.1665681,0.0034597546,-0.047217574
0.037752274,0.08753970439072997,0.13541685750241517,0.1736189126076706,-0.024351999,0.084762856,0.16709194,0.0028524289,-0.047070947
0.048970256,0.0869524036789039,0.13450606923120234,0.17159985787116158,-0.024070427,0.084244356,0.16540772,0.0047470699,-0.045434158
0.028696185,0.08380723604566011,0.13623597440337343,0.17325956981979865,-0.019017,0.082972623,0.16721748,0.0027910657,-0.045270331
0.03989223,0.08162635645926868,0.13590736545928736,0.1715541636461368,-0.016018327,0.081876263,0.16598825,0.0033400902,-0.043215457
0.029534364,0.0808134163911329,0.1363063631031504,0.1726993105611527,-0.015438062,0.081239425,0.16688661,0.0032361678,-0.044310704
0.033298645,0.08050219148714975,0.13610091495049387,0.17215220393533756,-0.015172401,0.081014089,0.16643262,0.004584345,-0.043766975
0.0434325,0.08136760831574115,0.1346521328012488,0.17014214300254982,-0.015248322,0.081922017,0.16455442,0.0041087233,-0.043050088
0.045554612,0.08124753479514582,0.13374776204559824,0.1691643391442199,-0.015299333,0.081769921,0.16354418,0.0047109234,-0.042984672
0.04845909,0.07949663635580873,0.13272689723593487,0.16823280329765528,-0.012831748,0.080915242,0.16250587,0.0056644622,-0.043151271
0.053833533,0.10225488112095275,0.1295353790825327,0.17431757497813924,-0.05769838,0.086594142,0.16480899,0.0021451868,-0.056745149
0.06200996,0.09539405468115346,0.1269925439122118,0.1687366306261422,-0.055611778,0.080026522,0.16030322,0.0020390067,-0.05263811
0.051082291,0.09715979667945288,0.13047342186705316,0.17334988804178408,-0.053058065,0.083028741,0.164689,0.0022463277,-0.054061733
0.067549609,0.09549632682444918,0.12675516866190806,0.16778333438436238,-0.052627053,0.081404567,0.15961656,0.0028905415,-0.051627956
0.071084678,0.08903308833459614,0.12131442824858216,0.16184188981969588,-0.052401237,0.074479014,0.1535188,0.0021590898,-0.051187046
0.051270124,0.09046854750552523,0.1295090919462621,0.17047122229752565,-0.050450888,0.076866314,0.16251867,0.0021060142,-0.05141677
0.061235759,0.09090793597456952,0.1278941903459899,0.16814493562773639,-0.049841724,0.077602223,0.16036361,0.0029545275,-0.050472792
0.055967275,0.09392528785818563,0.1301032760322629,0.17140958066653814,-0.049168948,0.081165731,0.16335382,0.0026352936,-0.051863562
0.070114568,0.10604254916292602,0.12814158683743263,0.16971174302235215,-0.053146243,0.092641182,0.16140541,0.0039637745,-0.052293956
0.05561462,0.10430240267287973,0.13193799327295513,0.1731429746469089,-0.048632771,0.092666611,0.16524936,0.0022611336,-0.051633574
0.057870403,0.1056969775498529,0.13153655723850718,0.17287397434757637,-0.05107227,0.093146116,0.16490307,0.0021136662,-0.051845163
0.063074499,0.10587843055720096,0.1308601020664847,0.17200893811913065,-0.051023606,0.093363896,0.16405745,0.0033603283,-0.051584262
0.064258061,0.10579469101596037,0.13093365739054827,0.17169441562373802,-0.050281189,0.093588062,0.16389811,0.0036437905,-0.05102063
0.068887167,0.105354622833115,0.13031097736968225,0.16963020954221372,-0.048790496,0.093742751,0.16235431,0.0040878826,-0.048977293
0.071807809,0.11031664005404701,0.12982669435195043,0.17046799292264894,-0.057742551,0.095333368,0.16265713,0.0028491311,-0.05093012
0.061002038,0.11022818675858037,0.13309772259628647,0.17395735415732555,-0.057367645,0.095396414,0.16626872,0.0028358358,-0.051066935
0.06891387,0.09292036457582001,0.12642533532470365,0.16683773665759374,-0.04691771,0.081029616,0.15889856,0.0027219239,-0.050780598
0.059505213,0.10407371972320462,0.13149533668226868,0.17202632791488198,-0.046626084,0.093269967,0.16436039,0.0033240581,-0.050672185
0.067320637,0.10301930815727571,0.13098564407845908,0.16945657704197775,-0.044570226,0.092997156,0.16255118,0.0039975331,-0.047714412
0.053721808,0.10163644318803759,0.13249727403299877,0.17306878659570604,-0.044262305,0.091625571,0.16545515,0.0028678812,-0.050687015
0.072567388,0.10300787928914872,0.1290457066114296,0.16649884170417995,-0.04436424,0.093072176,0.15987192,0.0035918276,-0.046367362
0.062376648,0.09093201153883337,0.1274880462305208,0.16798176708481252,-0.043521862,0.080311,0.16007133,0.0034638061,-0.05082367
0.067578055,0.0880046379447244,0.12524621383371298,0.16428280672201628,-0.041071258,0.078171037,0.15680699,0.0034704038,-0.048870899
0.059124876,0.098619277797152,0.13189534642297066,0.1711103466866987,-0.040492449,0.089948051,0.16398273,0.0033168579,-0.048758727
0.055618569,0.0884083715728948,0.12909418977062379,0.16948508985550784,-0.040582683,0.078817025,0.16172667,0.0028328034,-0.050612796
0.061097704,0.09759767591436427,0.1318650297310603,0.17058242593639472,-0.039309543,0.089340337,0.16362977,0.0043820161,-0.048004795
0.056988385,0.08370489404067208,0.1278448659607631,0.16677204766524206,-0.036055367,0.075629085,0.15951265,0.0026879653,-0.048594292
0.063623123,0.09601301887649386,0.1314138353392098,0.16895553206716074,-0.035855167,0.089085124,0.16241455,0.0049096881,-0.04629666
0.063077569,0.08286743718150993,0.1264269406031687,0.16457747752702465,-0.036047369,0.0747227,0.15752004,0.0037665332,-0.0475289
0.055284388,0.0934560457881132,0.13138798046747693,0.1707130396135552,-0.034659013,0.086815067,0.16350599,0.0037665355,-0.048934102
0.071518064,0.09353587086802805,0.1274597442554697,0.16496572490176342,-0.034505345,0.086967014,0.15819681,0.0052027181,-0.046480011
0.052409898,0.09131056022766498,0.13269943631845976,0.17136976068983276,-0.030687457,0.086170122,0.16449304,0.0038644911,-0.047903031
0.06711252,0.09165742626237834,0.1290869168930363,0.16646324927744052,-0.030930912,0.086443603,0.15983598,0.0054897116,-0.046177223
0.065508187,0.09156028251498569,0.1296324864969162,0.16705756924453885,-0.030095477,0.086692691,0.16044673,0.0053675058,-0.046219781
0.067619286,0.09076405674446439,0.12949070640964047,0.16645576469902018,-0.029276818,0.086175203,0.1599994,0.0059027397,-0.045528796
0.055943027,0.08966603281089244,0.13203544537553402,0.17004688973330948,-0.027937658,0.085550793,0.16337296,0.0044313525,-0.046963643
0.05900836,0.07874941823320145,0.1265733892551927,0.16509466850020751,-0.027796103,0.073751502,0.15790018,0.0038748092,-0.048049647
0.061261009,0.08621973798233284,0.13001944404804747,0.16740671225388462,-0.024335206,0.083336025,0.16084294,0.0048525403,-0.046162851
0.062290438,0.0855746734274836,0.13014881745991205,0.16731323068649534,-0.023502637,0.082988657,0.16082901,0.0054958984,-0.045798928
0.054931905,0.08679443045260524,0.13354273343473694,0.16998319801012116,-0.023320887,0.084390901,0.16398175,0.0045209662,-0.044540253
0.070650689,0.07779787591207085,0.12286376292883477,0.16021479512129425,-0.023230035,0.074655965,0.15320969,0.0058237263,-0.046493609
0.069267265,0.08510840979437682,0.1295181988350838,0.16346275377330904,-0.020598961,0.083714664,0.15809,0.0070631611,-0.04096017
0.066776492,0.08343058427773065,0.13051886714000457,0.1642722678207126,-0.01793701,0.083021872,0.15902758,0.0068264753,-0.040607955
0.062132612,0.08241591268396578,0.13152163709297596,0.16549632167803482,-0.016395008,0.082574114,0.16024885,0.0059160059,-0.040918693
0.05458352,0.08037275365327415,0.1308327548637254,0.16649236758154473,-0.015059553,0.080921374,0.16058145,0.0066387719,-0.043465309
0.052157488,0.07989984082528367,0.13159902293917827,0.1671489143537661,-0.01395705,0.080875605,0.16132721,0.0063850181,-0.043261096
0.051296268,0.0798082394260948,0.1319197625015422,0.16743375956658874,-0.013676397,0.080895223,0.16164815,0.0061658728,-0.043196313
0.072996646,0.10044218313336714,0.12458001654831671,0.16674485621015925,-0.057296511,0.084795482,0.15796621,0.0029838064,-0.053306852
0.076182134,0.0966346639324524,0.12353359933988371,0.16409576280209398,-0.052647512,0.082632527,0.15590167,0.0029515198,-0.051121201
0.09089715,0.09578650151466386,0.11842207240501998,0.15597980662764177,-0.051686171,0.082119182,0.14864841,0.0036709134,-0.047115546
0.083444364,0.09370616970651462,0.12132052048974326,0.15983879114627267,-0.049915835,0.080610655,0.15232354,0.0027774915,-0.048355598
0.084660426,0.10556845367347117,0.12393414612876866,0.16274702853537712,-0.051427711,0.092855617,0.15526804,0.0040182453,-0.048603341
0.086881928,0.1068725088708479,0.1239511989716134,0.16183837831821027,-0.052296747,0.093903407,0.15471654,0.0045720111,-0.047260445
0.077803351,0.10960713499491939,0.12728271674027825,0.16803799389937027,-0.057407685,0.094704732,0.16001499,0.0029742962,-0.051216442
0.091968901,0.10912273088481192,0.12236050602722205,0.1598132915144967,-0.05466542,0.095342517,0.15275462,0.0049532866,-0.046709519
0.092340678,0.10444675174750871,0.12301580862120244,0.15849627076710804,-0.047660511,0.093236126,0.15223722,0.0050274734,-0.043813482
0.093136221,0.10409460859089834,0.12275148724189018,0.15802579952160734,-0.047323529,0.092996612,0.15182227,0.005368677,-0.0435124
0.075486138,0.09062229770752755,0.12374724243115376,0.16222389552863395,-0.046430148,0.078740045,0.15487589,0.0032975313,-0.048157837
0.085755728,0.08902026007193975,0.11984107698627912,0.1563843794127737,-0.046125941,0.077128783,0.14955711,0.0026714851,-0.045624644
0.079509184,0.10196450099337181,0.124865410369876,0.16304541409398077,-0.045650769,0.091392592,0.15587009,0.004349154,-0.047638293
0.091785841,0.09255712912203759,0.11752661625435465,0.1544699137683277,-0.045709856,0.081147715,0.14733072,0.0032626146,-0.046303008
0.076353267,0.10205252309096395,0.12693516739004093,0.1644587834019275,-0.044437919,0.09200304,0.15767565,0.0037425472,-0.046594787
0.08365754,0.10090201619667043,0.12524911378988024,0.16196342359381555,-0.043466933,0.091165334,0.15535183,0.0057956735,-0.045435335
0.079227872,0.1003139385552823,0.12614513871722868,0.16383059722328583,-0.043202594,0.090638675,0.15692073,0.0047464934,-0.046838231
0.081670217,0.08998155475196593,0.12064882986550031,0.15863541005990583,-0.042279761,0.079805702,0.15126842,0.0042836997,-0.047588952
0.073885903,0.08654759547569701,0.1230407492324237,0.16127662903479714,-0.040095136,0.077002503,0.15398192,0.0030246798,-0.047859907
0.087266028,0.08560439076409412,0.11877466901987299,0.15425415699230377,-0.040330961,0.075877741,0.14776324,0.0036202052,-0.044127814
0.086707816,0.09983755435744458,0.12534896782836022,0.1599809002877219,-0.039725415,0.091597125,0.15415247,0.0060844766,-0.042354263
0.0733594,0.09665494691679904,0.12681198328381052,0.16484315128618882,-0.039131138,0.088391922,0.15784863,0.0042570285,-0.047317568
0.079423159,0.08477596759460912,0.12077360884201502,0.15736068803704426,-0.039263729,0.075430788,0.15056305,0.0036162818,-0.045607857
0.091759272,0.09374285502898218,0.11876383159758115,0.15461009132109346,-0.035565324,0.086741939,0.14792706,0.0061580259,-0.044541486
0.089756086,0.08203697937519422,0.11632997455443739,0.15097549348508976,-0.035367999,0.074108899,0.14465143,0.0039942209,-0.043053567
0.084590845,0.09434513246320653,0.12241596412143815,0.15732423613104063,-0.034881819,0.08768636,0.15124278,0.0051988671,-0.043005913
0.089855537,0.09298282480179922,0.1196126369766348,0.15570317843464881,-0.034328137,0.086441427,0.14898314,0.0059450888,-0.044857103
0.074901365,0.09491916139539576,0.12851583509203784,0.1643192386364047,-0.033432398,0.088925205,0.15824392,0.0057883849,-0.043888137
0.081559308,0.08162565770105057,0.12010694416273547,0.15632517035014398,-0.033760503,0.074344397,0.14961736,0.0044094943,-0.045086149
0.073304199,0.08311438723527936,0.12269080877689868,0.160867201721994,-0.033256482,0.076175638,0.15356034,0.0040296782,-0.047762331
0.087042816,0.0928862639370012,0.12185050717081562,0.15703112366358163,-0.031489983,0.087541252,0.15079337,0.0060880291,-0.043394346
0.081359863,0.09252470882687105,0.12409202190388925,0.1594373264550668,-0.031166755,0.087285675,0.15328281,0.0055175778,-0.04352238
0.093320921,0.09277060428721147,0.12061296071122242,0.15435685922527545,-0.031235188,0.087523758,0.14856941,0.0067556887,-0.041322283
0.090847604,0.07949867069737213,0.11566548611206007,0.1503905784982391,-0.029703312,0.073755898,0.14399095,0.0042246613,-0.043198202
0.079872735,0.09000988282562211,0.12402292219040657,0.15918060613162976,-0.027735811,0.086010017,0.15309003,0.0056366967,-0.043245066
0.074279636,0.09050346544017815,0.1277596784052063,0.16241028398514784,-0.026487352,0.087076165,0.15671918,0.0057197395,-0.04223131
0.088718884,0.0891327337064372,0.12237470293978622,0.15605391535322624,-0.026415603,0.085617512,0.15036964,0.0075047933,-0.041054524
0.085215069,0.0882023294234286,0.12260126930580942,0.15700225770232784,-0.025603693,0.084951393,0.15108548,0.0067327237,-0.042161085
0.083613776,0.08632620940007614,0.12331663812132268,0.15799851775400772,-0.023901492,0.083635792,0.15202275,0.0065656262,-0.042538308
0.077823251,0.08599397701020278,0.12482995175701389,0.15996517466079999,-0.023796204,0.08331956,0.1539461,0.0048503513,-0.043196406
0.094729036,0.08298908376181534,0.11558254573126713,0.14818664883599705,-0.019831665,0.08173801,0.1425069,0.0076103532,-0.039914269
0.077103823,0.08164342981104981,0.12458909211328517,0.15844189674651482,-0.017742794,0.081162818,0.15285753,0.0060815723,-0.041248329
0.081574418,0.08232384931920105,0.12439996061415563,0.15704487565209643,-0.016283555,0.082521409,0.15183587,0.0079036113,-0.039325494
0.086982451,0.08247803481237076,0.12208699173355807,0.1539001511562705,-0.016297292,0.082683079,0.14886262,0.0079270033,-0.038240548
0.093179151,0.08175557893559048,0.1182046164237345,0.15012259431348812,-0.015970195,0.082037076,0.1448278,0.0081383707,-0.038671289
0.092796154,0.08127253335219228,0.11830177185845381,0.15034151694876277,-0.015369562,0.081767268,0.1450042,0.0082430011,-0.038838211
0.074448414,0.0796811375922913,0.12618963657336238,0.15926317577539972,-0.013371782,0.080886446,0.1540132,0.0073964037,-0.039874636
0.11131746,0.10488682736513412,0.11042275701342447,0.14532220274900776,-0.059328828,0.0887613,0.13853016,0.0037116278,-0.043751128
0.097654186,0.0998315501098856,0.11723155613251082,0.15456418349155862,-0.055922367,0.084715404,0.14724772,0.0034771434,-0.046862621
0.09519773,0.09234009468330873,0.11470370872020336,0.15074077379696652,-0.053449746,0.077626549,0.14378345,0.0029487698,-0.045170844
0.11327205,0.09840106824633346,0.10803625708102965,0.14171070161547158,-0.054191101,0.083896264,0.13526107,0.0030196449,-0.042157415
0.10127689,0.09607265684731486,0.11429008233912036,0.1494738907448569,-0.052155454,0.082230851,0.1428306,0.0026856796,-0.043984666
0.10440896,0.09079981223032166,0.10962320147376281,0.14381666832044934,-0.05226545,0.076455951,0.13727234,0.002184127,-0.042834196
0.11567427,0.09156282810903407,0.10139343653232799,0.1344349328287757,-0.052545175,0.077166125,0.12781876,0.0015617568,-0.041625433
0.11083134,0.09244315104062002,0.10816657265578748,0.14106408928564734,-0.048282187,0.079932004,0.13493663,0.0023011502,-0.041059565
0.11098707,0.1048369610326864,0.1117511083533177,0.14560070796553418,-0.049874105,0.092720419,0.1392201,0.00743454,-0.041976869
0.10878716,0.1052947346127259,0.11329143325338982,0.14713604672297054,-0.049933124,0.093192674,0.14086699,0.006977025,-0.041914538
0.10597615,0.10607805628329031,0.11618103529153548,0.14980138923955533,-0.049155395,0.09437377,0.14381118,0.0063453568,-0.041455243
0.10358438,0.10926144896170037,0.11940887125238507,0.15276807871773804,-0.053929873,0.095805436,0.14705519,0.0067250375,-0.040836636
0.11040375,0.10338928765423899,0.11438703433048822,0.14669327541225508,-0.04614374,0.09273117,0.14103939,0.0080769518,-0.03951671
0.10265996,0.0914229521035331,0.11220364808592445,0.14648878205519608,-0.045924731,0.079824381,0.1400502,0.0039071916,-0.042774275
0.099110566,0.1031609799290556,0.11895434953210351,0.15371648644672045,-0.045037016,0.092952922,0.14746322,0.0061397231,-0.042961154
0.11168701,0.0930049039953024,0.1082522937465324,0.14109104197450212,-0.044485703,0.082153782,0.13497275,0.0037631097,-0.040925272
0.096228831,0.100187100227709,0.11927404549437981,0.15529843402795038,-0.04381749,0.090239875,0.14859949,0.0051939595,-0.044819839
0.11403313,0.08791242365024146,0.10455805494604613,0.1357388167847184,-0.043488994,0.077044591,0.13005327,0.0025454466,-0.038790386
0.096917473,0.08973760691932814,0.11500781649643906,0.15057509353746645,-0.042979915,0.079243489,0.14380668,0.0041155955,-0.044447266
0.1076653,0.10109440188978042,0.11719136738856425,0.148774685403633,-0.042270601,0.091882147,0.14357865,0.0071081948,-0.038321689
0.10267312,0.10115995837679558,0.11790933344448577,0.15135819416350121,-0.041775879,0.092163362,0.14553459,0.0063580885,-0.041092101
0.09990377,0.09958686538434462,0.11876005140234332,0.15290691735805004,-0.041203883,0.090697214,0.14688036,0.0059593278,-0.04208529
0.10461579,0.08842427256182572,0.11067362448455814,0.14462640332403306,-0.041506637,0.078442104,0.13822529,0.0036852849,-0.042390853
0.096936069,0.08520090942676894,0.11394972527654927,0.14868690845623475,-0.0374876,0.07664635,0.14217857,0.0040568826,-0.043319657
0.1066701,0.08519917254851114,0.1084524392103888,0.14160370276403475,-0.03746023,0.076656081,0.13538228,0.0033349663,-0.041377831
0.11396544,0.09744649176058187,0.11034750583793078,0.1399965005662988,-0.037232507,0.090057746,0.13512014,0.0072127939,-0.035910215
0.11671118,0.09756009041406197,0.10992530590713592,0.1391008124000203,-0.034860145,0.091188163,0.13436647,0.0073875687,-0.035215218
0.10043377,0.09515226191852731,0.11840474078735555,0.1501660646025141,-0.033788469,0.089027293,0.14500298,0.0060165087,-0.038571808
0.11274867,0.08350386165943977,0.10490098269321073,0.13617422861907943,-0.034948923,0.075880349,0.1304644,0.0032720151,-0.038881291
0.1129009,0.09597582899815062,0.11119624798143153,0.14134162078704043,-0.033075493,0.090224624,0.13633661,0.007066879,-0.036603849
0.10097941,0.09205322078873673,0.1176273257388275,0.1503118261615769,-0.032091856,0.086380787,0.14478,0.0054317601,-0.040036142
0.10844231,0.09486318381895754,0.11358855183385566,0.14417914440139076,-0.031728368,0.089587711,0.13914375,0.0071166265,-0.037094422
0.10488324,0.09205281191049244,0.11509029539067304,0.1470279289054165,-0.030991411,0.086847454,0.14159785,0.0066124653,-0.0390325
0.097946659,0.08287466027847254,0.11263208971242494,0.14678044679138558,-0.030390423,0.077131778,0.14040504,0.0048485575,-0.042513713
0.10773061,0.09295919359230706,0.1137654329488641,0.14447743218818127,-0.030241348,0.088150494,0.13941589,0.006850332,-0.037282851
0.1065823,0.08127507741548619,0.10655234415253692,0.13906630012878185,-0.030914797,0.075171471,0.13295375,0.0045723864,-0.040519495
0.11426323,0.08004470854137269,0.10257509687143493,0.13318508426624737,-0.02943678,0.074462228,0.12756097,0.0047885282,-0.037993889
0.11261648,0.09052506040085909,0.11157273455860667,0.14101132329162328,-0.028244052,0.08635395,0.13629344,0.0067304685,-0.035538603
0.094926469,0.08958917654760075,0.12114746735570545,0.15224341395037488,-0.025187762,0.086634561,0.14740336,0.0081194313,-0.037207276
0.11465301,0.08841355129458964,0.11070051817556303,0.13915401243337253,-0.025109539,0.085390612,0.13471588,0.0074679716,-0.034054372
0.1015845,0.0837767617058807,0.11286721869774122,0.1452953824532313,-0.021792248,0.081761494,0.13950749,0.0080356263,-0.039797451
0.10950776,0.0851252943682446,0.11163155621760222,0.1409494050251385,-0.021042459,0.083544753,0.13628405,0.0065301494,-0.035365939
0.10087757,0.08330869722542346,0.11364286338576629,0.14527791588278613,-0.019700134,0.082141057,0.13980533,0.0087643489,-0.038514007
0.1007187,0.08343451290599177,0.11508196518235142,0.14546178564265744,-0.017656906,0.083145037,0.1405164,0.0090320716,-0.036506083
0.1157489,0.08266782047274308,0.10909838843517122,0.1362090101438849,-0.015905388,0.083055608,0.13213246,0.0080941524,-0.032068554
0.10998924,0.08082388970876528,0.10987121462844496,0.13949289640343865,-0.015510994,0.081219845,0.13458039,0.0077857566,-0.035857618
0.11009561,0.07952071924627108,0.11006988803876955,0.13869344794338684,-0.012670713,0.08100976,0.13411772,0.0086382264,-0.03425917
0.13655527,0.10846400745586243,0.08088165461769924,0.10939995802916215,-0.060034603,0.092347823,0.10323466,-0.00040823451,-0.036204822
0.12138744,0.10067925958256156,0.1008794797243862,0.132253599078622,-0.057640132,0.084907174,0.12626801,0.0019746029,-0.039287467
0.1265083,0.09682832407965153,0.09250895705044723,0.12226003100301497,-0.055088066,0.081806958,0.11637633,0.0021892451,-0.037406847
0.12102015,0.09691603651792316,0.10290176109924667,0.1336452786849462,-0.051181067,0.083560668,0.1280351,0.0017636927,-0.038274836
0.13388899,0.09988459432225696,0.08413393750204401,0.11203079783408101,-0.05368533,0.085722595,0.10634208,-0.0017580092,-0.035201862
0.1246047,0.09278896676411573,0.0985743825562235,0.1267847563723833,-0.048313938,0.080294207,0.12189244,-0.00028755772,-0.034878716
0.13567871,0.09506928078969813,0.07187374193052175,0.09879560324626045,-0.050242443,0.081952848,0.092638336,-0.0015914519,-0.03429544
0.13651678,0.10333618402089698,0.08426148945794595,0.10837233532867344,-0.051214647,0.090521008,0.10418651,0.0013639267,-0.029797213
0.13430384,0.10295100947986774,0.09278925430199837,0.11853662526056889,-0.048194818,0.091384411,0.11420269,0.0034776323,-0.031568706
0.1216641,0.10540291475403923,0.10600411137474339,0.13751920268123405,-0.050589334,0.093031652,0.13171302,0.006499358,-0.038999613
0.13495095,0.10785251810971089,0.0923950280958106,0.1169696800108336,-0.054680757,0.093956098,0.11305017,0.0031300406,-0.029862484
0.13598172,0.09887434261780156,0.08471502095118186,0.11031165393753029,-0.04674904,0.087569378,0.10558411,0.0010926778,-0.031929027
0.13554704,0.09040330973896883,0.07157231741836369,0.0966515560835255,-0.046799023,0.078345567,0.091261908,-8.1960672e-05,-0.031824216
0.1257631,0.08808748693183507,0.0930018408204534,0.12164555944547349,-0.04588813,0.0762164,0.11624403,-0.0009547564,-0.035833728
0.13066256,0.10406506356273058,0.10107692993506558,0.12769408063741697,-0.045120344,0.093899712,0.12335564,0.008379315,-0.031921018
0.11725688,0.10355217258204674,0.11082844694270953,0.14030599225898524,-0.044035513,0.093803011,0.13551183,0.0074030794,-0.035602104
0.1263887,0.10438208979032843,0.10605167950809488,0.13269780053772753,-0.044201985,0.094633937,0.12863253,0.0079063475,-0.031620692
0.13582918,0.08642396977886871,0.06858192177597949,0.09326303350206609,-0.045094926,0.074745916,0.08782497,0.00015511463,-0.031380631
0.12056115,0.10018798142633006,0.10587179279640917,0.13691179714510032,-0.042690981,0.090719007,0.13127054,0.0068054567,-0.038295839
0.12098774,0.09174489818202346,0.10448856878999023,0.13380071757830916,-0.042352956,0.081690259,0.12882458,0.0023567507,-0.03607361
0.134863,0.09374123438524873,0.08434830969459109,0.1111747026044526,-0.041706085,0.08413358,0.10593545,-0.0014575736,-0.033695258
0.12614244,0.08464570839583183,0.0944651506337154,0.12080594824641444,-0.040814105,0.074631184,0.11637793,0.00047695162,-0.032404121
0.13298704,0.09759509850553522,0.09343242083564154,0.11974247559019659,-0.040664773,0.088762276,0.11512883,0.0072742216,-0.032104496
0.11984187,0.0879029049033339,0.10222206740337787,0.13000725445052036,-0.038511764,0.079146959,0.12543927,0.0042112269,-0.033898987
0.12597975,0.09786016002373917,0.10527824674780704,0.12905616339028664,-0.036520641,0.090809308,0.12592199,0.0076495875,-0.02721451
0.11793849,0.09660149743446483,0.10891796707204678,0.13779241768141515,-0.034816172,0.090165451,0.13309075,0.0079627167,-0.034787897
0.12770607,0.0964792004651774,0.10378431469710676,0.12778035160310394,-0.034417134,0.090201974,0.12443417,0.0092680957,-0.027532853
0.12258656,0.08502884232752332,0.09880842226583536,0.12580759032918526,-0.034232128,0.077841289,0.1213576,0.0030951477,-0.033019733
0.1362838,0.09067162193607906,0.07801925688742535,0.10443665026213396,-0.036664162,0.082939044,0.098939292,-0.0013093177,-0.033411317
0.13525304,0.08514758944362197,0.07748451067943216,0.10350732732394995,-0.036125395,0.077166647,0.098100603,-0.003732509,-0.032804068
0.13534698,0.09284187956309564,0.08555281131793258,0.11004022287981663,-0.034702811,0.08612927,0.10577733,0.002354918,-0.030240064
0.12438795,0.08195400534025887,0.09575995799280383,0.12164917346334708,-0.032199211,0.07536383,0.11745143,0.0019752143,-0.031619322
0.13553105,0.09013417693285734,0.08209190193332215,0.1077433893316405,-0.033175729,0.083835937,0.10283014,0.00083197129,-0.032154441
0.12481093,0.09277322253630543,0.1052604587603689,0.13072356503754776,-0.029025748,0.088464454,0.12703609,0.0075754602,-0.02988469
0.12949535,0.09357199738392714,0.1010272284229134,0.1257125861604112,-0.028856674,0.089403979,0.12202527,0.0088014035,-0.028914064
0.13039412,0.0922117291875622,0.09906892690732275,0.12352915825577161,-0.028782407,0.087957762,0.11982527,0.0086713908,-0.028743079
0.12148188,0.0894009265458009,0.10540580275862732,0.13304588180921406,-0.02605316,0.086062714,0.12856275,0.008752171,-0.033109296
0.12504631,0.10538790483421774,0.10693395466323946,0.13410488201863205,-0.045331236,0.095247276,0.12992789,0.007223031,-0.032414358
0.13654564,0.08557554632095632,0.08229304707610875,0.10375140611581239,-0.025092315,0.082314827,0.10043217,0.0014944349,-0.025990386
0.12167055,0.07894416963044094,0.10022516775801003,0.12850127088689253,-0.024549713,0.075341083,0.12365092,0.0034964425,-0.034796573
0.11722674,0.08707682296219162,0.10864215260748171,0.13653067079652323,-0.022601504,0.085003041,0.13213383,0.0087415939,-0.033239428
0.13666223,0.081615324374229,0.07373577251907804,0.10252444509223804,-0.024052029,0.078454174,0.095690772,-0.0024706919,-0.036721025
0.13163657,0.08631880032257258,0.09780647856784186,0.12076584348259548,-0.023510873,0.083793551,0.11755022,0.0076163728,-0.026614387
0.1303495,0.08720393102089737,0.09985290644864409,0.12300106507117002,-0.022917615,0.085006945,0.11984791,0.0069309324,-0.026789973
0.13488036,0.08246591891381434,0.08550508775972433,0.11185173284977017,-0.021954706,0.080268487,0.10687413,0.0018124131,-0.032946102
0.11877632,0.08404551824739874,0.1071491847070615,0.133919528019584,-0.018540181,0.083433881,0.12981345,0.0092050377,-0.031593915
0.12476747,0.08385688114120896,0.10343936246150384,0.12706436590759926,-0.017308332,0.083751842,0.12383042,0.0090961251,-0.026993345
0.13481629,0.07995711908423198,0.08648633340735065,0.11078631566238936,-0.015935346,0.080098093,0.10662484,0.0037252756,-0.029847505
-0.13510796,0.11628798465766495,0.09246308828339904,0.11891381317730645,-0.063339397,0.09944468,0.11431278,-0.0024946909,-0.03266282
-0.13158318,0.11531362220255287,0.1005164775259585,0.128161962935714,-0.058322895,0.10051555,0.1234967,-0.0062603913,-0.033687703
-0.12959038,0.11440070387600479,0.10273269201987023,0.13089212374703352,-0.05744496,0.099896453,0.12615453,-0.0065465155,-0.03427719
-0.13605435,0.1112805970868027,0.09150676964446883,0.11485036428234814,-0.058124606,0.0962184,0.11131506,-0.0035868029,-0.028048145
-0.13090466,0.11047595746840538,0.10058957073407562,0.12803226776067214,-0.054571468,0.096852489,0.12347727,-0.005137865,-0.033454861
-0.11006801,0.11588737258774799,0.11593706608297172,0.15074753883107578,-0.062282585,0.099458061,0.14429192,-0.0061130337,-0.043212187
-0.10665511,0.11421378451049861,0.11744837094092583,0.15351903952084914,-0.061591018,0.097933494,0.14669344,-0.0048945881,-0.045001924
-0.1103618,0.11585787909899248,0.11613282876350231,0.15062233772754693,-0.061487116,0.099763677,0.14430505,-0.0060211127,-0.042742103
-0.1203939,0.113613011630426,0.1078116204027722,0.14101231533825906,-0.061451215,0.097340181,0.13467136,-0.0062329243,-0.041343059
-0.1208964,0.11212537032782251,0.11009665430436684,0.14119916475811967,-0.05840598,0.097016692,0.13579004,-0.0066589266,-0.038130406
-0.11342663,0.11154661032157881,0.11536498505892387,0.14722462392151955,-0.056362674,0.097255282,0.14184827,-0.0062797717,-0.038919438
-0.12488854,0.10954353424246863,0.10509279258663588,0.13515804757994468,-0.053435147,0.096321881,0.12982935,-0.0071307654,-0.036894307
-0.12160192,0.10832852886436009,0.10670154012584859,0.13779143429616514,-0.051091779,0.095996648,0.13215996,-0.0074709267,-0.038267605
-0.095053956,0.11384328593361209,0.12201994830890817,0.16053812106851895,-0.061799895,0.097442336,0.15303665,-0.0049639512,-0.048245531
-0.082891211,0.11311623946516278,0.1259975045662606,0.16593488100049472,-0.060161375,0.097348012,0.15813814,-0.0042773047,-0.05008411
-0.093418762,0.11139594555783927,0.12238214832325617,0.1606586524983627,-0.058560818,0.096158549,0.15326975,-0.0053169215,-0.0478677
-0.08625821,0.11126645758100648,0.1245987905146634,0.1638351334523379,-0.05766486,0.09639819,0.15622312,-0.0045094462,-0.049152341
-0.097629391,0.10925623973208279,0.1210670153272762,0.15672358561066754,-0.052702542,0.096320748,0.15026592,-0.0057096141,-0.044156946
-0.071007691,0.11475606038540787,0.1292416286449859,0.17108401858026212,-0.062876046,0.097977139,0.1627595,-0.0022582915,-0.05266865
-0.079233311,0.11342573841561393,0.12679590567822333,0.16748603522469463,-0.061251238,0.09722162,0.15945294,-0.0033485887,-0.051138233
-0.072631784,0.11187231121773514,0.12804471046999732,0.17035536790751862,-0.06033938,0.095921099,0.1617602,-0.0023254128,-0.053377725
-0.062218923,0.11373476378050672,0.13253895237519137,0.17453519004636464,-0.059831236,0.098160088,0.1663589,-0.0029938172,-0.052709449
-0.062051155,0.11159812129484337,0.13344544813925363,0.1742625088403221,-0.057065751,0.097012803,0.16661441,-0.0026340284,-0.050991394
-0.054817714,0.11532003886181591,0.1324877495891428,0.17688642171443805,-0.063427195,0.098355874,0.16774184,-0.0021071685,-0.056098495
-0.047387991,0.11459616399137822,0.13440471455687636,0.17890936591541104,-0.062715068,0.097871765,0.16985148,-0.0021956787,-0.056162398
-0.055658445,0.1130680770830754,0.13266780340552736,0.17708296588704797,-0.061155748,0.096873604,0.16794442,-0.0020403718,-0.056114931
-0.026946209,0.11345853879241075,0.13612293249221136,0.1817478770452681,-0.061590396,0.097113289,0.17235349,-0.0014028532,-0.057659321
-0.03694649,0.11135594617400851,0.13472526730723575,0.17941971667899453,-0.058575995,0.096108653,0.17030944,-0.0016769991,-0.056420892
-0.036548555,0.11114602344402652,0.13503406386136016,0.17968009239061425,-0.058147214,0.096062608,0.17061085,-0.0016133602,-0.056340665
-0.023562169,0.11141517605438492,0.13654020203551295,0.1821342134003162,-0.057941988,0.096442118,0.17278287,-0.00092242635,-0.057602957
-0.031114198,0.11108656167667567,0.13577907305793113,0.18075893395861514,-0.057618462,0.096222453,0.17160498,-0.0014180266,-0.056775983
-0.031660385,0.11042345821963997,0.13586812139936186,0.1807369937121258,-0.056671835,0.095903903,0.171634,-0.0014861884,-0.056616448
-0.0058298963,0.11409999309454934,0.13768325373348966,0.18468494558115925,-0.062898628,0.097254828,0.17483427,-0.00016488199,-0.059510335
-0.015857305,0.11331091999821372,0.13659092402268333,0.18312375417994395,-0.061732411,0.09689264,0.17338938,-0.00099377392,-0.058901992
0.004511083,0.11144636722267014,0.13816741672202248,0.1837087255338743,-0.058736235,0.096138865,0.17449075,-1.9301431e-05,-0.057461932
-0.0015758019,0.11168323419835009,0.13853199562556243,0.1838299166637842,-0.057766818,0.096807681,0.17473535,5.199933e-05,-0.057105105
0.01619382,0.11401200022744859,0.13634830397304856,0.18198501855949822,-0.062897608,0.097159669,0.17260301,0.0009368094,-0.057670359
0.026900332,0.1139184769579625,0.13645344480811838,0.18211986826323814,-0.061944131,0.097462796,0.17273286,0.00094179844,-0.057707179
0.027346835,0.11365572777990252,0.13649602221882942,0.1820958082248986,-0.061463911,0.097381197,0.17273851,0.0010968975,-0.057611521
0.015505552,0.11269750829497871,0.13646738512076084,0.1822911988354662,-0.060973428,0.096548423,0.17284051,0.00095969951,-0.057925109
0.010831404,0.11245842887530327,0.13696659766470426,0.1827536299445883,-0.060223326,0.096607096,0.17335372,-1.5142251e-05,-0.057856519
0.023040973,0.11193532512816741,0.13647747065829546,0.18215093578789335,-0.059547342,0.096325755,0.17276327,0.00072501693,-0.057717331
0.042863809,0.1141785986975543,0.13507662922914615,0.17905582614142843,-0.062836483,0.097366601,0.17026334,0.0008822534,-0.055413045
0.047658909,0.11439249059712174,0.13478510006158761,0.1785222502548306,-0.062663525,0.097672381,0.1698049,0.001666766,-0.05507914
0.030549508,0.11130154999097311,0.1366418014592556,0.18159497219590298,-0.058306295,0.09616404,0.17251031,0.0013941503,-0.056700822
0.036505032,0.11064517942873198,0.13626930970716888,0.18018288441979943,-0.056785345,0.09609659,0.17149211,0.0017797134,-0.055255413
0.036918931,0.11063321874366416,0.13614536146369863,0.18002305736730218,-0.056763142,0.096093021,0.17133793,0.0018804481,-0.055209409
0.053536661,0.11327445591079935,0.13363000598148025,0.17695159095955015,-0.061051011,0.097142264,0.16832359,0.0019516251,-0.05454563
0.053902529,0.11181938054685353,0.13409770704516893,0.1772795273174965,-0.05946118,0.096236371,0.16873898,0.0019335578,-0.054327238
0.08218579,0.11301713981872204,0.12701644510611243,0.16569674205315307,-0.059206527,0.097645663,0.15846139,0.0043019843,-0.04823786
0.077900551,0.111389391253146,0.1275860573156826,0.16761952277895406,-0.05888249,0.096014887,0.15990289,0.00312061,-0.05017601
0.09391693,0.11217534338368434,0.12173514798517399,0.15953881342808798,-0.059218176,0.096726224,0.15230997,0.0045348499,-0.047262471
0.091538191,0.11175994520047454,0.1228909772114275,0.16057983306410936,-0.058192063,0.096710511,0.15347277,0.0043449355,-0.047043737
0.084010705,0.11021962531068566,0.12596505687611148,0.1638985321109361,-0.055285741,0.096270829,0.15688941,0.0042673252,-0.04722533
0.1104855,0.11639678377458339,0.11663584130788407,0.15087914930972973,-0.062533632,0.099904902,0.14471802,0.0045943446,-0.042427637
0.10370999,0.11386514889240551,0.11778907415057363,0.15446857539039208,-0.061706495,0.097505733,0.14741662,0.005306222,-0.045833666
0.11400169,0.1162700821692777,0.11519475364619253,0.14791734849817814,-0.061795469,0.10008059,0.14225203,0.0043935454,-0.040306311
0.11612116,0.11496340303788814,0.11471647001389078,0.1464135180476913,-0.060250361,0.099316925,0.14110847,0.0041301022,-0.038836326
0.099419676,0.11261239495905043,0.11995021418272302,0.15619459190019266,-0.057974584,0.097728893,0.14945567,0.0050170054,-0.045106351
0.10054646,0.11076820114015645,0.1200950795312938,0.1554144310553403,-0.056111604,0.096516222,0.1490338,0.005406721,-0.043741733
0.13553129,0.11561053337410478,0.09256636183494016,0.1164391258646643,-0.063301757,0.098724701,0.1128039,-0.0011767024,-0.028843813
0.13320108,0.11558819482743887,0.09689079005432852,0.12360804135679256,-0.060065389,0.10007419,0.11913823,0.0039753588,-0.03269903
0.13492341,0.11510231748283176,0.09416183798018052,0.11853514732645692,-0.060465764,0.099376403,0.11480925,0.0002512518,-0.029484812
0.12968101,0.11367386741200475,0.10142827883937718,0.1299196038892698,-0.059037089,0.098431028,0.12497471,0.0068462794,-0.034836099
0.12137012,0.11353320757184066,0.11132942068496435,0.1405366807101613,-0.056969769,0.099155746,0.13589551,0.0064999359,-0.035223853
0.1209078,0.1131893114193607,0.11192327373819877,0.14142101119212844,-0.056657981,0.098914497,0.13672994,0.0057001375,-0.035669796
0.11958724,0.11068651996201721,0.1112550656072073,0.14257687563268812,-0.054520581,0.097102836,0.13719912,0.0048426716,-0.038485263
0.12635182,0.11205947252478105,0.1069632909918565,0.13539598088416552,-0.053891774,0.09886127,0.13072579,0.0084793093,-0.034219012
0.12703969,0.10943443783798282,0.10691770918302881,0.13444418936802877,-0.051580865,0.096990459,0.13009515,0.0084481444,-0.032849975
