y_m,q_m,vnormal_m_s,speed_m_s,x_m,z_m,vx_m_s,vy_m_s,vz_m_s
-0.13714777,0.036036194187782665,0.006286523989389036,0.009600015268103616,-0.02857282,0.027019851,0.00862162,3.9354069e-05,-0.0042221337
-0.12836237,0.036247972108112037,0.009372125537909679,0.014395640005822058,-0.028755201,0.027172502,0.01284667,-0.0016658419,-0.0062787333
-0.13720442,0.039901660219257264,0.0050139121372348135,0.00840390346420185,-0.033679724,0.029051388,0.0072504813,-5.1647065e-05,-0.0042489348
-0.12743701,0.03195043758008361,0.008124746846761483,0.013346869588627236,-0.025093591,0.024058092,0.011604001,-0.00081685226,-0.0065436107
-0.13449971,0.0317551320902891,0.006418931678793045,0.009434698071012113,-0.02351504,0.024515975,0.0084514832,-0.0023363512,-0.0034824449
-0.13681485,0.034849135266599086,0.00843768888536339,0.010098536102206407,-0.022580637,0.028273808,0.0099349041,4.2109368e-06,-0.0018105508
-0.13728631,0.02990231558000842,0.006773067611616003,0.009733388509208261,-0.019760199,0.024096984,0.008965184,-0.00016796298,-0.0037863064
-0.13714421,0.02759698382222152,0.006515476995255197,0.010242072911770872,-0.019234104,0.021815877,0.0090812044,0.0004048422,-0.0047188862
-0.13454163,0.022476773179548756,0.007501217654592971,0.010613946272995299,-0.012686665,0.019032706,0.009497405,-0.0035163157,-0.0031765827
-0.13734142,0.024412919648537413,0.006669932392687084,0.010760276431201801,-0.013966724,0.020592706,0.0094388938,2.6100703e-05,-0.0051662512
-0.12852414,0.017562335059889578,0.013537190197895956,0.01565805928962661,-0.0063810875,0.016370414,0.0154102,-0.0022249476,-0.0016583621
-0.13645995,0.02164872715108227,0.010786540159639958,0.012292369348937642,-0.0067443186,0.020655526,0.012198392,0.00101051,-0.0011315681
-0.13737363,0.020305719138206633,0.006955030427429786,0.008149223056455062,-0.0095466599,0.018007012,0.0080556208,-0.00035995836,-0.0011778115
-0.13637762,0.026913666393992033,0.011481053442135732,0.015517395762049337,-0.0040541976,0.027517036,0.014637719,-0.00071321934,-0.0051007913
-0.12696475,0.028286012367907436,0.009017947468521567,0.014425275498922778,-0.018107906,0.023042453,0.012608333,-0.0022902319,-0.0066236961
-0.13776632,0.016442941613742983,0.010300778376084731,0.012413527394404364,-0.0023744218,0.016855078,0.012163731,0.00093855819,-0.0022931243
-0.13651925,0.022146992688461684,0.012298563091959659,0.016254352807421567,-0.00031643888,0.023925295,0.015473212,-0.00012176572,-0.0049768332
-0.13461681,0.014787488011205226,0.013103887148261533,0.016637322027799068,-0.00014354693,0.016003609,0.015708914,-0.0042405622,-0.0034710427
-0.13585697,0.01634382824432219,0.013242122331101927,0.017229132466662668,0.0048354496,0.019807814,0.016450366,-0.0016030871,-0.0048640082
-0.1298483,0.018504761450894216,0.01894025040366657,0.02682881153434614,0.009437046,0.024108628,0.024386013,-0.0066737821,-0.0089759752
-0.13742843,0.010452672280082072,0.0076571019051198,0.013727822374706492,0.0056877909,0.013769693,0.01147615,-0.0011868114,-0.0074392585
-0.13137744,0.006967857937310014,0.006704843177407893,0.014805208720154828,0.0082317963,0.011063795,0.010045779,-0.0087143686,-0.0065066358
-0.13672596,0.009951017669338733,0.010052588227651755,0.015244035569155146,0.0081824847,0.01428365,0.013459642,-0.003929731,-0.0059812935
-0.13924935,0.006057099493297435,0.013238677806559499,0.01681377657400286,0.013925347,0.012491152,0.014983739,-0.0074953898,-0.0014176671
-0.13739106,0.0035944138770815544,0.013505565791902239,0.018675884423139222,0.016128194,0.010750841,0.014581759,-0.01166687,0.0002123861
-0.14125961,0.004700928461013027,0.014800964298198794,0.018899335367989704,0.015494751,0.011684034,0.016275469,-0.0095958402,-0.00046242517
-0.12808383,0.010777744279234065,0.008157236825927,0.01736283120945074,0.0049663857,0.01381662,0.012982359,-0.0062199249,-0.0097076669
-0.12849432,0.0037660930603384633,0.01404935409739014,0.018322903230898045,0.014924734,0.010426508,0.016374683,-0.0077932924,-0.0026197582
-0.12981014,0.024738845017755026,0.018299016961074742,0.025074777119544298,0.0015529755,0.0275345,0.023415595,-0.0033241601,-0.0083309254
-0.13785025,0.022842609857677686,0.015601015039216175,0.020289948156994364,0.0086820433,0.028500615,0.019428967,0.00021114555,-0.0058440273
-0.11924499,0.03635466539407411,0.012568796384781044,0.019285529408598425,-0.028187955,0.027529191,0.017283775,-0.00029878187,-0.008550643
-0.11138982,0.03826982377565394,0.012666480422688546,0.02062090586233409,-0.031226449,0.028319979,0.017957129,-0.0022385824,-0.0098869624
-0.10531607,0.03329263907311333,0.014951594767451523,0.02220480350543132,-0.025282819,0.025435884,0.020144433,-0.0016640817,-0.0091916239
-0.11404282,0.03335096998725097,0.012900407023013549,0.01955012227151371,-0.024775056,0.025714785,0.017552402,-0.0021567666,-0.0083347959
-0.12164155,0.03400549181965186,0.012575913973028196,0.018817571664167084,-0.024507131,0.026539559,0.017012667,-0.0015359326,-0.0078937365
-0.10946827,0.031048795043084935,0.014291503180413044,0.020767664187395823,-0.022672918,0.024106098,0.018952312,-0.0026343635,-0.0080725383
-0.11677708,0.029235847380025527,0.012272925337890784,0.018455784900902106,-0.020911168,0.022884402,0.016618608,-0.0021254143,-0.0077408319
-0.10823598,0.02722466740283232,0.015086692807698643,0.022669615216075682,-0.017624155,0.02209479,0.020425908,-0.0025046014,-0.0095089804
-0.12267814,0.0277829069833386,0.01136285066181229,0.01737568566270478,-0.01568724,0.023523411,0.015572456,-0.001253314,-0.0076054106
-0.11412396,0.025399111277060387,0.017789102071703655,0.02321637101377473,-0.011417455,0.022746166,0.022150815,-0.0020086584,-0.006656318
-0.10733513,0.02300336650552147,0.010708703877394692,0.019420927458153596,-0.011926599,0.019927405,0.016102666,-0.0026502304,-0.010528668
-0.11705341,0.023280502914094146,0.011162465768751495,0.01662765229858714,-0.014018603,0.019340472,0.014982807,-0.0025909683,-0.0067291306
-0.12672414,0.02398013773341397,0.008734055117155574,0.01453935566715264,-0.013692486,0.020238956,0.01248608,-0.002369652,-0.0070622531
-0.10929907,0.01984717264608505,0.014803628643427828,0.019270817509550276,-0.0084345592,0.017980924,0.018155649,-0.0042276792,-0.0048850328
-0.11803149,0.020031284733284797,0.010074620646447267,0.01343296125717582,-0.01041532,0.017340153,0.012568519,-0.0028003452,-0.0038255516
-0.12652047,0.021144580851967115,0.00922589570353125,0.012354059329593284,-0.01056138,0.018487595,0.011660287,-0.0013326819,-0.0038580368
-0.12305072,0.01826971817733327,0.017760423004569467,0.02025176364919612,-0.00424959,0.018043654,0.020046765,-0.0022623045,-0.0017728853
-0.11681336,0.03247337570937392,0.01884303763032421,0.023504765822348284,-0.016034927,0.028471366,0.022802046,-0.0015380797,-0.0054931799
-0.11237866,0.01842218547861957,0.02079960987970516,0.024094786414778753,-0.0035176701,0.01851997,0.023622874,-0.0040822476,-0.002419465
-0.12114215,0.02352460740943371,0.01929988084528931,0.024393638513522168,-0.0032462995,0.024178229,0.023494573,-0.0027544533,-0.0059554703
-0.11539555,0.016389668292346504,0.018464664026453276,0.02248876940547701,-0.0017171672,0.017076192,0.021688927,-0.004538245,-0.0038392092
-0.1052281,0.016428423279788947,0.021571189499766025,0.02562570395886911,-0.0010156789,0.017416058,0.024933023,-0.0047488064,-0.0035312753
-0.12104226,0.015786425093656173,0.016262017289121605,0.020915343298275504,0.0014797822,0.017777877,0.019721813,-0.0050054523,-0.0048422231
-0.10781559,0.013636371549508867,0.016592634694243217,0.023012982602599468,0.0028619466,0.016028838,0.02118912,-0.0050073816,-0.0074528311
-0.12555382,0.020477986977041743,0.021182416157194742,0.0292720685095391,0.0067276084,0.025102174,0.027176632,-0.0046916683,-0.0098118763
-0.11882156,0.011397582738143263,0.012057590275634893,0.019729411731805247,0.0046880301,0.014371833,0.016873816,-0.0050433627,-0.0088931723
-0.11342353,0.018538404619487445,0.026019025753945796,0.034518489711875926,0.011131939,0.024864616,0.032404006,-0.0068172165,-0.0097484402
-0.11248553,0.010358557162617082,0.011042445245605813,0.019265599811140507,0.0065068146,0.014015105,0.015923489,-0.0056567471,-0.0092524076
-0.12340574,0.010119376933945911,0.009903166494421533,0.018886552417489082,0.0059898556,0.013535833,0.014915585,-0.0061895642,-0.009793696
-0.11310898,0.006156032761073627,0.011750754906404294,0.018336500100701307,0.011029898,0.011369584,0.015649492,-0.0067201504,-0.0067941309
-0.11712832,0.005678859935981619,0.010509914643346514,0.016870835989631898,0.010899562,0.010795878,0.013877965,-0.0076439106,-0.0057963631
-0.12429585,0.005674651708442545,0.011212759834552976,0.016618231602880857,0.011765589,0.011158913,0.014195149,-0.0072215078,-0.0047448068
-0.10887826,0.004726040084192387,0.014657521410841114,0.0195071239077261,0.012975628,0.01064201,0.017997,-0.0057245591,-0.0048852121
-0.108488,0.020345603433150432,0.027229957700587316,0.03603228510041849,0.0087715182,0.025825946,0.033940125,-0.0063998634,-0.010268166
-0.11887062,0.020985008493070556,0.024719608429810327,0.033021865624167215,0.0090314457,0.026630903,0.030944234,-0.0063296161,-0.0096350377
-0.10534425,0.00880261657687054,0.009796353906941205,0.018699571727444,0.0072494033,0.012640003,0.015017116,-0.0042357217,-0.010306254
-0.10723525,0.02403880052877938,0.024829737490653935,0.03413882280951483,0.0030675591,0.027416902,0.031863891,-0.004176937,-0.01151976
-0.11431819,0.02496172260544256,0.027041161582048424,0.03498001247980366,0.0048043854,0.029156767,0.033320993,-0.0051920265,-0.0092927692
-0.1182069,0.02710087956763972,0.02118181661038507,0.029831275616428857,-0.00056880113,0.02919988,0.027560601,-0.0039297678,-0.010717985
-0.099591553,0.03407625545586859,0.015806476464142093,0.024299067982555298,-0.026002873,0.025981529,0.021732178,-0.001648942,-0.010744214
-0.08998052,0.037446661543240264,0.01696198297007835,0.026111181665808808,-0.03048482,0.027740531,0.02336297,-0.00085781503,-0.011628826
-0.083539464,0.038513113231071074,0.01876130426173252,0.02901163929131929,-0.031730797,0.028370196,0.025788831,-0.0037861282,-0.012738785
-0.10173506,0.03844240191165596,0.01675119847514427,0.025911663824589114,-0.029896488,0.029071996,0.023126204,-0.00133763,-0.011610502
-0.092486903,0.03356551479639885,0.019076155277294216,0.027555242719794922,-0.023189221,0.026621005,0.025297854,-0.0017835352,-0.010776316
-0.094635636,0.030439098403226512,0.014953799833287883,0.02306616284775341,-0.023019124,0.023296792,0.020556375,-0.0025158969,-0.010156455
-0.08690612,0.03112638635059653,0.01771649923872594,0.026620255159873957,-0.021060964,0.024874624,0.024045208,-0.0016315652,-0.011305041
-0.10291819,0.028062085706469207,0.016389166552285048,0.023995098269157796,-0.01945363,0.022227962,0.021899531,-0.0017626625,-0.0096471915
-0.089019641,0.026709307471609177,0.017189062044451944,0.028133135479931605,-0.015697276,0.022352835,0.024421787,-0.0034149312,-0.013542078
-0.098100357,0.026680033331897595,0.017018708123943266,0.025871755082055654,-0.016695099,0.021897482,0.023176977,-0.0031894962,-0.011045477
-0.093735695,0.024309978840210668,0.016527602874409863,0.025824983806690516,-0.015163382,0.019972924,0.022831449,-0.0036976335,-0.011488352
-0.087290727,0.021608367407576917,0.015140478127441416,0.023740249128710172,-0.0096362894,0.019384112,0.02092723,-0.00378127,-0.010552368
-0.098680437,0.022478219231552292,0.015170029132106376,0.023317729085267486,-0.009178591,0.020523366,0.020824814,-0.0022975965,-0.010235461
-0.092173077,0.020546394864065134,0.018168241932425038,0.02410473830048075,-0.0075244871,0.019126834,0.022777077,-0.0033102918,-0.0071613644
-0.10295835,0.020348548118608166,0.013061252214273882,0.017929395448424066,-0.0093621677,0.018131852,0.01656821,-0.0039429492,-0.005604533
-0.10031087,0.018304267540500564,0.023739500689514116,0.027761513790278428,-0.00430422,0.018057998,0.027115447,-0.0050693895,-0.0031233751
-0.08516679,0.018010929414470616,0.024114196090254267,0.02826116809280483,-0.0041547767,0.017802762,0.027834419,-0.0030088166,-0.0038582073
-0.083314389,0.02298765514485389,0.014469088575040343,0.024354059600012832,-0.012992511,0.019457884,0.020836666,-0.0036844285,-0.012057303
-0.085361183,0.02695547132955186,0.02658152680869831,0.03479588896515064,-0.0048106317,0.027241364,0.033106461,-0.0039294572,-0.0099637089
-0.10293034,0.02936288566476533,0.02543091099509685,0.03278940271765863,-0.0083743874,0.028343959,0.031355482,-0.003850962,-0.0087834373
-0.093127146,0.01774391764037679,0.024248320738279004,0.028568781586268563,-0.0023835809,0.018264519,0.028024528,-0.0038855176,-0.0039628102
-0.083640791,0.015210713646203746,0.02242118418165888,0.027499942593093366,-0.00040423745,0.016352728,0.026762472,-0.0028134924,-0.0056657917
-0.095510401,0.014726503139186279,0.021537964305358447,0.027954252663706877,-5.4800679e-05,0.015975028,0.026468027,-0.0053454642,-0.0072325515
-0.090035349,0.013938854648493952,0.018071367629046785,0.02518788745746853,0.0033149472,0.016549731,0.023196496,-0.0050829304,-0.0083973845
-0.10094984,0.013293531810654432,0.0173423359181283,0.024883477119464283,0.0036498744,0.015990846,0.0226545,-0.0050206399,-0.0089863362
-0.086476095,0.019720859024167793,0.030251654087159643,0.03804412173337581,0.0077137277,0.024698243,0.036592823,-0.0055821394,-0.0087840892
-0.094443157,0.01931002374917307,0.028669557556439677,0.03735147811502194,0.0085759889,0.024617936,0.035567369,-0.0046448088,-0.010417338
-0.089052424,0.010479069063066735,0.013472169663366704,0.0225493409567026,0.0073358123,0.014497913,0.019069958,-0.0059730755,-0.010446619
-0.096115559,0.009087141922584916,0.011195724462111296,0.021110793724822514,0.0068176296,0.012765823,0.016676879,-0.0073786313,-0.010634995
-0.090410315,0.006778993569457171,0.01610337194651162,0.0216762158853851,0.011212194,0.012123724,0.019760188,-0.0071338709,-0.0053386507
-0.10181732,0.006843142239599328,0.011943411193699852,0.018178410365907824,0.011057293,0.012127661,0.015987985,-0.0049447119,-0.0070985043
-0.086354837,0.004517179629821886,0.012567060500643693,0.016917012707164135,0.011712314,0.0098788673,0.015961753,-0.0013444941,-0.005440597
-0.10111465,0.003280914401084971,0.019256537753366915,0.02320703409910913,0.015525959,0.010154634,0.022199733,-0.0060532927,-0.0030159466
-0.092095532,0.0024197920094978544,0.02058039121834508,0.023426380486868605,0.015182134,0.0090731997,0.022903303,-0.0047520516,-0.0012853093
-0.10117912,0.022355574640444083,0.030558636907808016,0.03956712120266872,0.0093599157,0.028259259,0.037511736,-0.0074253008,-0.01016325
-0.097001448,0.024129227200175307,0.02916979792360818,0.03819677288625303,0.0063035698,0.028888743,0.036255032,-0.0053712986,-0.010757103
-0.082930915,0.024893062471574835,0.03330397702110692,0.04229832335675514,0.0048244423,0.029090691,0.040640797,-0.0052001085,-0.010508694
-0.082580507,0.010351334493567302,0.02070754414455817,0.025847901004650467,0.0092866672,0.015187236,0.024837833,-0.0045557492,-0.0055173533
-0.068478532,0.03483697240339383,0.017741857919402894,0.029300077727861293,-0.027916536,0.02599564,0.025289515,-0.0042546829,-0.014171544
-0.07921119,0.036800952551849786,0.020345590919913337,0.030191244486838957,-0.028502159,0.027880648,0.027419921,-0.0016554341,-0.01252672
-0.068636253,0.03838066765756821,0.01961298625159313,0.031227971441025716,-0.031235348,0.028436618,0.027414864,-0.0040676892,-0.014389765
-0.060796179,0.034674829352567375,0.01961036066989807,0.030675083042388373,-0.025277195,0.026939828,0.02725907,-0.0010383442,-0.014029457
-0.077680223,0.0334038966053292,0.017716906379335262,0.02639523804545841,-0.025119115,0.025626238,0.023948016,-0.00073814212,-0.011075029
-0.082330972,0.032620562451403934,0.016926577529477904,0.02518796093807592,-0.023824258,0.025324889,0.022799803,-0.0025679029,-0.010392701
-0.067479633,0.030724305878893653,0.015835251431096736,0.025646794493795283,-0.023301214,0.02348689,0.022361523,-0.0031653983,-0.012153214
-0.062252883,0.03133471882638245,0.018667580783985893,0.02871641534149854,-0.021598829,0.024872638,0.025662748,-0.0022874472,-0.012681619
-0.07120578,0.029113312831291552,0.017455217319993194,0.026128645596821005,-0.020114787,0.023089329,0.023612121,-0.0022794192,-0.010953452
-0.076967262,0.0276998175747687,0.016767531000223507,0.028087128098338646,-0.016974725,0.022886641,0.024186503,-0.0024556711,-0.01406661
-0.080105945,0.02619161875372351,0.017168205326785556,0.026168799202944137,-0.018229458,0.020715591,0.023359884,-0.0040062624,-0.01109377
-0.065159857,0.026937273836556704,0.01927180155105308,0.029392313440201382,-0.015996883,0.022473313,0.026305228,-0.0034569309,-0.012648822
-0.072474949,0.025394565638487174,0.023129347525140887,0.02860447862540309,-0.01155898,0.022681154,0.027800411,-0.0023834365,-0.006298617
-0.062489077,0.022725948654200533,0.017052223559072634,0.025042947326383392,-0.012202239,0.019509027,0.022782668,-0.0027355005,-0.010030767
-0.065987684,0.022108206128374257,0.01671254533707852,0.023424351642611956,-0.011953428,0.01894355,0.021746419,-0.0020594276,-0.0084588574
-0.076100565,0.02108851051212993,0.019110761729091798,0.02471998530934084,-0.0090432744,0.01907108,0.02356101,-0.0035283526,-0.0065959995
-0.068952024,0.019960912403902163,0.02419466703520243,0.02847044939420412,-0.0062305094,0.01904005,0.028129738,-0.00061591394,-0.0043479856
-0.07999751,0.019241171590582105,0.021451577532026842,0.02550351526220945,-0.0071575022,0.017864667,0.024915839,-0.0039004728,-0.0037969158
-0.07355164,0.018560888177055705,0.022085144394573188,0.025828678024958564,-0.0066014128,0.01736168,0.025519608,-0.0017105372,-0.0035978158
-0.061748158,0.01911385212894611,0.02017978736583084,0.0242940809891404,-0.007377584,0.017632933,0.023679415,-0.0035151821,-0.0041389819
-0.065845497,0.01641536982117911,0.023738633868540606,0.028776489417929766,0.00068226579,0.018122612,0.028142167,-0.0023161329,-0.0055443943
-0.070899941,0.022320002029256512,0.031686374072167164,0.040085645372907826,0.0024302553,0.025279148,0.038581096,-0.0047318991,-0.0097962813
-0.072829001,0.014713457412784016,0.021074110846829863,0.027230032013748368,0.00077054242,0.016311193,0.026038915,-0.0029256942,-0.0074087693
-0.077448398,0.014453858512627886,0.019818432585855847,0.025759831875645914,0.0014676838,0.016325094,0.024542455,-0.0032968957,-0.0070969937
-0.067369655,0.012466730509450717,0.017931049110055858,0.027094581574806306,0.0035440617,0.015047727,0.024344606,-0.0031773527,-0.01146128
-0.079708539,0.02070887949087705,0.030488764402902744,0.03828861580169226,0.0059192837,0.025009893,0.037003424,-0.0036251354,-0.009144567
-0.062508926,0.010588237473884184,0.014203243946221557,0.024677377223113632,0.0051665688,0.01369572,0.020810241,-0.0039038912,-0.012675427
-0.064276315,0.018301316996393986,0.030880429024288402,0.03931889265007355,0.011112613,0.02459885,0.037814505,-0.0038699387,-0.010052965
-0.078461438,0.01134358874876569,0.014665849955927464,0.023349265305113283,0.0067919875,0.015206253,0.020486828,-0.0032178448,-0.010729564
-0.072964661,0.010475775903880427,0.019358514569063567,0.0258852476091886,0.0090308329,0.015213829,0.024521254,-0.0010573721,-0.0082241176
-0.073440723,0.006233990453163023,0.008562800099204966,0.015627926663038385,0.00943569,0.010777573,0.012952709,-0.0015817395,-0.0085998559
-0.081317015,0.005981110357490699,0.015856034502611954,0.021106314261864437,0.011512932,0.011384591,0.019958232,-0.0023863646,-0.006438225
-0.068132356,0.005323488953854475,0.01976865102729439,0.02359655904075302,0.013502595,0.011514739,0.023121504,-0.0026765075,-0.0038768491
-0.064246662,0.004127311945131006,0.015670862277925607,0.019049703377308175,0.013211827,0.010091836,0.018521644,-0.002719356,-0.0035277479
-0.075656362,0.001259025643114824,0.018983016687435305,0.02112700317823262,0.016957726,0.0085658832,0.021067936,-0.0011792481,-0.0010496237
-0.062581249,0.023410976580665113,0.032606747824927056,0.0420056873598231,0.0045380658,0.027359052,0.040273555,-0.0034526139,-0.011427948
-0.069112346,0.025943465014313473,0.03226552711088291,0.04167677306278558,0.00060937315,0.028442616,0.03992882,-0.003262443,-0.011489091
-0.049164262,0.03355513332450925,0.017181182199297138,0.028685230738014645,-0.026402229,0.025245886,0.024780894,-0.00107338,-0.014408248
-0.045053288,0.03520285360702644,0.020515427465852783,0.0317831257103667,-0.027246404,0.026677573,0.028362004,0.00097251148,-0.014311465
-0.052578826,0.03748993334030394,0.02111836814897685,0.03328810495600222,-0.029850869,0.028056636,0.029476494,-0.0015037128,-0.01539393
-0.039678022,0.03284641500324755,0.019464870512483207,0.029584115267848883,-0.023629015,0.025653122,0.026514057,-0.0035051955,-0.01264667
-0.050947051,0.029880824364912784,0.017675242262323733,0.02772780601161611,-0.021876562,0.023175294,0.024609523,-0.0009450629,-0.012740073
-0.054472703,0.03127418456437899,0.02083004804210425,0.029127440125674562,-0.020648921,0.025210088,0.027107846,-0.0014950794,-0.010551644
-0.047287215,0.027824617742011303,0.020360930807822253,0.03086236573713485,-0.018219562,0.022493817,0.027803039,-0.00042864654,-0.01339003
-0.039155088,0.02707689086524416,0.02191669228708603,0.030957130223858445,-0.015289544,0.022925235,0.0286125,-0.003410571,-0.011315333
-0.058276247,0.028477966661715263,0.026226724541594672,0.03181407942711393,-0.014951508,0.024590796,0.031136412,-0.0019593313,-0.0062306114
-0.045147777,0.024114281157203155,0.018618356608619067,0.028926562327855364,-0.013907029,0.020293616,0.02567422,-0.0035850853,-0.012834625
-0.049639411,0.02315973525035051,0.017414950075787673,0.026824309207271992,-0.013601758,0.019386215,0.023988226,-0.0012181683,-0.011942556
-0.054938424,0.023090834840140878,0.017336073185341642,0.025735959505489858,-0.013038147,0.019550603,0.023388837,0.00034422823,-0.010732354
-0.042457055,0.02092294900828778,0.026452627374789303,0.030772005853963825,-0.0061959289,0.020099847,0.030410761,-0.0025603238,-0.0039429306
-0.056261245,0.019995395086672665,0.016608492204350636,0.021151883436966317,-0.0089117512,0.017939391,0.020401148,-0.00057209708,-0.0055559012
-0.048311174,0.020484063481477934,0.021820396019790564,0.02717476998451204,-0.006542739,0.019475847,0.026358619,-0.0021457293,-0.0062519736
-0.044459011,0.032147458509616124,0.02994387971451115,0.03721275162855154,-0.015647838,0.028281612,0.036098085,-0.0033244758,-0.0084062479
-0.060211074,0.029190512877864592,0.03040037689337615,0.040809816536302605,-0.0059621525,0.029180633,0.038594231,-0.0019575078,-0.013118484
-0.053396631,0.025834924585752258,0.029974573811818495,0.038373531339014236,-0.0035962968,0.026539501,0.036804978,-0.0042498112,-0.0099930279
-0.052572418,0.01786270778020865,0.025077177564320596,0.029442218570073765,-0.0033757314,0.017972425,0.028998654,-0.0029685707,-0.0041364101
-0.042359356,0.016447863484611736,0.02697851235816053,0.03192339651097867,-0.0016313905,0.017175823,0.03149122,-0.00098066032,-0.0051424326
-0.060057644,0.016887307923354498,0.02614437172931631,0.02981904511783555,-0.0015230402,0.01769921,0.029545186,-0.0030011481,-0.0026926838
-0.051394861,0.015281702953609247,0.024711646262651127,0.030423714920996308,-0.00048238336,0.016396677,0.029658675,-0.0014319833,-0.0066268281
-0.044161838,0.014415966598735177,0.02211276914899355,0.02917252149251466,0.0026110809,0.016769273,0.027763378,-0.0016000019,-0.0088131065
-0.056754243,0.012060283716928404,0.016985306635216517,0.02519128170932148,0.0048817964,0.015174014,0.022789871,-0.0032855067,-0.010218997
-0.046554048,0.017188428391295703,0.03227130178291461,0.039081688317103624,0.0099002421,0.022875231,0.038242672,-0.0029319711,-0.0075019961
-0.051630799,0.011052778398740293,0.015571455591160062,0.024407482325231017,0.006239078,0.014655632,0.021647893,-0.0016837962,-0.011147141
-0.04344926,0.010638017686503359,0.014808323385902968,0.0246606909964813,0.0067457361,0.014420116,0.021289745,-0.002162178,-0.012256485
-0.059271663,0.006927932571415534,0.010550031882609863,0.017830052367709653,0.0092075346,0.011434598,0.015132054,-0.0037605045,-0.0086481394
-0.049289342,0.00829504285934685,0.016397891435305217,0.023332651685790635,0.010918542,0.013646052,0.021519417,-0.0022639427,-0.0087293694
-0.041665908,0.005821709260745752,0.02070966058172843,0.025463900875609343,0.013390921,0.012008583,0.024785599,-0.0022459498,-0.0053888811
-0.054896142,0.004974973108961769,0.014029709189528682,0.018436448653488948,0.011839073,0.010430002,0.017437637,-0.0030098385,-0.0051741982
-0.048276186,0.001810002725452532,0.0152305277268622,0.018561735494543093,0.014756632,0.0082301339,0.018154729,-0.00075990846,-0.0037903006
-0.060184091,0.002197532972929242,0.023911517922810432,0.026539145210566394,0.017464362,0.0098004946,0.026442353,-0.0019808747,-0.0010974205
-0.054388531,0.020506168852900044,0.03363122764302763,0.0429759592088416,0.0099393427,0.02649609,0.041325331,-0.0034388183,-0.011283821
-0.038479198,0.010737804489942233,0.01339531530530444,0.02290448570441702,0.0048708771,0.01373269,0.019509051,-0.0027645119,-0.011677751
-0.048443478,0.022979127633352178,0.03522406516960853,0.044256376166984114,0.0079416307,0.028334636,0.042812407,-0.0033177962,-0.010710596
-0.052311212,0.02567295805054411,0.03230001417258344,0.04247393001334002,0.00082335062,0.028239576,0.040431753,-0.003302899,-0.012585664
-0.057871982,0.024712047701786456,0.03430989418428865,0.043802062598982346,0.0048284102,0.028895728,0.042147707,-0.0032097145,-0.011484303
-0.016383899,0.035236844470520834,0.02071047114208273,0.0336555022898775,-0.02764526,0.026545195,0.029423855,0.00088757626,-0.016313853
-0.035227761,0.036204287579082256,0.02085833983502902,0.032420525340565526,-0.02853331,0.027219232,0.028863797,-0.0020842957,-0.014615998
-0.024025474,0.036152544772397155,0.021144873702680707,0.03330941623643292,-0.027909357,0.027427873,0.02951164,-0.0010706685,-0.015408893
-0.020240122,0.03885022451485724,0.023272846610713802,0.03592277763808619,-0.030352153,0.02932162,0.032114919,7.9219913e-05,-0.016095703
-0.029319715,0.033713185113203155,0.019787132328672654,0.030930272904605764,-0.024827255,0.026086124,0.027485095,-0.0014739779,-0.014109526
-0.022441788,0.032361003419882094,0.0207187548016646,0.031324760523864396,-0.023086559,0.025356049,0.028243257,0.0010013997,-0.013511338
-0.035883822,0.031026166764180615,0.019957708754789697,0.029392175603612732,-0.021312186,0.024659112,0.026770605,-0.0018657238,-0.011989736
-0.022914235,0.0295413487489909,0.02044524591155178,0.031104823574989168,-0.020992173,0.023181902,0.027977915,0.00040104776,-0.013586224
-0.032875825,0.02774434793796831,0.020184210655610914,0.029975003399472507,-0.019743523,0.021759732,0.027238522,-6.159945e-05,-0.012512392
-0.016505804,0.028074737195770465,0.021953961816364383,0.031618594682172985,-0.016589677,0.023457382,0.029099351,0.00015210165,-0.012366898
-0.028606424,0.02664699648903359,0.02135136541753065,0.03196553602770383,-0.016860407,0.021791423,0.028948348,-0.00030724038,-0.013553385
-0.038037285,0.018564059852594964,0.018381913306429368,0.022096004553492806,-0.0079560764,0.016790105,0.021597348,-0.0026606123,-0.0038352469
-0.023507308,0.02567828572847508,0.02009113543800592,0.030598872371217483,-0.014925251,0.021560479,0.02750463,-0.00091022986,-0.013377511
-0.037591688,0.023105678350520555,0.017238164898168536,0.025875126572291816,-0.013144583,0.019521549,0.023351692,-0.002347427,-0.010895423
-0.020756127,0.023129541587618853,0.02685256335321962,0.03241900687397811,-0.0087987753,0.021392159,0.031814478,0.00025279075,-0.0062263226
-0.028952118,0.022317836023198683,0.019397398070724978,0.027074111174196554,-0.0097936476,0.020088056,0.02522359,-0.0010701383,-0.0097792028
-0.033336788,0.020297764334971578,0.019245022042976723,0.02386645727448359,-0.0089490749,0.01825203,0.023230357,2.2407096e-06,-0.0054734168
-0.01789159,0.019451473618266775,0.018375299819641797,0.022649862647439584,-0.0089826677,0.017318394,0.022049246,0.0016347247,-0.0049167778
-0.026396703,0.019499520656466904,0.02261558331609583,0.027562460019221545,-0.0074338936,0.018028006,0.026963051,-0.000929765,-0.0056407996
-0.031273719,0.02925275540604874,0.03120458158477714,0.040017298327965134,-0.0074319448,0.028624361,0.038496513,-0.0014533534,-0.01083007
-0.021219434,0.017160682162685688,0.026742085236529472,0.031186895088314497,-0.0034592256,0.017174331,0.030885963,5.7165111e-05,-0.0043216255
-0.033237431,0.016632551980566006,0.027558375938453266,0.03173232214813149,-0.0020423625,0.017202014,0.031486951,-0.0014838764,-0.0036483279
-0.03646348,0.023185334469240624,0.03290501655418558,0.040536041630148366,4.2330652e-05,0.025205597,0.039531462,-0.00096608262,-0.0089163259
-0.02008852,0.014209185139976476,0.021131592002753597,0.028110631184504978,0.00059717387,0.015689781,0.026692649,-0.00048900489,-0.0088017583
-0.017428199,0.023937405930353945,0.03445694244410755,0.04298091699543019,0.0023816293,0.027015591,0.041751448,-0.0008103755,-0.010174434
-0.027932437,0.014621429091860363,0.02190001661700644,0.028386962750481477,0.00080489763,0.0162258,0.027206296,-0.00095490069,-0.0080452021
-0.026733,0.019464547161842205,0.03200879091754644,0.03806195930782612,0.0042228517,0.022938007,0.037461162,-0.0022958126,-0.0063327192
-0.030957317,0.020508668028938925,0.03261320853652471,0.041550972578173535,0.0080479207,0.025695944,0.040047284,-0.0020880192,-0.010878352
-0.032426544,0.012152605898387554,0.015170600469165027,0.024434613342214234,0.0047144881,0.015203291,0.021395186,-0.0022919322,-0.011577711
-0.037137359,0.01815032565321837,0.031959315257226444,0.03869538532839868,0.0083151208,0.023247354,0.037915476,-0.0017475866,-0.0075296392
-0.02274878,0.011159022682925002,0.01635573146374108,0.02481694995650963,0.006674841,0.014956022,0.022314273,-0.0018038023,-0.010709833
-0.023106012,0.00821334533785497,0.01205389029621166,0.021905936829225342,0.0082190484,0.012411432,0.018206777,-0.0018308127,-0.012042901
-0.028847985,0.009481225732515886,0.016354639130601804,0.024163109738586975,0.0089683319,0.014106859,0.022004191,0.00016943147,-0.0099821212
-0.016419221,0.008113404306868702,0.01454276426476164,0.022708361132249145,0.0092216143,0.012728424,0.020186055,-0.0011661613,-0.010336001
-0.036203463,0.007286002521581072,0.02224943079148434,0.026302454442347706,0.012178116,0.013084528,0.025829712,-0.0030615812,-0.0039079161
-0.031050149,0.004926875285619297,0.026107955830539896,0.02909588035327588,0.01489449,0.011674698,0.029048117,-0.00041154952,-0.001614862
-0.034900185,0.002978986953678096,0.004260133554665523,0.00694328806528567,0.011125898,0.0079589169,0.0060630986,0.00013555046,-0.0033807855
-0.025899136,0.003719926484185122,0.0243155454682669,0.02641865941603525,0.016691184,0.011126168,0.026355544,-0.001819602,0.00014111827
-0.016942602,0.0031743126082011608,0.012907719276625632,0.015945557546451942,0.013048276,0.008987112,0.015539692,4.6899808e-05,-0.003574434
-0.021448402,0.0008256382267720075,0.020053680165023582,0.022552957866422148,0.01757919,0.0083588641,0.022483617,0.00064664456,-0.0016446051
-0.021709643,0.02332010123971356,0.036460046059083075,0.0456624947341414,0.0078370115,0.028660648,0.044268597,-0.0022000389,-0.010977913
-0.017081,0.027548008921316213,0.033447294292617134,0.0421387252337473,-0.0017524417,0.029183198,0.040801264,-0.00050982821,-0.010519938
-0.0090151746,0.0362126425199341,0.020173251130752693,0.03424094880476506,-0.028853528,0.027092384,0.029371247,0.0011177264,-0.017564826
-0.003249391,0.03651245642491878,0.02190397256851597,0.0353513677630479,-0.029389489,0.027190588,0.031004108,0.00026582635,-0.016982162
0.0051615066,0.038492782119611726,0.022532600982145573,0.034711427400716435,-0.032068372,0.028204817,0.031055426,0.00061092275,-0.015494208
-0.012331725,0.038788004750216605,0.021286694268333663,0.03557256534493888,-0.030806731,0.02906107,0.030726377,0.00078258879,-0.017907672
0.0059568426,0.03453184433650909,0.024437762907715394,0.03414595652731751,-0.023970045,0.027339347,0.031812377,-0.00034605761,-0.012401583
-0.01279026,0.03321357626307121,0.024255139629187135,0.03329218446185934,-0.022791699,0.026407411,0.031230457,-0.00090711412,-0.011498054
-0.007445578,0.03175561661457964,0.019229633631430546,0.03007404794583595,-0.022880942,0.02478566,0.02673484,0.00033999616,-0.013768845
-0.0026158367,0.033639816465476695,0.028686434191032534,0.036310087460338376,-0.021570332,0.027388901,0.035102181,0.00041685053,-0.0092782313
0.0017834924,0.031378609176017404,0.022431163731028422,0.03263685362943642,-0.021536019,0.02494698,0.029910935,-1.3361355e-05,-0.013057565
-0.011142419,0.027547769338437778,0.019271780263674078,0.030481775323519582,-0.019419925,0.021683536,0.026967032,0.00022552286,-0.014207989
-0.0042157201,0.02726227948764972,0.021527642626437946,0.0331993206593854,-0.017559504,0.022163093,0.02969119,0.00019591504,-0.014852264
0.0026412983,0.024523882889611815,0.019890821256029697,0.03216628168789171,-0.016170584,0.019777769,0.028168734,0.0015310565,-0.015454707
-0.01422926,0.023141881182672203,0.017555780817337337,0.026766461317365292,-0.013836679,0.019267101,0.024038825,0.0012873216,-0.011701331
-0.0013734829,0.023523028039157547,0.018910386334777766,0.029655639114447324,-0.012510395,0.020244138,0.026300196,0.001957149,-0.013561939
-0.0088940514,0.026983373765823018,0.03416187297749344,0.03951524152009817,-0.0063994494,0.026597263,0.039206065,-6.0808365e-05,-0.0049330601
-0.010414196,0.020913133547407488,0.015685146707585813,0.02089290037777677,-0.011294992,0.01792476,0.019787723,0.0017458863,-0.0064738849
-0.0038275972,0.021415122183498624,0.01977715651215665,0.026415290338508538,-0.009923826,0.019052126,0.025042014,0.00066989538,-0.008379519
-0.00068604847,0.020021672495856818,0.025499667781973444,0.03066614747036609,-0.0044195359,0.01987477,0.030116789,0.0010117319,-0.0056892899
-0.011633623,0.01863055907768134,0.028535610002681157,0.03124015476568138,-0.0044710902,0.018341636,0.031208197,-0.0013247778,-0.00049058493
-0.0080906469,0.016768049746233724,0.025484180000799092,0.02893463135722513,-0.0046336385,0.016249282,0.028811445,0.00026691824,-0.0026537301
0.0055264821,0.022023954950789643,0.01786726554816246,0.02705774637561464,-0.011345957,0.019109879,0.024385894,-0.00022237793,-0.01172179
0.00084238767,0.029685224180990795,0.03128701640003149,0.03968462045981102,-0.0079495749,0.028874457,0.038296185,-0.002303615,-0.010147151
-0.0090171611,0.03133941101528709,0.03455910943936761,0.043317869898041435,-0.01178801,0.029042181,0.042014994,0.00046528917,-0.010533833
0.0056091524,0.021121669794233727,0.03253376686341175,0.03656245964823295,-0.0018171989,0.02217439,0.036455464,0.0009741059,-0.0026198698
-0.0036598521,0.016992724489759494,0.02617573685292747,0.03057367776030401,-0.0013278069,0.017896602,0.030260744,0.00075031049,-0.0042981599
0.005339446,0.01440661689498916,0.02119451627042659,0.02721146515982254,0.00039731505,0.015819428,0.026177485,0.00020447932,-0.0074270656
0.0013866001,0.014846218149111483,0.02205001261427772,0.028116613542290548,0.0006025348,0.016384104,0.02710028,0.0010897615,-0.0074115586
-0.014493525,0.01914013333046751,0.03080800888804077,0.03545926203629298,0.0025109276,0.021858908,0.035215788,-0.00051490177,-0.0041161166
-0.010181633,0.019358952888389534,0.03460429198556841,0.04266248219420184,0.0089065982,0.024811426,0.041602127,-0.0003634913,-0.0094455434
-0.0031267516,0.019732424366822682,0.03434521236358625,0.042233766457517224,0.0090504074,0.025278194,0.04121843,-7.7726705e-05,-0.0092046736
-0.008266612,0.012675342607675171,0.019886627979144603,0.02648656644643259,0.0054937606,0.016101953,0.025140066,-0.00034734586,-0.0083303442
-0.015231404,0.01227551880137656,0.016890930851378515,0.024275300028294877,0.0054067937,0.015630685,0.022357775,-0.00050773058,-0.009442579
-0.0029059735,0.01226399439331045,0.019316447038800127,0.027261038927707277,0.0059174239,0.015834915,0.025294723,0.00048818858,-0.01015396
-0.0087602641,0.007991350665456854,0.010908181821159463,0.02032859968734255,0.0069341152,0.011624844,0.01669028,0.0021610374,-0.011402475
0.0015560932,0.010427660628216803,0.01930896921747898,0.025909852655623955,0.0084138317,0.014899657,0.024515547,-0.00089159439,-0.0083374744
-0.0092188064,0.005106152969165598,0.011114835276503782,0.01775393215695459,0.010140339,0.0098514408,0.015507733,0.0030498789,-0.0080876797
0.0049956944,0.004733845640820072,0.02335986376652214,0.027129642943187662,0.01319269,0.010742627,0.026890974,0.00041901323,-0.0035661564
-0.00061941199,0.0031226035969579187,0.017648046924760956,0.02076820014435712,0.014129429,0.0093898596,0.020271627,-0.0036972931,-0.0025902316
-0.0065035317,0.024487277957791518,0.0355129442030092,0.045214137852747714,0.0032359269,0.027975578,0.043620825,0.000712557,-0.01187578
-8.6281369e-05,0.024537244316142535,0.0372537582425234,0.04635828092907912,0.0049915588,0.028775081,0.045065906,0.00098781602,-0.010824904
0.020503318,0.03585898172025597,0.02349416840104697,0.034830538544255496,-0.029058037,0.026621372,0.031671319,0.00054902275,-0.014484217
0.011090552,0.03639310784802739,0.025455145187107217,0.03593416145772488,-0.025973285,0.028511025,0.033310201,0.0020249344,-0.013326444
0.019213168,0.030880161978758102,0.01755759502293684,0.02823787351232106,-0.02278503,0.023875313,0.024792222,0.0011134456,-0.01347158
0.0076890602,0.02987702289823593,0.01786062260720401,0.027510811744505603,-0.022585243,0.022870347,0.024590818,0.0016642882,-0.012221562
0.014023697,0.031055677884723125,0.020237704077173107,0.03137394731150215,-0.021562742,0.024584817,0.027957601,0.0021784035,-0.01406953
0.025741043,0.030437270832541115,0.019048615897900946,0.029700980669366217,-0.021634419,0.023882579,0.026433649,-0.00074212073,-0.013522563
0.028302694,0.02790407558406628,0.0217993959579851,0.032023153179409757,-0.01768508,0.022807011,0.029231234,0.00033070782,-0.013073176
0.01000044,0.025784468886638014,0.020530236249259235,0.032798073151930285,-0.017096061,0.020754378,0.028862996,0.0019545497,-0.015453828
0.020007199,0.028077954998597703,0.023556825719199658,0.0327460796119443,-0.015643116,0.023862669,0.030571664,-0.00010165427,-0.011733233
0.02389605,0.025358793477157606,0.0197651633369113,0.030840821303644225,-0.016278392,0.020639021,0.02744014,0.00071816583,-0.014059844
0.014230532,0.027168138375113775,0.03154918114416911,0.03549033910322095,-0.01169627,0.024549617,0.035351496,-0.0018411108,-0.002538939
0.012992095,0.02147984883826694,0.015885120619425527,0.021605436405613913,-0.011457626,0.018471383,0.020341758,0.00044033013,-0.0072673154
0.020694638,0.021862557865818387,0.014522155720132211,0.021656479214632467,-0.011308776,0.018950326,0.01963269,0.0010107246,-0.0090850983
0.009598962,0.01960960031954075,0.018683921932034032,0.022711067285579215,-0.0085114986,0.017690176,0.022181058,-0.0020254101,-0.0044374494
0.01995704,0.019246461409968586,0.021509968837860834,0.024906050140908263,-0.0067410762,0.018047176,0.024704171,0.00031658489,-0.0031488161
0.024404816,0.017438595737764757,0.024975051424150733,0.028855203456228037,-0.0045349132,0.017019643,0.028632553,0.000548921,-0.0035353021
0.01625053,0.017183093683122416,0.02509125198296968,0.028425062345461837,-0.0045776335,0.016723942,0.028306827,-0.00077724614,-0.0024705471
0.010571349,0.016816404896101374,0.024793031667689862,0.02914641381511205,-0.0023974378,0.017251024,0.028808907,-0.00023210121,-0.0044166101
0.0083355308,0.02629548444514837,0.03716880466520747,0.045552249668165505,-0.00051003357,0.028349876,0.044494729,0.0010955422,-0.0096967174
0.016442742,0.024668511741768904,0.034436462678118805,0.04316320581527738,0.0016656613,0.027505925,0.041866656,-0.00017879487,-0.010498261
0.027885884,0.015752636657645,0.02344503945828355,0.028656275630753344,0.0011065879,0.017582759,0.027943838,0.00252031,-0.005828558
0.018319542,0.014587837730147695,0.021523360210363777,0.027446003721988233,0.0024496273,0.016887454,0.026454754,0.0010153486,-0.0072386586
0.011999679,0.013352245547340252,0.018599092729204104,0.025677064889432662,0.0044539827,0.016395954,0.023980198,0.0022749119,-0.0088930614
0.015479184,0.018693562658031335,0.03470668720461535,0.04261847325534161,0.0092716813,0.024243541,0.041600164,0.0012284861,-0.0091788583
0.00933953,0.018943422050248238,0.03377377899038678,0.04232187857067172,0.0095747821,0.024643637,0.041049268,0.00080891472,-0.010268625
0.023786053,0.012728899377590457,0.019130803474010877,0.026456377272751894,0.0060085333,0.016378643,0.024737924,0.0010780301,-0.0093173422
0.013387626,0.008807190845066423,0.012074157725823672,0.022930518817822917,0.0077789393,0.012869747,0.018499723,0.0047704214,-0.012681168
0.019397235,0.009291657603474252,0.01174919594849293,0.022862312037131554,0.007478117,0.013268361,0.018477511,0.00028532077,-0.013460516
0.0077809747,0.009011473540246617,0.013304112815275911,0.02129392888720226,0.008503492,0.013399226,0.018672593,0.0024393157,-0.0099405944
0.023305189,0.006333123176890242,0.007080651360380975,0.01495070867469357,0.0087186042,0.010580882,0.011574748,0.0024256899,-0.0091468534
0.016097115,0.007117844513177151,0.028652990229065443,0.030131257826499915,0.014498975,0.013886994,0.030003117,-0.00083032215,0.0026488174
0.0081910538,0.004048012753978649,0.0073632253552182395,0.012942696233482104,0.010745549,0.0089588156,0.010509417,0.0047001438,-0.0059138979
0.024394283,0.003434296412098364,0.02069792259596643,0.023609099496844383,0.015143168,0.010158777,0.023204703,0.0040074666,-0.0016945646
0.021498818,0.0013752218911531446,0.02101713531907912,0.023215135054409752,0.015828026,0.008212585,0.023075834,-0.0024736407,-0.00057400565
0.025372792,0.0197040853409687,0.03550894372653933,0.044833388735825964,0.0098534171,0.025588265,0.043317847,0.0029627308,-0.011172247
0.020104043,0.02364137094461545,0.03628607064458878,0.04525307981159743,0.0053098588,0.02793695,0.043952342,0.0014179703,-0.010678119
0.032022182,0.03554819342242087,0.021360488013115547,0.031445572709285385,-0.028351413,0.026583688,0.028678184,-0.00037634073,-0.012893571
0.045356773,0.03771336218084552,0.022160222332152188,0.03365085670643413,-0.029073304,0.028629417,0.030264743,0.0019281268,-0.014584506
0.035113219,0.039406325523683554,0.02225175907100719,0.03330787911400608,-0.031903654,0.029267173,0.030163528,0.00065865705,-0.014111788
0.028491043,0.018964133963080658,0.024075158233240697,0.028787863157699056,-0.0057256017,0.01817151,0.028283892,0.0018952937,-0.0050170091
0.028636739,0.033009132032367106,0.019381802915107445,0.02938901043067652,-0.024119304,0.025621776,0.026473101,1.8158617e-05,-0.012762779
0.044423316,0.03389198134264835,0.02337178238432596,0.03411917186221102,-0.023729136,0.026746485,0.03120408,0.0016804325,-0.013696694
0.037860867,0.03430200829640952,0.02508691522549669,0.0338816996296497,-0.023589116,0.027251357,0.031990118,0.00028296199,-0.011158936
0.036555391,0.030745035071629484,0.020833010406810484,0.03145947747359014,-0.021599717,0.024231652,0.028387131,0.0002317427,-0.013557869
0.050214566,0.028723471601427693,0.021443628946767126,0.03156363497709443,-0.020372298,0.022556514,0.02878735,-0.00040067799,-0.012937967
0.03586828,0.027890901210014297,0.02146069535449199,0.03288193070758007,-0.019318828,0.022099214,0.02948897,3.0485544e-05,-0.014547202
0.045420904,0.026108050662196555,0.021069624331398074,0.032137591683560424,-0.018049499,0.020701194,0.028875168,0.00042637895,-0.014102045
0.042989887,0.028863426394764052,0.03074701881318056,0.03443514477801261,-0.012697476,0.025966324,0.034346715,0.0010642484,-0.0022248011
0.037905313,0.02447704348268421,0.01803177550206341,0.02968512590168226,-0.015249765,0.020117749,0.025792042,0.0015571633,-0.014613436
0.030788073,0.025557171817032816,0.027153751507674382,0.03123585061228835,-0.010773475,0.02319123,0.03100466,0.0013429064,-0.0035476787
0.029438244,0.021253662727618937,0.01622353280665137,0.023090163997585775,-0.009737473,0.018955825,0.021353031,0.0002273002,-0.0087836254
0.04243435,0.02150819866279987,0.015518067486397983,0.020940341012604623,-0.010040501,0.019103715,0.019759994,0.0011433949,-0.0068361661
0.036763102,0.020873364529572246,0.01629690669314829,0.021725584125944074,-0.009583801,0.018607914,0.02060926,0.00065131421,-0.0068436246
0.04898753,0.02291431400429364,0.03035822242149217,0.03362737519255208,-0.0070624044,0.02189539,0.033513758,0.0024590681,-0.0012575258
0.049269788,0.018495040424413862,0.022575508057155958,0.025720213823516858,-0.0064923689,0.017336432,0.025462214,0.0028864334,-0.002207614
0.043407701,0.01857290518899323,0.02036196645242073,0.023355420423284996,-0.0071296981,0.017150491,0.023190841,0.0011408223,-0.0025217219
0.036373511,0.018361100679062936,0.02584681092219447,0.029287001686190375,-0.0051365527,0.017766435,0.02916022,0.00095981854,-0.0025473095
0.032536816,0.027578936567822177,0.03491715081308537,0.04391006517320766,-0.0039282329,0.028293228,0.042544559,-6.7169305e-05,-0.010865073
0.033790354,0.01433563226580174,0.021100230334555933,0.027711127256948152,0.0009233884,0.015965618,0.026381012,0.0023582396,-0.0081478516
0.039761052,0.014738342221400993,0.02234632208854786,0.02851624027124713,0.0011834247,0.016513485,0.027438685,0.0021875557,-0.0074504446
0.04464161,0.015659190717591212,0.023641997426373802,0.029280516022539286,0.0014294621,0.017618295,0.028435143,0.0026030587,-0.0064819246
0.045491271,0.021895779866708074,0.03268896618553057,0.04173465898705586,0.0052529555,0.026016455,0.04015208,0.0031777101,-0.010931349
0.037451148,0.02221601977062814,0.033671796837292794,0.043251243890711756,0.006100907,0.026724285,0.041544683,0.0028098722,-0.011696753
0.034373205,0.01830780984615994,0.03140105411631081,0.03907849500496134,0.0072516641,0.022967028,0.037969951,0.0016860745,-0.0090867346
0.029131614,0.010541177461328596,0.012937396338649848,0.025286338823151056,0.0069701555,0.014410173,0.020336093,0.0026189056,-0.014798094
0.047389191,0.011385465125163882,0.013588428460431571,0.02238217005189391,0.0054733702,0.014692026,0.019358633,0.0029890316,-0.010829153
0.047989972,0.015593979641489042,0.031109279778271666,0.03732953216441025,0.011155254,0.021675806,0.0366401,0.002469775,-0.0067005414
0.038431101,0.009057955607025495,0.010037133037080308,0.021177443333708072,0.0065388,0.01261576,0.016464565,0.0024066838,-0.013100003
0.034159128,0.009747283192333787,0.010741363758365575,0.023609549193364023,0.0072955936,0.013685858,0.018025732,0.0028665259,-0.014975541
0.045738723,0.00887668507765781,0.010959241930527141,0.018588985088402923,0.0076970551,0.012910485,0.015918588,0.0016656857,-0.0094538042
0.043585211,0.006708221777927856,0.022748300477672092,0.02552401026910457,0.013129294,0.012860601,0.025326636,0.0028188189,-0.0014459838
0.029352007,0.006811338222400599,0.025641228175956512,0.028176036655989216,0.014236039,0.013442408,0.028161058,0.00057101512,-0.00071958022
0.034907188,0.005604234792367154,0.014156229902461844,0.021303142014502622,0.013353276,0.011756348,0.019247307,0.00055258512,-0.0091137085
0.049770363,0.00376718678691379,0.011358765587778381,0.014959579752052407,0.01265892,0.0094659152,0.01404363,0.0032329343,-0.0040141772
0.039808523,0.003435321251412369,0.014275611612738388,0.018800185099376806,0.014537037,0.009902603,0.017920351,0.00014883673,-0.0056820619
0.029001284,0.023000125217115308,0.03554062883979942,0.045954375555079974,0.0067892256,0.02786828,0.044038668,0.0029722184,-0.012789303
0.047236335,0.02624220943631775,0.03500419251347547,0.04375043429240515,0.00069016922,0.028801456,0.042408995,0.0030024315,-0.010322938
0.05117169,0.035255613610653484,0.02017947759549172,0.030835151172111514,-0.027667252,0.02655625,0.02768524,-4.0376512e-05,-0.013576907
0.069073133,0.03553199170962311,0.019433930503119375,0.0301484399891235,-0.027724773,0.02683208,0.026889758,0.000781896,-0.013610951
0.056838248,0.03533748340829968,0.021038656988595167,0.03207479158155201,-0.026571199,0.027110437,0.028826134,-1.4869281e-06,-0.014065783
0.069254756,0.03935851827617877,0.01939738180391677,0.03130992352647843,-0.032072689,0.029143486,0.027451094,0.00096983247,-0.015026915
0.063083939,0.03524667189117696,0.026240998298140444,0.03336747029320324,-0.023707552,0.028227329,0.032179587,0.0017352988,-0.0086516468
0.070706017,0.03192073675288026,0.01801166450409401,0.027415393929396122,-0.023976557,0.024499979,0.024631653,0.0015912063,-0.011931201
0.060731027,0.031034423274234724,0.019486965334087086,0.029231665660635807,-0.022358876,0.024223788,0.026445184,0.00083103398,-0.012427868
0.050847121,0.03155103351294487,0.021204561854860998,0.030464433615980557,-0.021679316,0.025073469,0.028064886,0.00027141607,-0.011847794
0.067327425,0.02963237418316674,0.019529477267845183,0.02890446111993396,-0.020929195,0.023307521,0.026295636,0.00089677126,-0.011966754
0.056120038,0.029069958551041306,0.021942101541965728,0.031690560763363865,-0.019404221,0.023343848,0.029119154,0.001231154,-0.012443905
0.062834479,0.025725157440673743,0.019054017583540205,0.029787335257531838,-0.01670892,0.020854276,0.026481204,0.00071117777,-0.013620771
0.059496146,0.028764764632717193,0.03261670583915069,0.03742429650771367,-0.011129128,0.026524866,0.037092447,0.0030747345,-0.0039082416
0.052439656,0.025336678890845003,0.01857237786819163,0.02953891722398941,-0.01370417,0.021707689,0.026063079,0.0009649971,-0.013868393
0.069584176,0.02592538879464252,0.01765199306705651,0.028382822871896828,-0.014364723,0.022066852,0.024930654,0.00052815978,-0.013556112
0.061248545,0.021710031202481973,0.013520490255709195,0.021169873168494897,-0.012634452,0.018221911,0.018808383,0.00043341622,-0.0097067198
0.056342348,0.02169994010850089,0.016510882250540353,0.023588688410980985,-0.010207044,0.019241322,0.02168596,0.0028515887,-0.0088325422
0.066843979,0.021644058527036318,0.015939109635279235,0.02419352876840681,-0.0096783023,0.019405052,0.021781234,0.0004767098,-0.010520334
0.071265705,0.02087752683169745,0.0177192129902721,0.022590497491815655,-0.0094668465,0.01866208,0.021760229,0.0013548135,-0.0059150225
0.054577924,0.019278291169493138,0.02287857327582472,0.026652893671424822,-0.0066715823,0.018111253,0.026200715,0.0037200947,-0.0031717771
0.062464423,0.01775170155913799,0.023085780975052567,0.02661793323426126,-0.0045056553,0.017372208,0.026420452,0.00070280628,-0.0031591374
0.064212315,0.030019055846824377,0.02974053901819711,0.04010878441498433,-0.00838261,0.029053306,0.037770521,0.0040683053,-0.012866671
0.06900128,0.017820185756500566,0.027373764296986618,0.03079428208559241,-0.0027353065,0.018198075,0.030568026,0.0031714099,-0.0019559537
0.05297216,0.015470642154813427,0.02599819891502942,0.03047775231217973,-0.001322537,0.016245309,0.030099079,0.001956346,-0.0043716747
0.05999285,0.0203407640337574,0.02895303849421043,0.033674486895312085,0.00013257773,0.022153676,0.033226322,0.0035409154,-0.0041766628
0.064659879,0.015457274067501208,0.023746621503970423,0.029019400999506825,-0.00030879356,0.016661095,0.028245987,0.0033187112,-0.0057685361
0.060567208,0.013307485635734365,0.01933323651155654,0.02680942697144367,0.0042286864,0.016251696,0.025030313,0.0014849745,-0.0094880797
0.054684192,0.018268597213279326,0.032555143571048675,0.03892050394801734,0.0067508477,0.022711845,0.038198803,0.0033374685,-0.0066722096
0.054232389,0.011376790202353422,0.015089436671153783,0.023993406163504115,0.0054518874,0.014673483,0.021167887,0.0010211277,-0.011249951
0.064484306,0.011586838927605082,0.01813617740269135,0.026225251204988153,0.006578431,0.015379861,0.023911994,0.0041989274,-0.0099171242
0.068757154,0.008934047670887412,0.010631125139068954,0.019063396532571875,0.0074084103,0.012850279,0.015842177,0.0031866571,-0.010113542
0.05915831,0.00786546331354299,0.010653006015331333,0.01991894462416455,0.0080958968,0.011981232,0.016359776,0.0013974822,-0.011276929
0.054512274,0.010050096639195571,0.031818930972910255,0.03391217208087396,0.013364089,0.016590746,0.033651516,0.0036001536,0.0021563349
0.054882988,0.004704504053883892,0.008224280554380242,0.013813850808321492,0.011293474,0.0099045821,0.011550746,0.0044062552,-0.0061634127
0.071118355,0.005448853505409629,0.015730957279621278,0.01950456527512843,0.012263089,0.011124791,0.018642658,0.0044148401,-0.0036590376
0.060474645,0.004926173375834254,0.024663414531368354,0.02661547889255665,0.016024424,0.012153564,0.026580261,0.0012733486,0.00050202111
0.067098588,0.002902314578119898,0.011564594971917736,0.014190055184387394,0.013305838,0.0088009527,0.013828239,-0.0011212782,-0.0029799677
0.060886096,0.024921151183115657,0.033441341166874916,0.043235402281414675,0.0033026289,0.028475234,0.041288458,0.0052983365,-0.011682931
0.071206301,0.023214237511838168,0.03347159165228383,0.04206015620422142,0.0080758529,0.028647024,0.040566102,0.0050362595,-0.0099037467
0.064741343,0.023648108823395766,0.03541934791417713,0.04450109399806743,0.0083089937,0.029217327,0.043021876,0.0038579546,-0.010704286
0.083750896,0.03799473775220652,0.019402100013614094,0.029364213467402228,-0.029019186,0.028958064,0.026443576,0.0017867462,-0.012641276
0.078932241,0.03909401930618656,0.019280497197429896,0.030478823146079137,-0.031132972,0.029255031,0.026953856,0.0014472394,-0.014154639
0.076053828,0.03386887494578068,0.017580598249860108,0.027690227058713397,-0.025683926,0.025891624,0.024526281,0.0013128443,-0.01278619
0.086958766,0.03646791314580876,0.02308132698679851,0.0304939523970751,-0.025321158,0.028869102,0.028996989,0.0019155524,-0.0092404773
0.079586983,0.032181711483088196,0.01736131713143856,0.026876724610196467,-0.024068227,0.02474458,0.023973925,0.0015811534,-0.012046128
0.090754382,0.03334220405228643,0.017962172751789424,0.026744051425352553,-0.023831271,0.026105875,0.024103649,0.0041613136,-0.010813966
0.085771225,0.03026275081623378,0.018655158333472303,0.027469226339864334,-0.021126941,0.023908399,0.025036115,0.0012155838,-0.011237157
0.073485114,0.017335731700014262,0.023596204950996656,0.027419920871581037,-0.0046036984,0.016878698,0.027121598,0.0019971824,-0.0035046034
0.090875022,0.02769079056371608,0.01794367129773036,0.02802190956503138,-0.018762408,0.022118008,0.024754675,0.0043354947,-0.012395038
0.074405372,0.029224811655203808,0.020028896605859013,0.02818244882715041,-0.017618462,0.024270084,0.026128292,0.0023641356,-0.01029435
0.080165014,0.026734876372265137,0.01873432401596043,0.028050682952369364,-0.017619621,0.021564625,0.025359668,0.0021362994,-0.011796791
0.083818555,0.024008002133854095,0.01635498955847173,0.026645060900490243,-0.015107123,0.019668749,0.023229465,0.0021843151,-0.012867789
0.076661311,0.025036421785788104,0.020405228874218327,0.02835668018171294,-0.01127868,0.022411061,0.026371609,0.0032468468,-0.00990442
0.090038694,0.024195089203500254,0.014659096053647023,0.024537233094121,-0.01194584,0.021213878,0.020993009,0.0043383883,-0.011939337
0.082421273,0.020559141243892756,0.01389620536865424,0.019811586554219784,-0.010230436,0.017992074,0.018133381,0.0035335836,-0.0071549453
0.088608913,0.0206170291353799,0.014595276697099022,0.02017903795414921,-0.0098478906,0.018217342,0.018820131,0.0020553127,-0.0069836904
0.077903166,0.020455108458308394,0.023364979158157932,0.028882542617473958,-0.0061343294,0.019617751,0.027943727,0.0041170311,-0.0060331952
0.089962631,0.017841400323405737,0.022675971503954295,0.026558563941364268,-0.0050125904,0.017254472,0.026139157,0.0030875255,-0.0035452752
0.081909202,0.030378022923602026,0.02753020647238026,0.03575830542673646,-0.010047391,0.028736616,0.034096956,0.0043188795,-0.0098692086
0.085510038,0.027309021185897592,0.028628515767083515,0.038072804624273045,-0.002265184,0.028705925,0.036006637,0.0044148667,-0.011557227
0.084895723,0.0173786355871753,0.02246100098122242,0.027273480663309944,-0.0021688545,0.017958837,0.026455762,0.0045273588,-0.0048413249
0.078352429,0.016217577799059753,0.023267747838611835,0.028187435081111642,-8.1507635e-05,0.017583536,0.027484089,0.0034820486,-0.0051992005
0.085991412,0.02281295947036436,0.02895696141655211,0.036766943376951,0.0030705726,0.026086476,0.03528719,0.005023032,-0.0090217236
0.086391389,0.014391533328974993,0.019259056746429342,0.02636948818132984,0.0025332726,0.016709702,0.024397634,0.0057507697,-0.00818743
0.077010661,0.013167804496432428,0.018036705442151385,0.02649653149090161,0.0032522564,0.015685482,0.024112169,0.0027184463,-0.010643286
0.073675334,0.012933956772377374,0.023975669011553027,0.028140524349847984,0.0073504993,0.01717104,0.027618011,0.0039272127,-0.003702915
0.08616595,0.011370795255392396,0.013827212109800927,0.02414535746456534,0.0048349313,0.014405088,0.020173134,0.0053608925,-0.012136877
0.091839187,0.01418915601873164,0.02543184426238744,0.028803718975771036,0.0087266499,0.01911878,0.028395955,0.0044779531,-0.0018088401
0.07642474,0.007890240540828382,0.009612607587668787,0.017987577590254083,0.0074106995,0.0117173,0.01465972,0.0031544224,-0.0099345446
0.07607352,0.0031063768281589374,0.022132038240700123,0.024824863757888102,0.015434984,0.0099264067,0.024379715,0.0046125362,-0.00079238054
0.082947791,0.007630227388876127,0.01152353907298705,0.017851947531586938,0.0092600742,0.012219845,0.015881596,0.0019239942,-0.0079224482
0.089318685,0.006795080869109979,0.011855687141539114,0.016553028055363114,0.010301903,0.011754805,0.015159965,0.0039136088,-0.005372324
0.084336542,0.0038914524090512184,0.01805727663699256,0.021260605782517743,0.013260087,0.0098560927,0.020942016,0.0019227666,-0.0031222256
0.091763958,0.004380893681353097,0.01721958076112059,0.020299759601667407,0.013625969,0.01054311,0.019930158,0.0025614572,-0.0028823565
0.081166163,0.02267227357587548,0.031275705662121435,0.04031174543137353,0.0056055253,0.027009664,0.038511205,0.0052730269,-0.010682654
0.089931779,0.02344471887610035,0.02901727122877198,0.037225309455350415,0.0047602267,0.02749001,0.035602376,0.0050837221,-0.0096099041
0.076128945,0.02518893020895898,0.029102429075640014,0.03890606410026064,0.002749139,0.028531196,0.036692999,0.0049226829,-0.011961306
0.094936557,0.03541526990596069,0.015968079011621596,0.024431898893388537,-0.026964549,0.027027974,0.021855932,0.002530894,-0.01062217
0.11164016,0.03527237451153668,0.012816352666884342,0.020173568347096313,-0.027420998,0.026678987,0.017840071,0.0018856599,-0.0092276223
0.10284686,0.036008335538106014,0.016628698896804493,0.024328179746724868,-0.026739763,0.027767673,0.022218598,0.0015594114,-0.00978583
0.099588461,0.03853536337668188,0.015032194293579479,0.023837908196775604,-0.031575277,0.028460382,0.021059267,0.00080067833,-0.011140559
0.11003267,0.0385612633956252,0.014823579295853522,0.02200845436245107,-0.029539648,0.029352592,0.01997974,0.0013424252,-0.0091312621
0.1033685,0.032351428527981285,0.014083924108873238,0.02176526609747672,-0.025024658,0.024522973,0.01939106,0.0021985676,-0.0096374219
0.097253025,0.030049184991370895,0.015441334869792177,0.023838290414389597,-0.022113929,0.023257438,0.021215996,0.0029458541,-0.010462674
0.11551831,0.03070741050288085,0.01136350316998022,0.018181544923540963,-0.022488531,0.023813499,0.015942728,0.002134158,-0.0084760468
0.11108021,0.030506696463813848,0.012838252222894128,0.019684799876375683,-0.02217979,0.023726504,0.017625352,0.0013204031,-0.0086657284
0.095875077,0.018221946085949677,0.02248338711452095,0.026382886673946882,-0.0048860619,0.01772159,0.025926512,0.0033705966,-0.0035371971
0.1007914,0.028293671208907387,0.016542692428887677,0.024840129098493476,-0.018377647,0.022936275,0.022436099,0.0017371965,-0.010518347
0.096086107,0.025356680461370976,0.01668172492256473,0.025368127726357877,-0.014612921,0.021343676,0.022692749,0.0035566175,-0.01076715
0.10746011,0.030010920552854325,0.018209198973239582,0.0233935885488484,-0.016792068,0.025474865,0.022365183,0.0031649598,-0.0060861814
0.10265375,0.0243588281524037,0.015060243515422555,0.022371257960941842,-0.013073338,0.020913163,0.02030066,0.0014859909,-0.0092816064
0.10786755,0.023313891916126823,0.011984359563292572,0.017714225168903457,-0.013634473,0.019539798,0.015960313,0.0033253389,-0.0069285138
0.11682634,0.022866165592245132,0.010700625972527685,0.015621794325114582,-0.013612363,0.019062791,0.014214862,0.0021781437,-0.0061019543
0.098416619,0.02222063396547481,0.02004039968849941,0.025420448577688163,-0.00784906,0.020807888,0.02422653,0.00508059,-0.0057846396
0.10741729,0.02035589502965375,0.010999138468965634,0.014570592041301761,-0.010283387,0.017748799,0.013696657,0.0027843798,-0.0041171554
0.11390233,0.020402166979113276,0.014428623913099178,0.01791324748738022,-0.0089154802,0.018379709,0.017084893,0.0042371666,-0.0033222411
0.10715397,0.018168258948751098,0.018984791101967838,0.022075917882730074,-0.0069560632,0.016784603,0.02171126,0.003067632,-0.0025606588
0.11105594,0.02764993851504629,0.02284927544934232,0.02803624047683754,-0.0085355444,0.026414674,0.027327744,0.002095968,-0.0059018731
0.0955128,0.028423051543078684,0.027550284982569874,0.035913226368754186,-0.0051992154,0.028670741,0.034255315,0.0035325547,-0.010190892
0.097713225,0.016306993383996403,0.024221170305855372,0.02927561658292428,-0.0027392944,0.01655251,0.028372878,0.0053376327,-0.0048529576
0.1013898,0.021433281043170074,0.023782090115409257,0.029938823269072788,-0.00015263163,0.023219479,0.028638398,0.0057084099,-0.0066022235
0.095758416,0.009623216089759312,0.01665596856442367,0.02270193759391777,0.010642823,0.014971891,0.020809388,0.0064371293,-0.0063961479
0.10991348,0.016053958080267744,0.018321977772598298,0.022297899997749233,-0.00019259319,0.017358633,0.021612164,0.003731193,-0.0040235445
0.1142536,0.017435298218769175,0.016565411170681537,0.021598397094185515,0.00026405064,0.0190531,0.020460365,0.0037627746,-0.0058056652
0.11660562,0.02358252520903764,0.023665502123555643,0.031493744140124284,0.0031348621,0.026949791,0.029621771,0.0054266178,-0.0092172893
0.096999563,0.013489767337862215,0.017905690195195275,0.025616619462655494,0.0025879869,0.015753284,0.023450918,0.0041850284,-0.0094207842
0.10624236,0.012381488603272933,0.013870014329822678,0.020870977999815462,0.0027089743,0.01460065,0.018657947,0.0039930888,-0.0084577762
0.10159014,0.01224204191676436,0.013864764262271383,0.02265292698165482,0.0041716956,0.015070049,0.019539954,0.0044790599,-0.010549091
0.11446002,0.01978655516031092,0.025730073290577443,0.033789536891238474,0.0082973791,0.025017358,0.031922109,0.0059362571,-0.0093526794
0.10483995,0.016187579871042967,0.025638522443792496,0.031246128955555435,0.0090645086,0.021433201,0.029957261,0.0073688799,-0.0049580941
0.097305275,0.0031341519442168236,0.015041816431127604,0.019373064526743578,0.014362094,0.0095011657,0.018037409,0.0058303038,-0.0039968817
0.11470335,0.01043430371368079,0.00872998504626181,0.016148159692601152,0.0055158935,0.013676772,0.012938871,0.005205689,-0.0081393784
0.10927808,0.008897765248161708,0.012333325071927451,0.018590375654708453,0.0095487535,0.013719385,0.016305123,0.0057318127,-0.0068477262
0.10143146,0.006822595088091663,0.012892253635634265,0.01883501727651473,0.011737462,0.012394054,0.016621983,0.0063620713,-0.0061637331
0.10866676,0.004997188282929719,0.008087853013556714,0.01384497367085727,0.010584388,0.0099215535,0.011557531,0.0039350628,-0.0065285568
0.1044514,0.0038345947890236574,0.02081631974525239,0.025357212793739578,0.015341662,0.010677901,0.023880776,0.0079869181,-0.0029842784
0.11540818,0.004115072631598892,0.013091837466173931,0.01721996452476393,0.012421427,0.0097430348,0.015618932,0.0064616343,-0.0032898972
0.10257915,0.023047403715406797,0.027144938659911567,0.03568784551038091,0.0051569156,0.027226767,0.033766259,0.0056509478,-0.010076153
0.11366408,0.026856934745613084,0.02272507114524239,0.030516888912774393,2.8018703e-05,0.029188203,0.028797559,0.0028691301,-0.0096824169
0.1082472,0.0250540479520004,0.027700653341169595,0.03581052782685026,0.004773593,0.029243995,0.034179874,0.0046287645,-0.0096283257
0.13723916,0.03593517671934232,0.006365589658215157,0.010175702228111328,-0.029070884,0.026698694,0.0089614689,-2.4413148e-05,-0.0048204144
0.12164672,0.03569808569117619,0.011808097149100277,0.017310281375737868,-0.027780762,0.026988752,0.015794599,0.0011520475,-0.0069892253
0.12828141,0.03675053120988242,0.009521656848391713,0.014500900469168052,-0.028674714,0.027752627,0.013024945,0.00085716328,-0.0063160267
0.11782461,0.03714609212285648,0.012686173096993573,0.01902519946875436,-0.029117173,0.027994536,0.01720258,0.001040515,-0.0080589568
0.13710485,0.038461393255261676,0.007128358814509724,0.010816373628392833,-0.030233383,0.028949624,0.0097403061,-3.7453618e-05,-0.0047030812
0.12789157,0.032556138222835124,0.009646666960965432,0.014057486392093572,-0.024009725,0.025176175,0.01287048,0.00049202924,-0.005632191
0.13278212,0.03082990633932766,0.006827940518331686,0.01065918526338227,-0.023683164,0.023439482,0.0092727188,0.0029214253,-0.0043703765
0.12268136,0.03197692941258064,0.012068620225522055,0.01723170486233841,-0.021703726,0.025525784,0.01587704,0.0015440383,-0.0065166862
0.11961078,0.026719757044181995,0.012162593816887238,0.01838985286082583,-0.018606683,0.021129217,0.016516602,0.0021943396,-0.0077828928
0.13747492,0.031214377486910132,0.00637701004026537,0.008752343989055032,-0.021668972,0.02471213,0.0082025155,0.00055048207,-0.003003204
0.1362969,0.029032233121963593,0.008001974595837014,0.010994932236633255,-0.020118326,0.022999745,0.010257555,0.0014443063,-0.0036857943
0.12831207,0.02628603181406739,0.009671546213182992,0.01505241426140655,-0.016167641,0.021693347,0.013300338,0.0025226967,-0.0065811994
0.12415266,0.02603350585207906,0.011882272953470361,0.016930835992871446,-0.012803865,0.022846851,0.015582357,0.0020399068,-0.006299376
0.13675377,0.025328227918187434,0.00703479086873276,0.010864795068871197,-0.015947055,0.02074646,0.0097107394,1.4268465e-05,-0.0048728953
0.12434908,0.02297377434293289,0.017750576128550483,0.021201783460756126,-0.0058435579,0.022477355,0.020788353,0.0021890304,-0.0035451583
0.13723537,0.02828921681035171,0.012001331035861835,0.013368216450580797,-0.011855658,0.025699856,0.013348188,1.708092e-05,-0.00073129777
0.12023848,0.01983462232312947,0.010286700232788354,0.013175933114056178,-0.0096326228,0.017458742,0.012547882,0.0023866494,-0.0032341576
0.13027023,0.02105154286656718,0.006863684156021713,0.00983477121012488,-0.011134762,0.018143136,0.0088628903,0.0026820265,-0.0033134022
0.12449586,0.018631292711942853,0.012774054768817164,0.015054434388260598,-0.0068810871,0.01731945,0.014732822,0.0023488472,-0.0020156556
0.13732503,0.02201136000832612,0.004771662793373566,0.007734534481632156,-0.011792651,0.018906586,0.0067704129,-0.00011058804,-0.0037379544
0.13522412,0.018878888605003374,0.011798450685834698,0.012998866061996503,-0.0062120683,0.01787241,0.01273233,0.0026111598,0.00020034013
0.13766158,0.019868533133803427,0.007985735065729072,0.00924716823577336,-0.0082012266,0.018103173,0.0091686714,0.0003083699,-0.0011621072
0.11794353,0.029905854459912052,0.019187778316199788,0.023244279519853844,-0.012419866,0.027216615,0.022765214,0.0012545781,-0.0045241127
0.12827452,0.014755058256586498,0.01323308280321803,0.017156789338270657,-0.0015720901,0.015361998,0.016270583,0.0031144528,-0.0044636009
0.11892947,0.016510681040780226,0.01585078900598199,0.01921722409564293,-0.0009563858,0.017530588,0.018568337,0.0037978371,-0.0031772624
0.11839311,0.007067971394973684,0.011675981815481575,0.017335193574055052,0.010208278,0.012011521,0.014746452,0.0077103991,-0.0048580691
0.13717131,0.016352561448102064,0.010209055022178814,0.012370474329668663,-0.00067574286,0.017477939,0.012117885,-0.00057423627,-0.0024198659
0.12062231,0.012885641386028166,0.011596669072654785,0.016919711709355613,0.0021256544,0.014900737,0.015262137,0.0037358389,-0.0062759323
0.12723987,0.02139105748264664,0.016287936308480057,0.021847438921267955,0.0027669503,0.024412898,0.020554932,0.0030654056,-0.0067385938
0.13599513,0.015756766886618798,0.010939961954331154,0.013440518360798938,0.00087797147,0.017490204,0.013092691,0.0010633321,-0.0028457514
0.13683681,0.023801896199807507,0.012749222077304114,0.01661702084509852,0.0014860247,0.026488217,0.015898509,0.00027989634,-0.0048253965
0.13696131,0.020988493948129818,0.013608153794096602,0.017064276739840605,0.0053640539,0.025077974,0.01654271,-0.00059089751,-0.004144771
0.12700687,0.01618651977464984,0.02073947679612536,0.025836115913988433,0.0096599683,0.021684807,0.024923693,0.0038116244,-0.0056379014
0.12520379,0.011534763153803461,0.009583147947978356,0.01643311278867861,0.0064949892,0.015287869,0.013647199,0.0050662383,-0.0076245908
0.13689831,0.010420351681899802,0.007257404615000913,0.011517192713493997,0.0052791773,0.013561135,0.010091669,0.0019385529,-0.0052005728
0.12384509,0.0069467455451228885,0.01056987600459011,0.016477729581830778,0.0093595656,0.011519569,0.014096183,0.0059080143,-0.0061569931
0.13701591,0.017348220730567774,0.0158371531920217,0.0195535975504144,0.010115164,0.023140052,0.01902047,0.0015064656,-0.0042773192
0.12856998,0.006594069187146652,0.006621472868145618,0.012238000645393122,0.008472207,0.010759774,0.0092695132,0.006318273,-0.0048912382
0.13782609,0.012012451513072484,0.009159601092438586,0.01368320691655773,0.0076316651,0.016289301,0.012242452,0.0028637673,-0.0053991997
0.13365526,0.0068996465317138,0.007901436362418576,0.013972337121427762,0.009884797,0.01169135,0.0098201456,0.0095030274,-0.0029126303
0.13869882,0.008607788252575924,0.01431535040807363,0.018086732328709075,0.013784688,0.015202413,0.016656116,0.0065523465,-0.0026020072
0.13375527,0.0036254949811501454,0.011353842094687872,0.015677508848318054,0.013071702,0.0094872024,0.01247786,0.0094854105,-0.00033805496
0.12378258,0.02288018519965894,0.020972435219535658,0.027413809469758812,0.0054562539,0.027172169,0.026148126,0.0022285981,-0.0079262732
0.12846842,0.027499313817237064,0.01823574651739548,0.023913594465769513,-0.0013287265,0.029310154,0.022764646,0.0022800968,-0.006959314
-0.12740777,0.05663996101519553,0.02065037389973792,0.027334488164388895,-0.038199961,0.045316488,0.025999043,-0.00082196086,-0.0083993087
-0.12801895,0.052744437098766785,0.020147490802582217,0.027584771686011395,-0.032750644,0.043397643,0.025905302,-0.00048915314,-0.0094654998
-0.13751362,0.05482216975348788,0.011677681681360474,0.016132387539244657,-0.036899228,0.04389384,0.015097545,0.00021470444,-0.0056808419
-0.13501735,0.048630808712409525,0.013405119776976906,0.018452469581884682,-0.031110097,0.039625131,0.017293371,0.00022688966,-0.0064328434
-0.12762417,0.0405573129589792,0.008480058685412026,0.013232341695097993,-0.033979271,0.029636513,0.011772727,-0.00034017858,-0.006031753
-0.13630538,0.04653275650901543,0.012240864971726714,0.016257436294753243,-0.030755047,0.0374966,0.015430568,0.00098023226,-0.0050240373
-0.13713698,0.04120904963192006,0.006281260918144371,0.009974778826241173,-0.032907888,0.030799309,0.0088055665,-0.00039884457,-0.0046689543
-0.13722207,0.055178729514930025,0.01599445111899936,0.02233169419935914,-0.030689122,0.046917226,0.020809254,-0.00049990782,-0.0080888569
-0.13592087,0.05927773239902889,0.02002405362448676,0.026127688106396114,-0.031180007,0.051161852,0.02499016,1.1824133e-05,-0.0076254737
-0.13613172,0.04757063468480913,0.013241306702726462,0.019312966964928523,-0.023822661,0.041566733,0.017676786,-0.00061344879,-0.0077553601
-0.13534839,0.05149633648731859,0.01807526419019977,0.024253486162028326,-0.021899112,0.046647958,0.022957018,-6.2251682e-05,-0.0078232372
-0.13785343,0.04464420083871727,0.011886947681040495,0.017836994583172665,-0.021634527,0.039316379,0.01613017,-0.00074177718,-0.0075779785
-0.13549584,0.038588499166589796,0.011385923221312943,0.015276248782088395,-0.020855712,0.033068292,0.0144552,0.00051079673,-0.0049142707
-0.12723768,0.03676418948336478,0.018184947718736494,0.025998272506298346,-0.013110054,0.034374271,0.023987604,-0.0010466668,-0.0099704321
-0.1361419,0.047010076164742266,0.018886666623188646,0.02574112920163053,-0.011247426,0.046295635,0.024218351,-0.00026738583,-0.0087181255
-0.13588555,0.043846027289702126,0.01853031615478106,0.02541812624952383,-0.009862111,0.043446369,0.023852069,-0.00054373627,-0.0087672286
-0.13592601,0.0395357400630903,0.013765039358884155,0.019638966960939343,-0.013544171,0.037200902,0.018142056,0.00037224079,-0.0075110761
-0.13701448,0.03687559295746244,0.011077876260730798,0.01617227630623223,-0.014172596,0.034044273,0.014792299,0.00072238664,-0.0064968122
-0.13642746,0.03775111466504706,0.016635413608708533,0.021834151125854368,-0.0071981801,0.037955869,0.020834789,-0.00052906515,-0.0065085953
-0.13674058,0.03210632890692986,0.011397898899712232,0.016021727690698304,-0.010130666,0.030578831,0.014886634,-0.00052315998,-0.0059000161
-0.13708983,0.03217763602892309,0.014447784056977775,0.018695219223309658,-0.0036982284,0.033386704,0.017933737,-0.00029704926,-0.0052729556
-0.12765816,0.030833434692439998,0.016924497606330507,0.023894241470988915,-0.0052317986,0.031275455,0.02215015,-0.0012932159,-0.0088675376
-0.13486691,0.04524489077573328,0.020568817944136106,0.02833471435462289,-0.0038781161,0.047506094,0.026530232,-0.0013395178,-0.0098594381
-0.13568243,0.05064808245832821,0.01932848219913381,0.026548188678801835,-0.014019046,0.049071338,0.024901684,0.00035165998,-0.0091972165
-0.13573551,0.05443922667405424,0.018969588264229283,0.026300819530521793,-0.020086044,0.050614599,0.024578845,-0.00030691756,-0.0093551744
-0.13628684,0.04477500557792178,0.02118270412235195,0.02809411261724177,0.00058188621,0.048888788,0.026704881,-0.00066528778,-0.0086997636
-0.13676362,0.03935574296065896,0.018006616310032263,0.025362804555206734,0.00096520031,0.043164223,0.023545662,-0.00088461669,-0.0093856864
-0.1361229,0.0348404365664182,0.01850462291322222,0.024269581398165117,0.0015068625,0.038488895,0.023168169,-0.00030638408,-0.007221818
-0.12840019,0.031732097658028494,0.02427730546872051,0.03209515241499045,0.0053432202,0.036740556,0.030444294,-0.0033600938,-0.0095892409
-0.13681303,0.02677389980298985,0.014846405605581814,0.019068290568377243,0.0024274399,0.030116491,0.018337512,0.0005037713,-0.0052039959
-0.10933428,0.05880602805118075,0.02971052585837416,0.03972472444372482,-0.037715316,0.047875337,0.037644073,-0.0010327286,-0.012645591
-0.12419079,0.05834701201526916,0.021398690169569207,0.028624215241251492,-0.040281054,0.046287589,0.027116586,0.00095838006,-0.0091169057
-0.10582349,0.05326091711565984,0.02919951309244221,0.03989995647951643,-0.034896843,0.043047719,0.037498225,-0.0008137087,-0.013609832
-0.11676715,0.05504828174821303,0.02352066185778509,0.032706968678996286,-0.036797479,0.044182669,0.030525599,-0.00079956662,-0.011717265
-0.11162066,0.05094350948982431,0.023792323676578304,0.03237014290959874,-0.035667855,0.040202904,0.030453365,-0.0016298966,-0.010851827
-0.10841287,0.05057742280386081,0.028363129136182098,0.03977209326145772,-0.027759805,0.04316197,0.036998972,-0.00069812656,-0.014574227
-0.11706374,0.04949695132423576,0.023703991484791492,0.03350430029580413,-0.029239105,0.041360263,0.031070177,-0.00039487673,-0.012531014
-0.12269993,0.04812928361768019,0.01939401215677648,0.02540097803175625,-0.033346821,0.038130861,0.024259649,-0.00041754285,-0.0075169657
-0.10775582,0.0397206861479657,0.01929389940041186,0.02631209292259272,-0.029177796,0.03076574,0.024704752,-0.0020439252,-0.0088217817
-0.12086903,0.040372844814897266,0.013584498805865541,0.019136881907117206,-0.030733041,0.030814057,0.017745912,-0.0013202196,-0.0070398776
-0.11476096,0.059047249496070466,0.02989357153969549,0.039273338752143484,-0.035068776,0.04926078,0.037466105,-0.00066253956,-0.011757855
-0.12327906,0.05688798880597686,0.02611427620100775,0.035161598258362736,-0.027865361,0.049972713,0.033235971,-0.00051959435,-0.011464652
-0.124135,0.049193295404817816,0.019557592153701238,0.028256926539862507,-0.025760388,0.042507011,0.025971683,-0.00011291316,-0.011131614
-0.11467297,0.0431081627786844,0.022073308511206313,0.02999820452201594,-0.024992326,0.036222387,0.028237512,-0.0013829187,-0.010031088
-0.1164672,0.053043737153324236,0.028860553454400126,0.03863954170175571,-0.023740236,0.047547482,0.036601488,-0.00067686214,-0.012364753
-0.1262725,0.05443098177749956,0.02584203515494272,0.034017122544566396,-0.023212338,0.049278609,0.032425422,-0.00080986286,-0.010251866
-0.11105155,0.04597947296548061,0.024245325243164292,0.03530196890331702,-0.022819195,0.040264104,0.032332532,-0.0012149729,-0.014119498
-0.12614214,0.045138731807163116,0.016348818876180133,0.025672632279999483,-0.022714864,0.039395042,0.022774665,-0.00093382597,-0.01181214
-0.10655583,0.041415953656078794,0.02324253588974736,0.033322340849555196,-0.020421671,0.036324166,0.030713303,-0.0011839117,-0.012871277
-0.12458665,0.041877028626892396,0.016610622086664903,0.024857114370643217,-0.021516232,0.036360446,0.022508128,0.00084394525,-0.010514184
-0.11855923,0.0466139803969438,0.025454562731110207,0.034600504122875714,-0.018717997,0.042694263,0.032586753,-0.00043633016,-0.011623598
-0.10748146,0.047115782226867575,0.03307169183681334,0.043305802926238354,-0.015419056,0.044639718,0.041344725,-0.0017746992,-0.012761533
-0.11236698,0.039232269521534,0.021979950363762685,0.03151865256172345,-0.015789427,0.035918169,0.029039266,-0.0015196201,-0.012158834
-0.11334223,0.04374495002713368,0.030847035133656994,0.03993256000125979,-0.011351367,0.042704411,0.038279276,-0.0017657733,-0.011233362
-0.12627366,0.04074039122397112,0.017505930955122803,0.025383331722984365,-0.016826708,0.037116233,0.023296239,-5.1762079e-05,-0.010079489
-0.12560099,0.0459337416958953,0.025057558480954898,0.033665130271174286,-0.012020812,0.044798065,0.031840947,-0.0010310916,-0.010882644
-0.10622657,0.033592475474837596,0.02404524159127213,0.03295241571450623,-0.012558204,0.031162893,0.030902807,-0.0020037771,-0.011263352
-0.11868452,0.03910942682939025,0.023884275266136384,0.03210320282351098,-0.012725468,0.037085291,0.030343227,-0.0016236438,-0.010357026
-0.11234511,0.035609397117937945,0.02443391730784916,0.033751301049519164,-0.011892661,0.033636503,0.031577077,-0.0012032773,-0.011857093
-0.12601283,0.03249044840683385,0.01752275170359141,0.024414096945931166,-0.011602808,0.030371236,0.022756418,-0.0011720008,-0.008764701
-0.11841115,0.03389910117266864,0.023236195583780074,0.03140068861192399,-0.0065803323,0.034033455,0.029592957,-0.0022882069,-0.010248134
-0.12464563,0.03975146175591057,0.024013506747469403,0.03259854172029394,-0.0040747058,0.041454803,0.03068688,-0.0018878677,-0.010835879
-0.11364634,0.030948666992127494,0.02318421162906549,0.032034508127110055,-0.0046808161,0.031634517,0.029930696,-0.0023326799,-0.01117684
-0.12439306,0.04471927241869952,0.025692890788744486,0.03589039364498079,-0.0058370098,0.046103582,0.033425219,-0.0014705008,-0.012988946
-0.11481584,0.04617576968703777,0.03094781661082789,0.04171619026004137,-0.0077637741,0.046868,0.039389204,-0.0020089862,-0.013590258
-0.10855443,0.04663444186399968,0.03333872032253553,0.044914725819366105,-0.0069034481,0.04773147,0.042387158,-0.0030701635,-0.014533944
-0.12379838,0.05057890515973768,0.02690188240468616,0.03698046813029843,-0.012535044,0.049626108,0.034656513,-0.0016600981,-0.012795515
-0.10776734,0.05195742183809621,0.03528999146199252,0.04703497869786053,-0.014788638,0.05016708,0.044617005,-0.001665,-0.014793237
-0.11326001,0.05628958362019214,0.032296321657595176,0.04295859563179419,-0.023272604,0.051272139,0.040792014,-0.00084605324,-0.013443836
-0.10737276,0.05690437732050453,0.034551839794104575,0.046232149203011726,-0.024403796,0.051459864,0.043802094,-0.00092431263,-0.014762582
-0.12598594,0.04940147891740212,0.028393191718771013,0.03795020031770739,-0.0051289881,0.051490683,0.035944041,-0.001988681,-0.012012026
-0.12322206,0.03260085840003225,0.022098350125733763,0.02941622212892504,-0.003064384,0.034115527,0.027898533,-0.0017106017,-0.0091684144
-0.10794043,0.03125344044333155,0.025919726459891487,0.03524716946289597,-0.0025607888,0.032865509,0.033115078,-0.0030634184,-0.011677758
-0.11154722,0.04068009997518342,0.03187358587021829,0.04238501195889882,-0.00096518273,0.043783553,0.040184572,-0.0031965906,-0.013094702
-0.10721889,0.03603684720919951,0.03277681282848492,0.04279391299508363,0.0011614071,0.039641991,0.040790014,-0.0042923507,-0.012209401
-0.11559571,0.03991627518414923,0.03239468277804938,0.0425823240366688,0.0019331588,0.044184037,0.04056159,-0.002829856,-0.012649255
-0.11898672,0.03774572133069591,0.029388808318199386,0.03959813381493676,0.002126199,0.041907974,0.037361059,-0.0028751534,-0.012802225
-0.10819666,0.027769088035162075,0.02748015515486645,0.0362487681551651,0.002225522,0.031111915,0.034389723,-0.0041361488,-0.010687021
-0.12648004,0.038715855621714465,0.025561015676128,0.03421318700649116,0.0024438964,0.043096744,0.03236711,-0.0023543937,-0.010833706
-0.1242007,0.02568023246066792,0.022494031104468935,0.030201664400414628,0.0036373606,0.029441955,0.028523464,-0.0024195693,-0.0096279914
-0.11477627,0.04697051769119006,0.034892768411095086,0.045549255842740735,-0.00039430449,0.050859537,0.043503437,-0.0028815297,-0.01318645
-0.087287217,0.05955848613412147,0.03622916612444628,0.04817907965040389,-0.040951665,0.047319029,0.045752656,-0.00098136952,-0.015065029
-0.10344171,0.06001434476786114,0.0306107140284221,0.04200351308915489,-0.04185205,0.047432065,0.039411176,-0.00081608479,-0.014504769
-0.096406214,0.058408940891185715,0.033969960091417006,0.04509687661103586,-0.039175104,0.046824314,0.042858828,-0.00014012399,-0.014029594
-0.091546752,0.05739940679420552,0.035746173532104436,0.047397254769188935,-0.036500312,0.046862978,0.045054734,-0.0013207697,-0.014656953
-0.1013967,0.056114106869207016,0.03327692044844023,0.04406850829048083,-0.035923298,0.045711607,0.041919611,0.00027243805,-0.013590637
-0.085543826,0.05365627576143248,0.037024950988624905,0.049449379653353005,-0.030126289,0.045502201,0.046876546,-0.0014459332,-0.015676092
-0.091305956,0.051911860051598285,0.0332045717684669,0.045439801572675194,-0.031522103,0.043014649,0.042649809,-0.0023753243,-0.015496038
-0.096722864,0.051837399655467874,0.03207939223432398,0.0440477189882404,-0.031686377,0.042864028,0.041303989,-0.0017277411,-0.015205162
-0.087153606,0.043969505043878684,0.028507648521086202,0.036260164373955246,-0.030996494,0.034609497,0.034979846,-0.0013974409,-0.0094475951
-0.10156736,0.0463446500401916,0.02751411667923702,0.03885900780010585,-0.026209999,0.039221507,0.036028776,-0.0016779966,-0.01446147
-0.09876962,0.040562158973131125,0.015348651787944844,0.025969400537400853,-0.032956976,0.030075716,0.02231322,-0.00021143352,-0.013284776
-0.092782795,0.03924428215647257,0.02350103521215507,0.031203888269985124,-0.027710205,0.030871149,0.029620048,-0.0018757751,-0.0096341511
-0.098951846,0.057166235431223594,0.036651919856380694,0.04939209515508179,-0.026630586,0.05079912,0.046656333,-0.0017801725,-0.016112003
-0.083171584,0.04950338819891112,0.03561452014660285,0.04821233994164062,-0.025266228,0.043053642,0.045468349,-0.0014394574,-0.01596831
-0.10070007,0.04995650826472452,0.03026334307350507,0.04286938116219505,-0.024982307,0.043666411,0.039698247,-0.0018934374,-0.016070094
-0.092317626,0.04622463205588399,0.030234113255880237,0.0429168359067714,-0.024010498,0.040024757,0.039682645,-0.0027694986,-0.016108146
-0.085947111,0.04652990428495404,0.033059156175425854,0.04610259772357361,-0.02254805,0.040977165,0.042947773,-0.0025235112,-0.01657016
-0.09415625,0.0516546898614888,0.03859768867550419,0.050634362005556155,-0.019067615,0.048021886,0.048314836,-0.0018254883,-0.015039376
-0.094582915,0.043189629152520774,0.028703880421700183,0.0414487331280984,-0.01987385,0.038483553,0.038061526,-0.0025892067,-0.016205361
-0.10135663,0.0450945012657578,0.03145320305492294,0.04228368781403834,-0.017126454,0.041719131,0.03996449,-0.0020903861,-0.013652109
-0.08629097,0.03570885850893918,0.028916043013469804,0.038476502020805235,-0.017548749,0.031343687,0.0365052,-0.001977375,-0.011995898
-0.086722925,0.04269948267729163,0.03286088712119162,0.04572483361988675,-0.016044971,0.03957634,0.042600885,-0.003394885,-0.016260374
-0.084596537,0.03717285707122328,0.02747955504781305,0.04255184865549345,-0.014803128,0.034099564,0.037912246,-0.0035793048,-0.018987101
-0.096082412,0.03822527323650855,0.02584562681118373,0.038290446462020816,-0.016166465,0.034664165,0.034816206,-0.0014050662,-0.015875008
-0.10219049,0.038320318387426756,0.024624016210763888,0.03631258907312953,-0.015411137,0.035088036,0.033061333,-0.0021253154,-0.01486726
-0.094924197,0.0428718049230054,0.03682158898187115,0.047281237806928236,-0.009797425,0.04241547,0.045394644,-0.0036625366,-0.012705415
-0.089793794,0.037652942741400686,0.03323562518268429,0.04383814754614578,-0.0083048651,0.037379459,0.04169751,-0.0030936417,-0.013173087
-0.096103847,0.03185389857077639,0.025334277211541134,0.03380986056132974,-0.01182772,0.029584244,0.032036524,-0.0019132691,-0.010635187
-0.084801808,0.03164153531367523,0.02549904433237904,0.0380375910318227,-0.0078283213,0.031051185,0.034456607,-0.0025135481,-0.015914856
-0.092901222,0.033345497796429376,0.028967271266079214,0.0408573372873436,-0.0060976446,0.033636931,0.037811741,-0.0040381644,-0.014942807
-0.10292937,0.039246918170087165,0.03247832124151251,0.042557798684240304,-0.0051430562,0.040453199,0.040582549,-0.0028910781,-0.012484575
-0.10105316,0.03300646277713438,0.027765759774374264,0.038039101965144484,-0.0069848369,0.032892026,0.035610449,-0.0037697451,-0.012831922
-0.088917837,0.04316112323471626,0.038751730686976855,0.05127238722324227,-0.0037696727,0.045288403,0.048677038,-0.0043820464,-0.01549843
-0.083088443,0.04022182424481052,0.03841503836148973,0.049251109458892925,-0.0051322766,0.041516874,0.047336206,-0.0032680845,-0.013201326
-0.090629324,0.048220954535547735,0.03939392338400726,0.05208936664028276,-0.010391423,0.047974437,0.049527671,-0.0029680743,-0.015858829
-0.099168487,0.0480125754454697,0.03673486759266244,0.049309155841221135,-0.0092166094,0.048246741,0.046635278,-0.002306002,-0.015850112
-0.089051716,0.05253282275964191,0.040646020062467016,0.053868902615110466,-0.016426565,0.050096914,0.051200058,-0.0022459505,-0.016594229
-0.10026273,0.05287568887605741,0.03794971914653598,0.05035292174922985,-0.016169867,0.050578352,0.047842875,-0.0018860281,-0.015585857
-0.084519863,0.05425325693359153,0.04204275954401384,0.056342895822086674,-0.017685946,0.05143135,0.053325262,-0.0024482547,-0.018026214
-0.096109085,0.04280099656413472,0.03683511472485178,0.048962727026417095,-0.0032715057,0.045108635,0.046461571,-0.0028473591,-0.015184321
-0.10296464,0.04602854307555379,0.03756343652098469,0.04902757816009092,-0.00261589,0.048893206,0.04683163,-0.0030141922,-0.014192128
-0.095700197,0.03068093650173685,0.030032091219529912,0.04003326031764777,-0.0013950551,0.032738388,0.037822399,-0.0047163488,-0.012242717
-0.090007447,0.028079688032017866,0.027911191417109335,0.03883950557630938,-0.0010665497,0.030051937,0.036103819,-0.0044115623,-0.013622025
-0.10087158,0.040363580835344054,0.03559564202168443,0.047223520123962706,0.00055564684,0.044085253,0.044843461,-0.0027537122,-0.014544481
-0.08341758,0.03005636635334769,0.03414502819406438,0.04311830947741821,0.0009611065,0.033060011,0.041543849,-0.0048363633,-0.010483645
-0.1016083,0.028506250559744536,0.02971487727646067,0.03865257840407505,0.003259795,0.032351762,0.03679581,-0.0051927022,-0.010636072
-0.093228132,0.026410004978547934,0.030018960393457285,0.039225900410266516,0.0037475086,0.030281506,0.03735923,-0.0042250776,-0.011185165
-0.062262319,0.06006703309991798,0.042411454562952595,0.055557303802269746,-0.040386532,0.048111379,0.053046722,-0.0016829378,-0.016426412
-0.081736207,0.05311406932421684,0.03255731243352518,0.0431156036294313,-0.038745157,0.041254677,0.041002247,-0.0012834937,-0.013271159
-0.081211127,0.05776196367631803,0.03813669188535625,0.05062069776955033,-0.036675334,0.047182553,0.048103582,-0.0011550431,-0.015721524
-0.068303853,0.05314587444697036,0.03879216361899209,0.05206066859644484,-0.03364161,0.043455556,0.049273949,-0.0003337377,-0.016801184
-0.062084343,0.05139633086603707,0.038603496643358146,0.051814937162297736,-0.031876799,0.042304039,0.049032778,-0.0010741745,-0.016715877
-0.078746215,0.052775558361002325,0.03650772013670889,0.04952640032231712,-0.032190971,0.043669019,0.046681363,-0.00037733628,-0.016540021
-0.062906243,0.04310972843081476,0.021427616850591687,0.032981995335145786,-0.034597892,0.032146767,0.029489223,-0.0020221213,-0.014632456
-0.071894117,0.04656592539116851,0.03380565907923658,0.044001158855101814,-0.030730514,0.037543047,0.042118017,-0.00087260327,-0.012704849
-0.072185643,0.049856903022679644,0.035872730413817666,0.04980845628982913,-0.027343363,0.042555995,0.046520751,-0.00057678373,-0.017786775
-0.068773888,0.04238488139000954,0.01987082317172725,0.030877099490790212,-0.034343038,0.031467501,0.027432119,-0.0033535904,-0.013770532
-0.078750417,0.04280823764598029,0.024180498945548613,0.033722047853657455,-0.032946266,0.032520313,0.03144015,-0.00051560276,-0.012183088
-0.0608464,0.0387522671291816,0.022335257700318637,0.0336999126961141,-0.02990897,0.029403323,0.030396106,-0.0017531913,-0.014446009
-0.075153947,0.05587454488572039,0.0425492653813654,0.05575836740517841,-0.026213691,0.04957284,0.053227097,-0.0019147485,-0.016498649
-0.069449387,0.059019812979152306,0.04416068569637253,0.05715413297552205,-0.033681728,0.049819741,0.05482414,-0.0007127744,-0.016136931
-0.06505537,0.05658883382945636,0.04320389082537884,0.057388836388905066,-0.027463384,0.049818352,0.054523539,-0.0010284085,-0.017877489
-0.073087491,0.06303198271170657,0.04093843677757778,0.0533030787125624,-0.042793348,0.05031075,0.051015716,-0.0010481637,-0.015411563
-0.073883913,0.03857404816491278,0.03067154575261277,0.038048706882438964,-0.024365475,0.031562787,0.037006587,-0.001673572,-0.0086842254
-0.077563398,0.0483124944042445,0.035274755077226966,0.04816245705520774,-0.02380899,0.042378463,0.04526652,-0.0016842007,-0.016362393
-0.064394221,0.04596389461034314,0.032187933882242635,0.047232363229172375,-0.023758262,0.03984857,0.043131087,-0.00086341944,-0.019231744
-0.066645592,0.05137579211683008,0.043780411941193635,0.05721240584335774,-0.019830413,0.047395114,0.054666478,-0.0021564281,-0.016738739
-0.068156347,0.043566485706883026,0.03315152893582509,0.047436298450392246,-0.020223435,0.038744565,0.043768473,-0.00091250159,-0.018267198
-0.073598169,0.04450581374191792,0.03499021816433174,0.047889248057918346,-0.018650731,0.040432587,0.044979978,-0.00084325642,-0.016415559
-0.079892129,0.04238377506685399,0.031567295451874304,0.04567576246769932,-0.017772345,0.038500141,0.041900195,-0.0030838449,-0.017920347
-0.063554801,0.03817609297511237,0.031275398158379444,0.04381528560139784,-0.016033059,0.034667365,0.040754478,-0.0019663204,-0.015968261
-0.073823065,0.034603738556163624,0.028049259597493926,0.0365880395492036,-0.016494697,0.030590547,0.034922235,-0.0030308922,-0.010485029
-0.068855621,0.04676138670117198,0.04207035628297859,0.055536901180101045,-0.010908458,0.046169352,0.052857086,-0.002542567,-0.016852632
-0.079419032,0.04646984804909307,0.04104831069598318,0.05383074652632987,-0.010422038,0.046059109,0.051341359,-0.0030137517,-0.015897529
-0.077601589,0.03704064786587719,0.03100412943155848,0.04561146864998497,-0.012810049,0.034801949,0.041501284,-0.004322459,-0.018421885
-0.071033999,0.03786330101774881,0.032679910278666284,0.0455652397116803,-0.012701823,0.035741586,0.042472821,-0.0016041888,-0.016421849
-0.067378297,0.04167406197082357,0.04054008438550118,0.05230800445513316,-0.0085034743,0.041663539,0.05018203,-0.002931949,-0.014467027
-0.065590717,0.03437217018622099,0.031362284688768165,0.04302235235272132,-0.0098654116,0.033152945,0.040358536,-0.0016380221,-0.014813111
-0.072939239,0.032591571214986716,0.03052686161573265,0.04129807759989349,-0.0082395244,0.031908721,0.038847614,-0.0041299351,-0.013391704
-0.079418235,0.034830355245764194,0.03481482136216495,0.04455720345999185,-0.0036438578,0.036291592,0.042836938,-0.0032754806,-0.011815767
-0.073174693,0.04360716910789854,0.0407788643147905,0.0542951846051948,-0.0036502276,0.045823671,0.051450361,-0.0041364096,-0.016843917
-0.077830993,0.051855604799821806,0.04273003841950729,0.05680369415236649,-0.016254308,0.04943433,0.053912278,-0.0029320745,-0.017650181
-0.070262566,0.049807780530266965,0.043966493275686254,0.05826417035550958,-0.0095432028,0.05005835,0.055353504,-0.0033123763,-0.017881032
-0.081625164,0.04983675876771665,0.041890657232883884,0.0554593494382169,-0.0087906206,0.050409283,0.052715149,-0.0029316877,-0.016978154
-0.063077524,0.05264581187515366,0.04624006890310387,0.06078219199945118,-0.013424667,0.051493891,0.057928883,-0.0031688521,-0.018129472
-0.061871421,0.04532068185580942,0.04500720155687359,0.05821065910539125,-0.0030212135,0.047952164,0.055772789,-0.0039069904,-0.016205316
-0.061937165,0.041666376548421875,0.042759872410512156,0.05573647577816785,-0.0025274728,0.044191852,0.053243108,-0.0039762575,-0.015997361
-0.068478368,0.030641019225593154,0.03341073672998682,0.04252437529857127,-0.0024368612,0.032252803,0.040924925,-0.0038154628,-0.010904827
-0.081114769,0.043175147543358335,0.04034794131005475,0.05329563998657421,-0.0017635736,0.046155177,0.050650034,-0.0041271104,-0.016061328
-0.076879412,0.02986257809457817,0.030833290553249626,0.04177360643266704,-0.0017239553,0.031709746,0.039283764,-0.003988463,-0.013634964
-0.062673755,0.031052998715575778,0.03600465753710379,0.04581436720102305,-0.0013154029,0.033176392,0.044166729,-0.0025622726,-0.011903405
-0.073948659,0.03662761668199002,0.039297417961122606,0.050648261271997536,0.00019618247,0.039874066,0.048544098,-0.0043115765,-0.013788663
-0.061945762,0.03542453797652524,0.042098960380152144,0.05354481997856545,0.0043613743,0.040335108,0.051592153,-0.0038565823,-0.01379943
-0.073985271,0.02718151530888265,0.036735784857260555,0.045755564395285296,0.005001924,0.031652112,0.044338875,-0.0043230345,-0.010437778
-0.057142731,0.055848887145800795,0.04082300373763772,0.05454072618295006,-0.037842005,0.04460904,0.051706895,-0.00075825671,-0.017335307
-0.04325892,0.055569530420215424,0.0415515788705152,0.055365329814959945,-0.037094891,0.044622689,0.052543879,-0.00046978259,-0.017442472
-0.051091831,0.05473795469321949,0.039356480432614416,0.052570928873433787,-0.037589043,0.043509543,0.049845539,-0.00034301358,-0.016703507
-0.043173514,0.05065814217904149,0.03874999401964098,0.052939744960175464,-0.030764123,0.041974403,0.04975953,-0.00083221309,-0.018053066
-0.049979806,0.042799272844725206,0.021702756391696214,0.03324110270813218,-0.03438282,0.031900793,0.029811539,-0.00071895745,-0.014687619
-0.055584509,0.048319754942548955,0.03625062737370335,0.05070640760722907,-0.027672045,0.040746581,0.047200374,-0.0019853965,-0.018420713
-0.049096972,0.04796891558506689,0.03650531970193826,0.0511556307224265,-0.026848432,0.040715046,0.047571346,-0.0025120454,-0.018642833
-0.055794295,0.04009331513203124,0.023567993070041714,0.035020573649922664,-0.030975569,0.03040744,0.031793948,-0.0016992196,-0.014584173
-0.045454144,0.03969832840534346,0.022971841306867566,0.03456405204512562,-0.031109007,0.029921701,0.031233134,0.00067751878,-0.014788712
-0.057607323,0.05474692685933015,0.04197114030203197,0.05633121535492014,-0.030437488,0.046554945,0.053297058,-0.0018597377,-0.018143065
-0.04959628,0.05382050417347245,0.04360351083044397,0.0583357310378555,-0.027536739,0.046779811,0.055269279,-0.0014046069,-0.018611593
-0.049638238,0.058984917875930826,0.04572016228743029,0.05982427388618149,-0.035241958,0.049119554,0.057158079,-0.00076222094,-0.017644171
-0.057303514,0.06297383809068838,0.042160933268940555,0.055593376536416876,-0.042727966,0.050275337,0.052967042,-0.00043170637,-0.016879858
-0.038138386,0.05517549955915646,0.04451306073853494,0.059327051569129305,-0.032064728,0.046329807,0.056294441,-0.00099287461,-0.018698908
-0.040288795,0.03825798482998939,0.03187735104321541,0.040028281402073713,-0.02370677,0.031499032,0.038785595,-0.001452887,-0.0097892825
-0.043544095,0.04602033965953813,0.035683281880428214,0.050069546256240036,-0.023064286,0.040204465,0.046536759,-0.002461188,-0.018309344
-0.058694158,0.051680211288458205,0.0423359936014301,0.056017919061556475,-0.022136413,0.046746984,0.053287011,-0.0017765157,-0.017185625
-0.051023729,0.044187923474808245,0.03251708333400121,0.04773857882858185,-0.021562884,0.038851108,0.043537013,-0.0030407493,-0.019345652
-0.039086729,0.04458241335818918,0.03610019784620788,0.050570320891541364,-0.020509008,0.03972701,0.047067583,-0.00011692221,-0.018492872
-0.060060315,0.04163664140246495,0.03135132552466099,0.045343852442054654,-0.020195039,0.036660112,0.041653655,-0.00095117046,-0.017892268
-0.04341625,0.05113841853526495,0.04697242674336684,0.06176097944366523,-0.016535383,0.048535898,0.058881581,-0.0022680925,-0.018499561
-0.058064055,0.04625701610612789,0.04098157582635831,0.053972464398800116,-0.017542288,0.04280553,0.051409278,-0.0025989078,-0.016228331
-0.054924078,0.03671390258102093,0.03034206061881709,0.03916000832448848,-0.018147906,0.0321812,0.037596803,-0.00088613899,-0.01091794
-0.048661739,0.04055278992930706,0.032585851605441495,0.04711047052788373,-0.016949119,0.03686047,0.043252215,-0.0025377199,-0.018498711
-0.048466064,0.047901578258871,0.04582618441510519,0.05966767186940285,-0.012440577,0.046757665,0.05710572,-0.0012740951,-0.017249478
-0.041887295,0.040159994628922724,0.03667612802010556,0.05025270949282752,-0.014774596,0.037356783,0.047166497,-0.001740028,-0.017251918
-0.056160085,0.04238739243755201,0.041697366508435585,0.05330499454766725,-0.011936639,0.040981181,0.051326804,-0.0022982087,-0.014202108
-0.046380568,0.043479802612396014,0.044216342478582644,0.05654004092612572,-0.0084256018,0.043658279,0.05443817,-0.0023871774,-0.0150852
-0.051811673,0.036924366018983364,0.03407833107148592,0.046660038552412464,-0.011291754,0.035320103,0.043794852,-0.0021289319,-0.015957374
-0.044411045,0.03539112850100937,0.0345105373548244,0.04712891615692833,-0.010052452,0.034180507,0.044288252,-0.0018027645,-0.016013604
-0.059547521,0.03717083392307476,0.037497179316740986,0.04862044049671009,-0.0074175335,0.037232365,0.046516147,-0.0038383075,-0.013618469
-0.054894824,0.032210236156554786,0.0319113350594673,0.04431718296942052,-0.0075059631,0.031805832,0.041315068,-0.0034350094,-0.015661372
-0.046704102,0.03246923865895186,0.034751353801696694,0.04582972499670902,-0.005978405,0.032735612,0.043624043,-0.0024430363,-0.013832503
-0.038875237,0.03124186293254396,0.033999780576729845,0.04486260241635893,-0.0049175285,0.031852555,0.042716861,-0.0015654381,-0.013618821
-0.039656393,0.044577451565171004,0.04465038030149089,0.058799686259726855,-0.0051280265,0.046250459,0.055992708,-0.0033420268,-0.017636627
-0.053508233,0.050025887412033426,0.04638345452037824,0.060848497182380265,-0.012487478,0.049045522,0.058075521,-0.0013693729,-0.018107962
-0.038865879,0.04917771722517903,0.04670299477798384,0.061497242788254365,-0.0091996705,0.049519695,0.058579415,-0.0029922959,-0.018477261
-0.057745103,0.049284716489578655,0.04615384205752868,0.060240028816903574,-0.0075994902,0.050315171,0.05757463,-0.0026883702,-0.017515585
-0.04408681,0.0553501413714724,0.04839339711150971,0.06420230299016426,-0.02078183,0.051308837,0.061014418,-0.0019139729,-0.019887514
-0.052162822,0.05582737206681795,0.0476142168038352,0.0629989441788784,-0.021454036,0.051541947,0.059945509,-0.00067711389,-0.019363482
-0.053070057,0.04287064333645039,0.044002044203725506,0.05683916765884503,-0.0016340811,0.045879342,0.05452795,-0.0025148476,-0.015845163
-0.042333797,0.028018202394121706,0.034211927703116575,0.04475831536758927,-0.0018458879,0.029654332,0.04271438,-0.0028218664,-0.013070027
-0.038803302,0.037127277996739476,0.04225570840244187,0.05361368505136675,-0.0013452594,0.039762575,0.051731899,-0.0031295377,-0.013727485
-0.047009435,0.03931406526735652,0.042322948989875764,0.054716300741568365,-0.00040956913,0.042535391,0.052458417,-0.0029845992,-0.015266965
-0.039660908,0.04135179911752163,0.045912072564595466,0.05852829457593683,0.0011990768,0.045431934,0.056404814,-0.0027499131,-0.015378433
-0.050840683,0.03162901518723545,0.03975577804661348,0.04908442369344997,0.0005618381,0.034598995,0.04779635,-0.0026420346,-0.010853996
-0.054530937,0.038346266168915615,0.04340510222881779,0.05552920793277251,0.0014607788,0.042277928,0.053420085,-0.0034413182,-0.014762953
-0.044816483,0.026381203740449624,0.03626837170677101,0.04576766615808835,0.0037991831,0.030272152,0.044243075,-0.0026607064,-0.01140834
-0.023419742,0.05652047892664343,0.042268698916094506,0.05627611586608778,-0.039339099,0.044703152,0.05342469,-0.00037865166,-0.017682204
-0.035421558,0.059599749586637815,0.04586690975492371,0.06016343905272296,-0.038371559,0.048459046,0.057428923,-0.00095364713,-0.017906668
-0.027169123,0.057528842570125416,0.04483812901886461,0.05905189346271542,-0.038324248,0.046229377,0.056287814,-0.00037084622,-0.017851347
-0.017288754,0.05723605700349357,0.045091431765873324,0.05953127995166281,-0.037688687,0.046181086,0.056683697,-0.0014240119,-0.01813571
-0.033115067,0.0529315569589767,0.04172252243284283,0.05604708478638963,-0.034191374,0.042989369,0.053026907,-0.00050731993,-0.018142918
-0.025562599,0.05117290989324205,0.04054677381526949,0.05554112115098534,-0.030474799,0.042656437,0.052154034,-0.0003588314,-0.019095657
-0.019235114,0.04993387331119487,0.04088781024995697,0.055450030351233165,-0.029498234,0.041724924,0.052252505,-0.0019496303,-0.018454824
-0.018115114,0.043821058864754285,0.02216870097532865,0.03545717054165236,-0.035062827,0.032722175,0.031216372,0.00059244025,-0.016804704
-0.023397956,0.04285996166629807,0.021681900151631812,0.03462545509487486,-0.034635101,0.031859636,0.030500624,-0.00091715652,-0.016364379
-0.037836578,0.04975387788173046,0.03917389669357775,0.054004249780822945,-0.026907289,0.042629175,0.050584007,-0.0003310813,-0.018910516
-0.0300478,0.04768186312817797,0.03647032635568957,0.053012570755861826,-0.026458455,0.040568739,0.048601069,-0.0007723262,-0.021158267
-0.035815276,0.03983148604843486,0.022055169468269242,0.03477444511278407,-0.031948261,0.029710116,0.030794164,-0.0013236249,-0.016100606
-0.029436031,0.039418478194430666,0.021790145727250895,0.034237105861253815,-0.031645592,0.029389916,0.03036603,-0.0011757875,-0.015770262
-0.02846181,0.05531982755476186,0.04635278077761642,0.06139454067529576,-0.027019845,0.048628025,0.058389872,-0.0012961512,-0.01892703
-0.019440323,0.053268542699983615,0.04579986155432817,0.06076320897188306,-0.024553735,0.047446392,0.057761289,-0.0002314122,-0.01886127
-0.029883342,0.04332477374731823,0.03515053566767667,0.04912630080892023,-0.024445044,0.036690012,0.045765743,-0.00019757281,-0.017856404
-0.022475433,0.046428536289370236,0.037249571488694,0.05376014408123105,-0.02188528,0.041148372,0.0494202,-0.0016890942,-0.021093693
-0.021441441,0.042471210035262094,0.03380253143470489,0.049370764703884885,-0.020943739,0.03724895,0.045137096,-0.0026589758,-0.019825358
-0.032948688,0.05005213437804017,0.045628756562143595,0.05960082777203818,-0.019359998,0.046156824,0.05697611,-0.0012245454,-0.017449414
-0.032140099,0.04195998315295471,0.03321441112612614,0.04925023754098797,-0.019560659,0.037280656,0.044780847,0.00060796097,-0.020491267
-0.016539764,0.042507499455515234,0.039103319032386244,0.05147511599930729,-0.015923852,0.039419189,0.049061958,-0.0014811151,-0.015505423
-0.025340939,0.04468600278010558,0.04463588389912759,0.05700999887429841,-0.013481909,0.042822372,0.054937791,-0.0011351607,-0.015188499
-0.016561761,0.04663995215389373,0.047658977605981805,0.061023632203659896,-0.010990678,0.04600253,0.058752142,-0.0013700869,-0.016437529
-0.024921289,0.03772160989434539,0.03139116006527845,0.045958854835437525,-0.015461328,0.034416318,0.041973624,-0.0025586865,-0.018544119
-0.033475965,0.04633447665350162,0.04617714319817036,0.05940582499579179,-0.010005556,0.046088833,0.057087548,-0.0020243856,-0.016308457
-0.036859434,0.03897257450072373,0.035017709970589415,0.049177869708308154,-0.013462824,0.036623631,0.045723952,-0.00049938733,-0.018097892
-0.018415736,0.03323686845675982,0.03410852527276756,0.04346483535432998,-0.013616975,0.030327154,0.041913606,-0.0011752349,-0.01144816
-0.029939605,0.03458610006457193,0.03162800475080955,0.04259824855359946,-0.014218367,0.03153763,0.040256619,-0.0010006593,-0.013892951
-0.030572128,0.039944740831991676,0.04287607690363155,0.053916672125829346,-0.009047403,0.039553989,0.052235473,-0.00093672087,-0.013326119
-0.022818023,0.04152886325269817,0.045017513123382674,0.05673222880541295,-0.0058812289,0.042618878,0.054921277,-0.0011525343,-0.014172889
-0.033869479,0.034304789893289236,0.031948160368086995,0.04558424530537799,-0.0091244671,0.033394258,0.042099953,-0.0014810215,-0.017416198
-0.022276562,0.032669107418061026,0.03409620283021068,0.044611264845011676,-0.0076039396,0.032262743,0.042622715,-0.00073482184,-0.013150253
-0.025924932,0.04990230793313721,0.04773002224442143,0.06222134996553432,-0.012760524,0.048795369,0.059519887,-0.0015990522,-0.018064398
-0.020691926,0.04763308688022116,0.04932137039805439,0.06294769012744571,-0.0037923292,0.05013695,0.060660452,-0.0021315932,-0.016678656
-0.016027236,0.03771991003791167,0.03515841324969231,0.049517188323658576,-0.013757223,0.035137821,0.045969162,-0.001825299,-0.018315468
-0.03516588,0.05279195570350613,0.04787446905820413,0.06340602035969563,-0.015383287,0.050821271,0.060294583,-0.0019658869,-0.019519784
-0.028114626,0.03152201642038938,0.03589017785525073,0.04610443049462457,-0.0035003317,0.032758467,0.044334792,-0.0012157634,-0.012592325
-0.028475147,0.044717395454508424,0.04729297565881045,0.060513616062643376,-0.0030349565,0.047290944,0.058251329,-0.0025341413,-0.016194398
-0.021443494,0.03644852839133479,0.04236609232959419,0.05237740404647574,-0.0030214821,0.038313694,0.051017974,-0.0014794604,-0.011763077
-0.03131425,0.04089104157802823,0.045678823422453406,0.0580015946051303,0.00045655627,0.044616204,0.055979043,-0.0025220837,-0.014972335
-0.023990409,0.027360180890736246,0.03557203687118174,0.04480989095165769,0.00037208229,0.029880956,0.043376401,-0.0014561156,-0.011148717
-0.031100219,0.026445494086042267,0.03491089407475635,0.045066007299343486,0.0018830141,0.029528629,0.043238569,-0.0021723562,-0.012516071
-0.036044158,0.0296914107628055,0.03902647548594951,0.04853370802905914,0.0028994554,0.033486318,0.047138087,-0.0029594989,-0.011169733
-0.015598532,0.06117048497897088,0.04548185491491581,0.05987561620279955,-0.04149662,0.048838921,0.057081662,0.00031965031,-0.018074045
-0.00068522862,0.05874455597050589,0.045766923017841785,0.06006129066133799,-0.040520206,0.046617951,0.057325713,-0.00012553616,-0.017919417
-0.014324495,0.05486554143492967,0.04481920502719069,0.05897903058151267,-0.034784347,0.044838671,0.056235876,-0.00012490571,-0.017777421
0.0032235598,0.05356588891694636,0.04491466170456962,0.05926594784574023,-0.033860099,0.0438191,0.056450408,0.000644719,-0.018038524
-0.0071023861,0.05323254295574761,0.04260148814617752,0.05650232541213186,-0.033852424,0.043460224,0.053717081,-0.00024746184,-0.017519325
-0.0022295096,0.04550868333579709,0.026943081088443184,0.038419132168165976,-0.03565532,0.034304045,0.035500169,-0.00057936029,-0.014677604
-0.012355922,0.050988311587729616,0.04406901991261336,0.05866430776100572,-0.029109629,0.043035377,0.055693153,-0.00072221481,-0.018418798
-0.0054760701,0.04866901617763483,0.04150831810630885,0.05632941919759809,-0.026415119,0.041659538,0.053086732,-0.00039427725,-0.018832071
0.0037162178,0.04803990560729973,0.03922986706827003,0.05324599999762309,-0.027142953,0.04066715,0.050176777,0.00055350707,-0.017807897
-0.012543105,0.04380325537038248,0.03290602365738487,0.041933063586341794,-0.032144774,0.033941474,0.040444449,0.00045027796,-0.011064611
0.0026753424,0.041856701023231954,0.02909815392932568,0.04055642427549086,-0.031881895,0.0319384,0.037817467,0.00093782047,-0.014621328
-0.0032815638,0.040242662484662226,0.025062825228532565,0.03910265882002958,-0.030973291,0.030570652,0.034797907,-0.00015729491,-0.017835326
-0.0039048432,0.05543949756060002,0.04606615534149503,0.061020494238266006,-0.031740949,0.04675404,0.05804025,-3.8078076e-06,-0.018836934
-0.013638571,0.04666271200741672,0.03945488020232937,0.05407738786281379,-0.023447597,0.040739607,0.050767455,-0.00043821381,-0.01862357
0.00097918394,0.05123476132393904,0.04588796686335469,0.06094504827181997,-0.022996334,0.04589805,0.057908542,-0.00074647745,-0.018982688
-0.0047681555,0.044677997294031886,0.03785888777503126,0.052080462139138924,-0.021950645,0.03921891,0.04882241,-0.00044308012,-0.018125962
0.0030207096,0.04382703851683206,0.03647769837515225,0.05092107506977198,-0.021346044,0.0385511,0.047456078,-0.00087766146,-0.01844197
-0.0098579759,0.04310041028868387,0.03617838199025955,0.04980748912816583,-0.019412942,0.038582273,0.046675339,-0.00072577846,-0.017368706
-0.0036647532,0.04880938457203963,0.04808203547675165,0.06164486734374027,-0.015642677,0.046384659,0.059327684,-0.0010336929,-0.016710687
0.0058987862,0.04804510064500318,0.048242716259198105,0.06204217361643109,-0.013293643,0.046551477,0.059650481,0.00010305995,-0.017059918
-0.0022561343,0.038707995619804404,0.03474782899793879,0.0491590839601401,-0.01578356,0.035351109,0.045561824,0.0013895918,-0.01840665
-0.0082108406,0.03870389703710363,0.03631292184814639,0.0501275387307065,-0.014523835,0.035881378,0.046928465,8.2003189e-06,-0.017620705
0.0034188847,0.03598607009003576,0.03503598838148527,0.04677307870404878,-0.01484112,0.032794159,0.044352032,-0.0010066199,-0.014819071
-0.0010916962,0.04336138943799533,0.04620994240612697,0.05767569276025817,-0.011355035,0.042286169,0.056021657,-3.5568686e-05,-0.013713432
-0.012440014,0.03343306175321028,0.03578765259570761,0.0476849571612229,-0.0079155546,0.0329604,0.045251511,-0.00085117278,-0.015014373
-0.0041522901,0.03420583062564351,0.03640471453454848,0.04846874823926007,-0.007341729,0.03404348,0.046013348,-0.00020380913,-0.015229899
0.001069845,0.03757706520744295,0.045172250635911945,0.05490204307712498,-0.0044226269,0.038944941,0.053773645,-0.00011533745,-0.011073217
-0.010674815,0.03889905852817762,0.04447956019760925,0.05495668410689768,-0.0039354111,0.040587913,0.053548049,-0.0010933368,-0.012314552
-0.010175724,0.044626915991763313,0.04682330734779658,0.059571239306185485,-0.0055087539,0.046142586,0.057485297,-0.0010344451,-0.015591764
0.0053819395,0.044690920655684814,0.04733935353446583,0.06054584915329039,-0.0053166957,0.046293642,0.058324635,-0.00016207021,-0.016248401
-0.0028616237,0.047381945491906594,0.04851222886251986,0.06231387134292466,-0.0072528147,0.048395231,0.059936248,-0.00043359402,-0.017043378
-0.01086506,0.04908985672235438,0.04862397513512218,0.06290316429482981,-0.011275242,0.048543219,0.060347963,-0.00082060246,-0.017727325
-0.013206658,0.05246269879536819,0.04897517228748936,0.06433786639547552,-0.017686117,0.049486086,0.061382666,-0.00058846874,-0.019266112
-0.0069532124,0.053908796780845064,0.05000461857571491,0.06548577966485138,-0.018325744,0.050785564,0.062548466,-0.00075750146,-0.019377898
-0.014841826,0.03303354855859275,0.04039775816053276,0.04951654052240737,-0.0011353613,0.035404406,0.048344214,-0.0021071059,-0.01050166
0.00051984715,0.030458580079766085,0.040986471245354913,0.05034884919999776,-0.00017826629,0.033013325,0.049153373,0.00034040504,-0.010901223
-0.0024928234,0.03990760761554903,0.04659754482066676,0.05871292937245968,0.00073739199,0.043667048,0.056849949,-3.326685e-05,-0.014672773
-0.011753482,0.04088341443199756,0.04779653099826678,0.059955432026599434,0.0013080363,0.04496935,0.058138337,-0.00052343763,-0.014639454
-0.0052239746,0.03263906873470841,0.043163117521003276,0.05177891254161191,0.00088847667,0.035834927,0.050897252,0.0011973956,-0.0094388435
-0.0084159737,0.02876018792619081,0.041012830097250264,0.049601975105808174,0.0029831885,0.032510217,0.048653051,-0.00012662359,-0.0096550779
0.02245998,0.05976766775368944,0.04432443621767314,0.05759689696583236,-0.040878456,0.047577351,0.055168714,0.00076652592,-0.016529609
0.0071274927,0.05674442236437136,0.04634355534493515,0.05983814969759722,-0.037685435,0.045648374,0.057448741,-0.00048696116,-0.016733475
0.021413382,0.05603099232679893,0.04421165350625495,0.05760803125876895,-0.037131105,0.045108631,0.055124737,0.00075437268,-0.016714651
0.013801012,0.055833694199082455,0.04533315415109462,0.058314907751295185,-0.03703922,0.044933297,0.05605945,-0.0006917048,-0.016046435
0.027527018,0.05506296515707093,0.04184730492248926,0.05495327138979326,-0.037015453,0.044106096,0.052431192,0.0011004454,-0.016420145
0.018046539,0.05187116389666129,0.0439661972162418,0.058439040215651716,-0.030071735,0.043586083,0.055513293,0.00018109502,-0.018258229
0.015316421,0.04756125920843283,0.04252891540726488,0.051591256437529806,-0.032873485,0.037714701,0.05055923,-0.00019708707,-0.01026563
0.010020959,0.049911468789640034,0.04094014570288583,0.05537051939245085,-0.029348971,0.041763943,0.052244913,-0.0011678274,-0.018302996
0.025818912,0.051025208322243415,0.04197218230603787,0.05640706265233727,-0.026812956,0.04405034,0.053356599,-0.00080451084,-0.018280668
0.02027718,0.04823658805935197,0.03992694045798659,0.054023566086618166,-0.026932983,0.040969945,0.050971076,-0.00050951482,-0.017895125
0.00804378,0.041318604973340736,0.021708164683312783,0.034841000877389686,-0.033955127,0.030473799,0.030608604,0.0017478734,-0.016551545
0.016737375,0.040948335598425666,0.02226738561623455,0.033159767844057976,-0.034285255,0.029931422,0.030093828,-0.00071456598,-0.013907592
0.02386092,0.04085490294201143,0.024668913984809346,0.03606656285866974,-0.033487793,0.030168423,0.032982174,0.00089927879,-0.014565866
0.014932049,0.0393711980884299,0.026327616227163078,0.03854788825868847,-0.030468021,0.029838402,0.035231903,0.00080262916,-0.015620771
0.0091779744,0.05309138996302845,0.044814782444031656,0.05996511931485986,-0.026036005,0.046624754,0.056817677,-0.00069669774,-0.019159377
0.013492941,0.057943732156723604,0.04978073689886123,0.06453919329714165,-0.027745603,0.051170465,0.061872471,0.00027629663,-0.018358335
0.023475688,0.037587875449115,0.0333368014886487,0.03990855499997608,-0.023380227,0.030909661,0.039255556,0.00064062391,-0.0071612629
0.019581385,0.05467429577034605,0.04997071734098209,0.06414519538546028,-0.021470698,0.050282218,0.061708987,0.00090154854,-0.017486973
0.027512476,0.044933969108413435,0.03684642209449694,0.05242817860826111,-0.021950908,0.039496876,0.048486821,0.00082087138,-0.019926572
0.010646948,0.044706862829042536,0.03648959574150409,0.05122706363709654,-0.020799289,0.03973899,0.047637139,-0.00020495059,-0.018838074
0.012821306,0.04985629755856321,0.048934193873956075,0.061833535322811,-0.018557681,0.046284638,0.059813686,-0.00011288699,-0.015674703
0.022929739,0.04187948736151378,0.03577441242089477,0.050055031872434076,-0.019471668,0.037230983,0.046609741,0.00021680372,-0.018248048
0.015722143,0.035787764920839675,0.03200911991667205,0.03957434723210201,-0.020510618,0.030172169,0.038522102,0.0020456885,-0.0088312952
0.019052414,0.04627000390043536,0.044524841443742996,0.05706176135906736,-0.018346054,0.042478461,0.054929081,0.00026661073,-0.015452171
0.023136079,0.05080567850665788,0.049000321615628874,0.06275676578451977,-0.016061231,0.048375688,0.060414646,0.0014676534,-0.016921235
0.0085663022,0.04030158636505015,0.03597066637906254,0.05056932193315456,-0.017331602,0.036425218,0.046995785,-0.0007966464,-0.018655237
0.015011121,0.04117750126672873,0.0392439193763949,0.05304585942957083,-0.016176686,0.03786701,0.050068904,0.00030779542,-0.0175178
0.020710696,0.037746597465061704,0.03666603738149609,0.04879681801555961,-0.013485007,0.035282362,0.046331558,0.00031163468,-0.01531075
0.022662008,0.04340613487468168,0.0458217326741778,0.05781223533883566,-0.010370295,0.042752776,0.055939224,0.0015610954,-0.014512779
0.0070469021,0.03675206090574755,0.03507141458517377,0.04804089074769221,-0.012096849,0.034791175,0.045110255,-0.00050782337,-0.016514666
0.0064010392,0.031616508289310084,0.03474105365891157,0.045136506661554894,-0.0060845939,0.031764165,0.043234482,-0.0007818673,-0.012941116
0.0091745295,0.0420635334464981,0.04565915031721346,0.057119673692476156,-0.0065969145,0.042895932,0.055438694,0.00039246047,-0.013749702
0.018770289,0.03996471229299811,0.04475003260500046,0.05629016749981798,-0.0044938801,0.041508541,0.05452602,0.0012468594,-0.013926286
0.017673129,0.03431755956872106,0.03695682958836159,0.04725379701214755,-0.0085671395,0.033644702,0.045523509,-0.00042770375,-0.01266288
0.025396533,0.03346752011303066,0.03788397500536948,0.04870241161594143,-0.0073144664,0.033252981,0.046828091,0.00068803743,-0.013363435
0.012633127,0.037675624813193725,0.044142612874268496,0.054241037650487434,-0.0047109155,0.038929641,0.052941635,0.0011186342,-0.011748281
0.011858866,0.030150188986290183,0.035432743667836455,0.04413946409688736,-0.0066224369,0.029942913,0.042896818,0.0007118308,-0.010375384
0.018130736,0.048637246839435565,0.05046891170513456,0.06356362656834262,-0.0048229736,0.050790347,0.061549455,0.0011031297,-0.015836108
0.015776884,0.05123639457471197,0.049117796923697915,0.0636086946015504,-0.010834784,0.051062096,0.061004374,0.0004197284,-0.018009892
0.0069552311,0.051313832180098856,0.04987383522404678,0.06486774822574548,-0.010930472,0.051105604,0.062114976,0.00043249785,-0.018691374
0.024719102,0.04568237029263174,0.04865637565845619,0.062267416232968345,-0.0030402464,0.048337009,0.059955679,0.0017266406,-0.016720239
0.019161256,0.02976165392234142,0.03662729056748204,0.04688801918061745,-0.0030489997,0.031037658,0.045146994,0.00099480059,-0.012619257
0.016239414,0.04399682037374788,0.048305046135598245,0.061527160061831176,-0.0018219653,0.047023024,0.059352532,0.00069126184,-0.016198473
0.023062203,0.028066444771445025,0.03497500448645434,0.045233615337152804,-0.0021322691,0.029585179,0.043326572,0.0033394194,-0.012559315
0.024712784,0.038776277616913456,0.04642111256848585,0.057946405089060724,0.0022171596,0.04306614,0.056266196,0.0016922831,-0.013749081
0.010779181,0.03309439810216669,0.04434705188663347,0.053823050006771934,0.0028830855,0.03717624,0.052733295,0.0009467738,-0.010734241
0.0086922087,0.02628746847891425,0.03885470787260419,0.047820131163724716,0.0044132508,0.030430978,0.046655666,0.00057765923,-0.010472826
0.02769969,0.026922475776021405,0.03719505123204281,0.04676239457329697,0.0042243968,0.031040661,0.045290392,0.0017775589,-0.011504009
0.035512723,0.05822547181442314,0.042935004322212256,0.05641043368330049,-0.041041899,0.045832593,0.053817537,-0.00034366664,-0.016902415
0.048673242,0.058828352340514686,0.040576120480957316,0.054412711406701945,-0.040658146,0.046650432,0.051511321,0.00092329591,-0.017506413
0.043451816,0.057021191206839815,0.04257461621828905,0.056349668688224816,-0.036968678,0.04625329,0.053613815,-3.544398e-05,-0.017344819
0.028839305,0.049755209252732795,0.037862358060427787,0.0480290639494873,-0.036310095,0.038639367,0.046389602,0.0011786245,-0.012385744
0.046944637,0.05381076407925545,0.0414906439564145,0.05533448297091352,-0.034067981,0.043996882,0.052484773,0.0015590742,-0.017459178
0.035241645,0.05201206274932326,0.04029493813262203,0.054839820911474824,-0.030670086,0.043485165,0.051614169,0.0015178836,-0.018468339
0.042796586,0.048426970004403005,0.037611590394166686,0.04951027146268063,-0.032102313,0.038982518,0.047193062,0.0012101645,-0.014920368
0.040868368,0.0502193210210945,0.04117659556326276,0.05557239774874962,-0.028448636,0.042480551,0.052467905,0.0018236954,-0.018223185
0.028762959,0.04035308837729579,0.02266882273328259,0.03478179979038785,-0.033498332,0.029618798,0.031155029,0.0016082424,-0.015380225
0.04925219,0.040294578505554755,0.018809807750334213,0.031153636950576522,-0.033736356,0.0294542,0.027013123,-0.00079015747,-0.015498901
0.040351152,0.039615325090253645,0.02883264498248818,0.03764107832296954,-0.028344618,0.031004943,0.035994463,0.00033878788,-0.011006118
0.028738009,0.05648738762919603,0.04603551806681543,0.06032138077900596,-0.031284727,0.048086081,0.057606123,0.00024136758,-0.017892605
0.037570819,0.05594374937467478,0.047165576979114845,0.06165680806444107,-0.026358755,0.049586445,0.058917105,0.0017685283,-0.01808892
0.039751269,0.060035417604255445,0.04771813909939407,0.062115112457714235,-0.034184221,0.050709758,0.059452318,0.0014220859,-0.017935628
0.032405566,0.04825974984834273,0.03863259828183231,0.054107504195782266,-0.025656097,0.041537113,0.050328717,0.0026021851,-0.019694438
0.045536529,0.04595901634443515,0.03648588219823875,0.050794782167257524,-0.02443889,0.039554361,0.047381159,0.0015076146,-0.018244527
0.032876186,0.04209588540395304,0.03510275679384748,0.04677633423749422,-0.024210468,0.035454568,0.044382423,0.0012465328,-0.014719787
0.043365423,0.050758270647170624,0.043637766586856176,0.05783489918576668,-0.020657089,0.04637336,0.054987114,0.0015305033,-0.017859183
0.035476036,0.043083557483494524,0.03496827783401582,0.04988224111364558,-0.019458678,0.038544551,0.04605088,0.0025999378,-0.018994598
0.04556657,0.04146073419817745,0.03200489588496469,0.045456171501131175,-0.019007344,0.03697316,0.042070251,0.00069453934,-0.017201021
0.038376637,0.04797390510214328,0.04538552420052292,0.05793189368693856,-0.015906189,0.045365173,0.05584465,0.00035103902,-0.015406367
0.032101169,0.049250226042232836,0.04692202376964119,0.06080173442409638,-0.014302373,0.047432497,0.058293816,0.0011536345,-0.01724387
0.031261027,0.04022775741609703,0.03516219361507715,0.04798332993395718,-0.0162891,0.036787529,0.045108665,0.0016173539,-0.016278589
0.042348363,0.043742988034833355,0.04615016536617668,0.057323961457453436,-0.012025618,0.042416077,0.055719513,0.0028859288,-0.013154613
0.047210746,0.037627405371058346,0.03313439944607425,0.04597191095771126,-0.0137946,0.035021462,0.042922348,0.0021958067,-0.016317692
0.038328253,0.039096429923536985,0.036393816353152295,0.04779087201054993,-0.012584943,0.037130821,0.045579888,0.0019390263,-0.014236623
0.044265442,0.033402604262928084,0.029472052338059555,0.03842642637099054,-0.014724277,0.030037181,0.036713835,0.0025026598,-0.011064414
0.030082682,0.037539746312356806,0.03836481184969495,0.04896986916015507,-0.010852493,0.036175083,0.047203269,0.00068208261,-0.013016691
0.029812329,0.04275542441373662,0.04446486925739767,0.057003989377962076,-0.0066333688,0.043632101,0.05485471,0.0015220965,-0.015430451
0.037254501,0.034829651681356905,0.03657283399074972,0.04748938032424374,-0.0089731626,0.034028672,0.045488425,0.0014456016,-0.013562989
0.029615417,0.0318401445332762,0.036753322435854524,0.04738380156064932,-0.008324787,0.031056209,0.045498561,0.0016856656,-0.013124943
0.047037061,0.03332704573999435,0.03741678332380195,0.046534692712560444,-0.0057117711,0.033780679,0.04518602,0.0030677929,-0.010690644
0.039217394,0.031792063246733435,0.038179865094293074,0.047584119953770515,-0.0048414152,0.032482579,0.046205383,0.0022869853,-0.011139154
0.048032641,0.04569698227974634,0.04454987787047434,0.057897287715669626,-0.008163874,0.046178032,0.055416558,0.0027648804,-0.016536519
0.043913908,0.0503737528877714,0.0477975112718927,0.062002879861578424,-0.010644705,0.05020564,0.059393149,0.0027007223,-0.017593097
0.030822963,0.0491216797153591,0.04798091577615717,0.062220309025389525,-0.0070123654,0.050387274,0.059609011,0.0026900731,-0.017632248
0.030620355,0.054779973236857724,0.04945293394856776,0.06428361324527322,-0.019737186,0.051132854,0.061560944,0.001317967,-0.018463371
0.043290138,0.038965116206874886,0.04316449779521804,0.05431720000448937,-0.0035140067,0.040838551,0.05256303,0.0030010275,-0.013359638
0.043819375,0.045959403969369296,0.046513976475372705,0.0595989144232657,-0.0027830943,0.048747122,0.057341732,0.002550951,-0.016045218
0.037374292,0.046939471506899096,0.04946112383388607,0.061875921567807954,-0.0016787191,0.050280608,0.060006455,0.0030657502,-0.014780264
0.033201102,0.044085567367963,0.046738657226777544,0.05996877037262777,-0.0016245713,0.047203224,0.057673503,0.0024289156,-0.016251795
0.031942639,0.035293242527455485,0.04227891828195347,0.05264573976970287,-4.5953897e-05,0.038321674,0.05112664,0.0027873919,-0.012242183
0.050558057,0.03742408380191432,0.04200956259083483,0.053472663893990136,0.00027998645,0.040774889,0.051540263,0.0030904314,-0.013905981
0.041436672,0.027523208068943983,0.03563229847293723,0.044851886481086095,-0.00030196775,0.029771945,0.04336831,0.0032282176,-0.010975428
0.048550274,0.0416016938687352,0.04695658382527008,0.05895012840323083,0.0014535377,0.045811422,0.057092227,0.0032248322,-0.014324654
0.035109542,0.02675490304711375,0.03495261211091538,0.044475075549834556,0.0018383692,0.029845808,0.042906176,0.0013867633,-0.011626233
0.041120734,0.03519665842590784,0.04254408385529043,0.05412029393142493,0.0041963947,0.040017519,0.052170105,0.003267366,-0.014021793
0.052769829,0.06109031294125397,0.04190249950137518,0.05569159721795976,-0.041906334,0.048577912,0.052903581,0.00054005836,-0.017391764
0.065969244,0.06086825130541858,0.03925930643597895,0.05239239781573934,-0.042157508,0.048230056,0.049691394,0.00072920037,-0.016589062
0.062293518,0.05769091048525237,0.04057299275400169,0.05368768613560121,-0.039310738,0.045986701,0.051085364,-0.00020627701,-0.016510926
0.056095354,0.055831058755085275,0.03990432076459171,0.053423991945242395,-0.037373897,0.044788372,0.050609011,0.00066288473,-0.017100044
0.066023059,0.054458770163096956,0.039995770605399196,0.05265670988132591,-0.035317622,0.044170409,0.050193496,0.00097055722,-0.015887104
0.052515138,0.05195197456743129,0.03985635982819853,0.0543783170355475,-0.03210029,0.042812802,0.05112388,0.00186374,-0.018435746
0.060014829,0.05117015529337248,0.038788047594072304,0.05316378790497742,-0.030817466,0.042507991,0.049890783,0.0019214532,-0.018264888
0.069675095,0.05067086730135671,0.03607555231214283,0.05002708346668905,-0.029848646,0.042376824,0.046746887,0.00076298742,-0.017800435
0.055929665,0.046365291689665675,0.036131195132977086,0.0479018028680509,-0.029224096,0.037964523,0.045532785,0.0015407227,-0.014797783
0.054366156,0.04126214596155729,0.01965811910029381,0.03240825527965909,-0.03297044,0.030830439,0.028162589,0.00013099027,-0.016035786
0.064212397,0.04087915148233309,0.02003186049871116,0.03244446707877703,-0.032930553,0.0304313,0.028407542,-0.00073074485,-0.015656341
0.059174571,0.039138491378832525,0.021804373653762577,0.03382749163462341,-0.030171694,0.029711382,0.030173834,0.00057275267,-0.015281063
0.067786008,0.05538639769502032,0.0423491459411315,0.056110037466359446,-0.027099174,0.048666671,0.053349677,0.0016947704,-0.017299596
0.056015898,0.05738576496638816,0.044837024963887834,0.05897933119322595,-0.029271921,0.049916428,0.056232441,0.0015309362,-0.017723722
0.061700642,0.055084691528448276,0.044491846400396634,0.058206615187683865,-0.023903864,0.049695238,0.055594783,0.00215689,-0.017104911
0.065334141,0.04566170343698746,0.03174607493997099,0.045949291836607134,-0.024364987,0.039262742,0.042200275,0.00057858322,-0.01816974
0.072121166,0.04746090763904523,0.03268798066034662,0.04739684515443024,-0.023877194,0.041424382,0.043491762,0.0011936547,-0.018801669
0.051250681,0.04823572963816942,0.037638704973848955,0.05202657534178183,-0.022569234,0.042821314,0.048662625,0.0018291472,-0.018313047
0.050748054,0.053736918774118195,0.04651484916444531,0.060204420683475014,-0.021583425,0.049216039,0.057722557,0.0023895467,-0.016940152
0.054443099,0.04417741983841143,0.031246642405921544,0.04621393582081948,-0.022268036,0.038540378,0.042017244,0.0029398031,-0.019016746
0.060286701,0.043849891868640585,0.031500413487021386,0.044593100394772905,-0.02120433,0.038636081,0.041311745,0.0016793013,-0.016705217
0.062208641,0.049377300769107395,0.04294656481060749,0.055864417590168906,-0.019389167,0.04541133,0.053453259,0.0026671079,-0.016014643
0.069691047,0.051706265430023136,0.04324394915947813,0.057146106098807714,-0.017821234,0.048606973,0.054324958,0.0038651372,-0.01730714
0.070490316,0.04285145471612232,0.03040430020402433,0.04413132489152353,-0.018757114,0.0385902,0.040439527,0.0027417967,-0.017455688
0.052134681,0.04176902499361884,0.037123294988321974,0.0491073559720098,-0.015541786,0.038779117,0.046689264,0.0026737661,-0.014983191
0.064123511,0.04033553626868962,0.03201751864144542,0.044572068368478365,-0.015820883,0.037103362,0.041575328,0.0014399211,-0.01600275
0.056576487,0.037116029555744695,0.031849371584229624,0.04396312460698363,-0.014242774,0.034275685,0.041128304,0.0021623021,-0.015379967
0.060714129,0.045157514055240065,0.04313651304619726,0.055765156140045805,-0.0099171773,0.044847742,0.053440325,0.0037006962,-0.015498037
0.065659583,0.036370916896046185,0.030805033720020462,0.04432864501373483,-0.013774167,0.033665136,0.04077787,0.0023277733,-0.017227175
0.071751557,0.03807939500447148,0.031988252070580904,0.04476231631679145,-0.013237645,0.035748899,0.041626748,0.0029117032,-0.01619879
0.067278169,0.04503243262280196,0.04159339359727382,0.05479234183301145,-0.007818359,0.045602754,0.05215434,0.0035472147,-0.016417759
0.056104451,0.040837536170893786,0.04177372626344579,0.05236253189565473,-0.007769505,0.041066322,0.050706316,0.0036509859,-0.012544902
0.053882562,0.03361616645068378,0.03451782677931855,0.04474180592271754,-0.0095129749,0.032481253,0.042835593,0.0029779917,-0.012572698
0.060883675,0.03447483823857556,0.034930109794421085,0.04520062110342814,-0.0062642121,0.034793098,0.043311391,0.0027366292,-0.01263845
0.067402445,0.03286545289664457,0.03282144970384392,0.04367392170907012,-0.0043848604,0.033842463,0.041220244,0.0060385745,-0.01310872
0.056386843,0.04896615396468491,0.044907336142990806,0.058684844932925515,-0.012296693,0.047975253,0.05604817,0.0031262171,-0.017109659
0.053347059,0.05227581629083822,0.04691243364777837,0.06123791969534558,-0.014352709,0.050698012,0.058528312,0.0026337686,-0.017820852
0.071264215,0.029087234115637736,0.029066797980557984,0.040413734543646156,-0.0035937247,0.030073773,0.037602652,0.0042187842,-0.014195505
0.053421762,0.046122400788053595,0.04524856027486499,0.05825585855979712,-0.0035277375,0.048608113,0.055894841,0.0041823047,-0.015875142
0.051677279,0.029547337813382025,0.03340374351906569,0.0425955400677627,-0.0029806646,0.03083384,0.040988334,0.0034270915,-0.011072107
0.070035584,0.040590337707950494,0.040825463311634225,0.05228487428877003,-0.0022315637,0.043148492,0.050254337,0.0038477322,-0.013907
0.062784955,0.04066170644717688,0.0421494717683786,0.05409292104351869,-0.0014268921,0.043567587,0.051918693,0.0046900013,-0.014439436
0.054834012,0.03364552499286523,0.04033385562788495,0.049269290962346626,0.00034123054,0.036696009,0.048023976,0.0047892951,-0.0099107726
0.062747732,0.028322933092713932,0.032446207964619216,0.042835015541218796,7.802045e-05,0.03080203,0.040608853,0.0051258919,-0.012628731
0.069687434,0.03700815028444298,0.04140278073773775,0.052291846086009154,0.0030139736,0.041483544,0.050459046,0.0046485476,-0.012911733
0.070279032,0.02695867445415716,0.030739107391941523,0.041168398063055334,0.0026516467,0.030412393,0.038822625,0.0049057212,-0.012789632
0.053905834,0.025810178977414486,0.035246163382866395,0.04396697061638387,0.0037320217,0.029623305,0.042629927,0.0033542076,-0.010224144
0.072866566,0.04194178666990961,0.019713421622444095,0.03163170138494458,-0.033560783,0.031318188,0.027769381,0.002321138,-0.01496791
0.073225945,0.060133334387428974,0.03971862091868183,0.051899544561205914,-0.040994573,0.047925308,0.049611315,0.0006950667,-0.015224882
0.091528431,0.05973416312819596,0.03296859736302738,0.045089686009851075,-0.04174491,0.047173165,0.04234143,0.0019847967,-0.015373473
0.079296775,0.05833734042798487,0.03797076778961394,0.05027124211732082,-0.039777286,0.046490919,0.047818772,0.0010396584,-0.015475204
0.089594424,0.05635559141657096,0.03529158723549129,0.047027027673072826,-0.035931259,0.045970567,0.044630345,0.00015506582,-0.01482058
0.078462116,0.052711163635764044,0.03488463495580513,0.04795508915965134,-0.033686358,0.042964309,0.044956475,0.0014266844,-0.016630409
0.090167262,0.053035004537356406,0.033226098179847084,0.04565175636610636,-0.033675078,0.043320905,0.04281475,0.00063739705,-0.015829522
0.083350718,0.05147041605597875,0.03369310956901074,0.047140971467159135,-0.030673906,0.04289512,0.043894019,0.00073520793,-0.017176896
0.092053242,0.04824717522166522,0.029632957398220038,0.0400325866366953,-0.032490421,0.038622454,0.037776332,0.0015762051,-0.013155695
0.080867618,0.04279332159430914,0.017778609491866153,0.02956358408146552,-0.034869369,0.0316878,0.025539221,0.0025824979,-0.014665756
0.09354832,0.04849263830042738,0.02995049488048333,0.04320096338357401,-0.026216926,0.041552056,0.039727237,0.0010667654,-0.016939064
0.08880458,0.04084705330827171,0.017235120477913236,0.028051580120245546,-0.033284828,0.030246049,0.024446147,0.002742955,-0.013481589
0.075697392,0.056127353614622746,0.039365167378528375,0.05255099941138301,-0.031711031,0.047513999,0.04982857,0.0013372927,-0.016641298
0.083148926,0.05516263742514797,0.039609147838941254,0.05259875403188108,-0.026006635,0.048887342,0.049971338,0.0014375553,-0.016353218
0.087826483,0.06318250260897894,0.03732792820703927,0.048972018049438355,-0.04308467,0.05035061,0.046745028,0.00051786145,-0.014590844
0.076756328,0.04210753277788296,0.028733984576311943,0.040116998439549745,-0.024883717,0.035181444,0.037354052,0.0022158904,-0.014461611
0.083556853,0.04505595918544707,0.028850152047305507,0.042867970493787905,-0.02438751,0.038595125,0.038941581,0.00080788025,-0.017904287
0.078246437,0.04690519281643808,0.03099361781706604,0.04606787541163019,-0.023368828,0.041036464,0.041829284,0.001758924,-0.019221507
0.087218396,0.0480980132759852,0.03329641014557591,0.04590019671086014,-0.02172886,0.043028422,0.04298421,0.0012735493,-0.016048795
0.094396479,0.043620469517172064,0.02671605606487471,0.04013664328569792,-0.020808235,0.038554978,0.03627694,0.0017070204,-0.017088588
0.092211418,0.03871206700477847,0.026282376975261274,0.03708124832012983,-0.019336428,0.033847429,0.034385625,0.0019447247,-0.013742846
0.079286702,0.04872969949608963,0.040947354036674,0.05395105658400649,-0.014414553,0.0468194,0.051406555,0.0014431976,-0.0163095
0.07952176,0.04161469061187452,0.028758222776573694,0.04296196343205567,-0.017177608,0.037917089,0.03889969,0.0026591956,-0.018040873
0.087678067,0.04259955454683384,0.03064986127150513,0.04384828182017881,-0.016525777,0.039263692,0.040447265,0.0017091868,-0.016845452
0.07559213,0.034551184095950795,0.027209845864762286,0.038481492400175496,-0.014112261,0.031544738,0.035588302,0.0035478179,-0.0142025
0.073687039,0.04447123034958546,0.04001920367001975,0.05231904659658987,-0.0084286993,0.044734012,0.049927544,0.0036694838,-0.015200588
0.084715791,0.04097451548381192,0.038045757246059915,0.04782107656871781,-0.00966594,0.040410142,0.046280038,0.0030163859,-0.011658253
0.078430526,0.0365140003298205,0.029622951396873792,0.04233352670975472,-0.011629112,0.034731098,0.038996171,0.0036960859,-0.016055064
0.088878527,0.03629284813329267,0.027169673658245026,0.0402299865912835,-0.011746278,0.034441113,0.036552764,0.0027451136,-0.016577443
0.079116538,0.04132496600152805,0.03850025636762343,0.05029665022222429,-0.0039262604,0.043227207,0.047987189,0.0040303683,-0.014516847
0.09293101,0.032517524372507114,0.025125855574382166,0.03499820652331244,-0.011350551,0.030507727,0.032617286,0.0019534547,-0.012536791
0.080554821,0.03335810878994371,0.031770584773298645,0.04305082267805114,-0.0063444274,0.033545878,0.040522352,0.0033127842,-0.014154073
0.087635852,0.0329515521364863,0.032213848482207645,0.041962337504157884,-0.0044511654,0.033907853,0.039985497,0.0048806467,-0.011754875
0.090146355,0.047159209823884336,0.03819553757175727,0.05124158700774566,-0.0099112876,0.047024805,0.048485853,0.001874082,-0.016471494
0.085456394,0.04837909465576448,0.039678999953016554,0.05349716140130092,-0.0096015744,0.048481505,0.050508521,0.0025851626,-0.017439969
0.074650995,0.050851373475769554,0.04150533588954141,0.055673617998779686,-0.015050625,0.048854306,0.052684151,0.001958061,-0.017891282
0.087930381,0.053823479319799805,0.04072112201418419,0.05417379768096272,-0.017868731,0.050886869,0.051428329,0.0017235848,-0.016939793
0.087777369,0.041014340132638306,0.03642918685407245,0.04820259976429085,-0.0022857988,0.04358609,0.045797832,0.0033387134,-0.014659543
0.075258218,0.032631495638728275,0.03438123571859416,0.044468529517508085,-0.0013232703,0.034887869,0.042497236,0.0049412162,-0.012125157
0.092765927,0.03207506719174895,0.032062027036454756,0.04124711102053093,-0.0013255936,0.034282401,0.039536647,0.0039087259,-0.011086008
0.079344124,0.04305510215048994,0.041116418594296655,0.05418309165661318,4.8231315e-05,0.04679383,0.051555172,0.0038155392,-0.016226932
0.094888434,0.04304091701764861,0.03817616598096298,0.04979619638889872,0.00016623164,0.046828508,0.047532298,0.0040714322,-0.014274637
0.08206553,0.0303344891008668,0.036537861919669457,0.0453914024103482,0.0037161191,0.034531586,0.043979619,0.0049197101,-0.010097969
0.10335257,0.05791142813369871,0.030877622252600087,0.041233338928165796,-0.039129876,0.046303034,0.039100304,-0.00015705287,-0.013089301
0.11203871,0.058337847708835766,0.026501115029600245,0.035422577865485375,-0.040412702,0.046221752,0.033576768,0.00042201375,-0.011277481
0.11683462,0.05402960860924211,0.022841264404256392,0.03017025217448281,-0.038935132,0.042168643,0.028716156,0.0010537062,-0.0091932695
0.10118594,0.05408391073080417,0.030140708051876006,0.04105488061512835,-0.034690764,0.044029262,0.038636047,0.00024731437,-0.013881568
0.11455555,0.0555088404904985,0.028429241955807386,0.03723438880180207,-0.034754872,0.045550037,0.035558332,0.00087215472,-0.011011089
0.105973,0.05326728882008816,0.029118345619926024,0.03967488831122687,-0.031509139,0.044492636,0.037327364,0.00089517277,-0.013415041
0.09899953,0.0451610838662766,0.02718494976244189,0.035557989071290014,-0.029445905,0.036562167,0.033969536,0.0010878718,-0.010452643
0.10535335,0.04917989208356542,0.026643684239821115,0.03774555487495931,-0.02811135,0.041494526,0.034972049,0.00022763536,-0.014199679
0.098564573,0.04164504066516698,0.01458124085261121,0.023526336606284334,-0.034286913,0.030687591,0.020633927,0.00045351055,-0.011292648
0.10868326,0.042838108677791184,0.013429860140229875,0.022564813683313603,-0.034761287,0.031782333,0.019426325,0.0013982928,-0.01139445
0.11148243,0.048001661598963005,0.022016361232317868,0.033199912196181534,-0.026043767,0.04109218,0.02996045,0.0013953516,-0.014235821
0.11641008,0.04152461693889703,0.011210523906879034,0.018960061146218492,-0.034118619,0.030628204,0.016293878,6.187526e-05,-0.0096948249
0.09679082,0.05335745789846287,0.03515525134246282,0.046840060836804955,-0.026433175,0.046745211,0.044438459,0.0016159599,-0.01471745
0.1100067,0.061831340047475356,0.030369781134422784,0.039334668867552415,-0.041147958,0.049704846,0.037722811,0.00014244321,-0.011143851
0.095671408,0.05938198993097299,0.03788174743946058,0.04975938567277641,-0.030950941,0.051372346,0.047472656,0.00083766889,-0.014887636
0.1126677,0.04189813369223586,0.020643828190705385,0.02936812913633982,-0.023786472,0.035419714,0.027144304,0.0014662709,-0.011114127
0.11049891,0.05334274145955195,0.031990726337142485,0.0428184689378826,-0.022424828,0.048430666,0.040568091,6.7963942e-05,-0.013698418
0.10648695,0.0437112346601346,0.024045920538349776,0.03498037535422669,-0.021792024,0.038235988,0.032054868,0.00088989153,-0.0139757
0.10149283,0.045669796356026714,0.02802687921667009,0.03962159197285115,-0.020969506,0.04071283,0.036717951,0.0018516241,-0.014772749
0.11650821,0.04204665337869527,0.018817122733422363,0.029022016527850716,-0.020578828,0.036942624,0.025945712,0.00099641411,-0.012965517
0.096834585,0.04896970233750551,0.036263063413835124,0.0479522165755317,-0.01569153,0.046538085,0.045621041,0.0017260672,-0.01466821
0.11314269,0.04892321235880726,0.03051324888154723,0.04029222187254365,-0.015559473,0.046543635,0.038365897,0.00065990328,-0.012291689
0.096277416,0.03937984774734568,0.025582678282837727,0.03820944366807472,-0.016013516,0.035983372,0.034601644,0.0023078362,-0.016042497
0.10935728,0.0399876321148027,0.022990546475044484,0.03251250579918629,-0.016220482,0.036555793,0.03012087,0.0016998415,-0.01212051
0.1020789,0.04231683738459279,0.032613919318896116,0.041862891553053394,-0.011122046,0.041250307,0.040230408,0.002479177,-0.011307946
0.10422723,0.03815885375298289,0.026503423162865962,0.03626529250231166,-0.012961673,0.035952363,0.034034953,0.0020606942,-0.01235099
0.10572941,0.034261324153274396,0.02438338670756126,0.03222219351838715,-0.014028446,0.031265423,0.030641122,0.0019273669,-0.0097814444
0.11170984,0.04296621526460321,0.030749954563598126,0.04038978067049244,-0.0074056969,0.043533262,0.038519084,0.0015779134,-0.012046773
0.098067813,0.03428698430979612,0.028013486575055757,0.03845710648612375,-0.0090416064,0.033410087,0.036016773,0.0029467018,-0.013155153
0.11318561,0.03773278118031296,0.025476041000422736,0.03364425041430262,-0.010028292,0.036734641,0.03199622,0.0021442047,-0.01017742
0.11195614,0.03269031206462365,0.024445801346732188,0.03311687623333559,-0.0060329651,0.032952618,0.031209871,0.0015858369,-0.010961595
0.10471385,0.029226570843363803,0.024955561250951868,0.033970262908114675,-0.0042254557,0.029956989,0.031874534,0.0034700627,-0.011222812
0.099537879,0.04587424408295003,0.03513774313960163,0.04695855535124153,-0.0086227097,0.046175838,0.044494227,0.0018839246,-0.01489364
0.11684427,0.04820760521561718,0.03029428703178701,0.040657798300190666,-0.0086020632,0.048719473,0.038472455,0.0011113831,-0.013103114
0.10865468,0.04693189273643944,0.03412701094322549,0.04527649337622727,-0.0053611984,0.048709255,0.043014932,0.0019506277,-0.013995411
0.10637031,0.0496125303351509,0.033048411871483586,0.044937236452411156,-0.012425833,0.048622634,0.042302795,0.0015738781,-0.015078185
0.10391709,0.05335355381880249,0.035335049074601416,0.04756993012060885,-0.018800585,0.049980812,0.044962764,0.0011096083,-0.015492478
0.095283084,0.04902041624884642,0.03923213398979097,0.05162295606363035,-0.0052778111,0.05101354,0.049181785,0.0026703156,-0.015458041
0.095737047,0.04027647069640164,0.034766280896073073,0.04585242803334897,-0.0025553363,0.042670086,0.043614924,0.0032393013,-0.013772817
0.11531925,0.03190301629403952,0.025987529919505134,0.03287867046321804,-0.0025142359,0.033590943,0.031633209,0.0040169973,-0.0080131637
0.1045815,0.041080499021017056,0.03416188229913579,0.044920481538112886,-0.0016118634,0.043944031,0.042781193,0.0030413056,-0.01335551
0.10182934,0.03485427463522041,0.031853983877313245,0.040316127875275935,-0.0017691437,0.037113346,0.038860027,0.0038469639,-0.010024437
0.11403149,0.040132776806272905,0.0305913734261678,0.04104930733243568,0.0003970564,0.043767199,0.038757544,0.0036774483,-0.013014407
0.10706261,0.033263529095466995,0.03142566987166818,0.03957497890116631,0.0016240162,0.036825534,0.03819054,0.0040724594,-0.0095434105
0.099395819,0.028254522923779696,0.028429601581189835,0.03712727579891134,0.0014000944,0.031288899,0.035341777,0.0043753251,-0.010499997
0.097125582,0.024184982301510023,0.031757403951504094,0.03982658991416626,0.0077566286,0.0295661,0.03830367,0.0062199719,-0.0089609195
0.12285663,0.051375421507828464,0.021390632552256702,0.027608618800063957,-0.035150364,0.040891778,0.026503595,0.00077891379,-0.0076934113
0.11767001,0.051047144198286515,0.022568308733651805,0.03144210797622394,-0.029888324,0.042768754,0.029322907,0.00077608362,-0.011321262
0.13716051,0.056080267210401095,0.014679548953467436,0.019583397465671143,-0.036170382,0.045569964,0.01857063,-0.00066781946,-0.0061802245
0.12411667,0.0433695955725481,0.010031257612238637,0.01670804327568178,-0.035088975,0.032220624,0.014451225,0.00048162142,-0.0083719082
0.12727396,0.049899062555905066,0.016711956096012594,0.024265229525485897,-0.030519258,0.041253708,0.022249686,0.00084127788,-0.0096459882
0.13710919,0.052323816052943714,0.013630359520364267,0.019005483226587842,-0.031689707,0.043391038,0.017719058,-0.00044065344,-0.006859242
0.12686068,0.04037679238049492,0.00832579114386945,0.014579934738090133,-0.03328852,0.029733609,0.012318175,0.0011699648,-0.0077115656
0.13566777,0.047491182089220395,0.011814539612162356,0.016837163422151198,-0.028826484,0.039356422,0.015533726,-0.0013293778,-0.0063581588
0.13668498,0.04080271013226034,0.005942023733768873,0.009841369404158883,-0.033117257,0.030269006,0.0085341483,0.00018156083,-0.0048977444
0.13527071,0.058715511556507435,0.016880340875864958,0.022594317648648006,-0.036699973,0.048207991,0.021405216,-0.00033273883,-0.0072255936
0.12567191,0.05655886461062198,0.021480002587023705,0.029875503764686884,-0.0317127,0.047982067,0.02788331,-0.00050356082,-0.010715091
0.117846,0.05883582460158725,0.027561514170071463,0.037111246858086804,-0.031932261,0.050362468,0.035080761,0.00010334712,-0.012106782
0.12710941,0.053396718777185236,0.022458724164844228,0.030377867216097334,-0.025034973,0.047381364,0.028664917,-0.00032060558,-0.010051595
0.13538577,0.055416834306777296,0.018121017120237864,0.02447270028513086,-0.023968786,0.050028507,0.023104956,0.00044327643,-0.0080546616
0.12640834,0.04474859564002534,0.014186148370122524,0.02274493611330147,-0.024159832,0.038357861,0.02000468,0.00020558177,-0.010821397
0.13598479,0.04321565035161612,0.010107869519030357,0.014584969957283422,-0.024203811,0.036673862,0.013412587,5.3926087e-05,-0.0057289572
0.11877536,0.04872382988215841,0.02407592011886061,0.03288152317617822,-0.022147305,0.043530665,0.030911675,0.0003075306,-0.011205728
0.13657372,0.04863070035157715,0.0116237799649106,0.017774910445434756,-0.02309194,0.043028519,0.015950155,0.00052110845,-0.0078274161
0.12309846,0.046462769224827116,0.021647899991476864,0.03016080240067634,-0.020673124,0.041700091,0.028129144,0.00062213471,-0.010864539
0.13663819,0.0527433255911525,0.018776487127246406,0.02456991028372176,-0.020492693,0.048599627,0.023472277,-0.00052854343,-0.0072424682
0.1273445,0.04135946925640145,0.016997864071121145,0.024750966398121313,-0.018544402,0.037059657,0.022669382,0.00079997577,-0.0099030044
0.12212504,0.037209329185626326,0.01665601192701683,0.023448626481520476,-0.018581929,0.03253518,0.02177877,0.00043019262,-0.0086797578
0.13627122,0.04468146780459092,0.013217455256032757,0.018526965599657143,-0.019000487,0.040474948,0.017238695,0.00022085411,-0.0067843255
0.11915354,0.03754488799275299,0.01971507252852083,0.028374858153483028,-0.013493106,0.035059795,0.026091371,0.0017722645,-0.011010541
0.13668658,0.036252235651727756,0.011299772634571405,0.013567061829184894,-0.019750506,0.0309994,0.013332415,-0.00033699648,-0.0024896406
0.12061431,0.04446325290372142,0.026060616133274175,0.03503619992850769,-0.0093496647,0.044334419,0.033126902,0.0011974443,-0.011345034
0.13646369,0.04027892817421841,0.012326709833232342,0.017902218697020023,-0.016463593,0.036769051,0.016410053,0.00078809657,-0.0071118562
0.12468286,0.04234908080820225,0.02327662593713591,0.031560151627566424,-0.0081799515,0.04253418,0.029731814,0.0015505109,-0.010471787
0.13558312,0.04704881873715384,0.01862356886298051,0.024869284039618356,-0.011538999,0.046213958,0.023581758,-0.00031969018,-0.0078917537
0.12480647,0.03657981318642326,0.018469335861831717,0.025276002664696828,-0.011333873,0.034927916,0.023733724,0.00092704204,-0.0086444924
0.12759724,0.03421800194028018,0.01689602732146513,0.023237403316928005,-0.0095697986,0.033110943,0.02173597,0.0020220769,-0.0079646548
0.13488774,0.03370565899648827,0.011921793580171532,0.016260342752502866,-0.012718732,0.031217711,0.015290932,0.0004555966,-0.0055116764
0.13441135,0.04047484234777468,0.019889161809566847,0.025643874209660238,-0.004771885,0.04194472,0.024628477,0.00060950388,-0.0071186312
0.13796495,0.039943411775713644,0.015290748565306813,0.019114182996763738,-0.0099984445,0.039148852,0.018552572,-0.00048758835,-0.0045734365
0.12585725,0.030180224600305207,0.01940745242937449,0.025212740832444194,-0.0041048164,0.031044209,0.024151975,0.00032764659,-0.0072289039
0.13646114,0.033896552402503576,0.012888904072661564,0.017476907227330443,-0.0075759417,0.033608075,0.016468361,0.00068897265,-0.0058103949
0.13620074,0.04515365952361362,0.018802539704456757,0.025709993665037886,-0.0042230953,0.047260549,0.024157766,0.0003600888,-0.0087907026
0.12640491,0.04959219413973599,0.023369657414799773,0.032596986333729046,-0.012247918,0.048676062,0.030381482,0.001064125,-0.011764213
0.13462149,0.05092641377058935,0.01999053458451972,0.027331394132138958,-0.012751805,0.049911618,0.025682028,0.00042492698,-0.009341198
0.12398551,0.05415860901500827,0.027802280361884573,0.037308419120369696,-0.018751713,0.050876137,0.035312537,0.00025038971,-0.012036618
0.1364456,0.030531786788557346,0.013518095743676363,0.017877837619494522,-0.003551055,0.03166119,0.016985755,0.0013174154,-0.0054190056
0.12651931,0.044216311951645305,0.02642403816609538,0.03471458036070524,-0.0031793979,0.046685275,0.033114899,0.00078935188,-0.010386649
0.12036248,0.034758979263850825,0.025930705100506317,0.03312731838203528,-0.0021320083,0.036855794,0.031889033,0.0019361773,-0.0087612793
0.12125651,0.04613431657720767,0.03172966565916168,0.04106754785717498,0.00014411793,0.050179668,0.03937687,0.001538544,-0.011560211
0.1259874,0.03741469172337856,0.02450326279498744,0.03263310537620052,0.00022743488,0.040742379,0.030964287,0.0011650465,-0.010235974
0.13846774,0.029303776696554915,0.014490538855203213,0.017561216040372314,-0.00056178577,0.031595998,0.017214943,-5.6945255e-06,-0.0034701605
0.1355917,0.04089855027737433,0.019700041121860305,0.026727056137659397,0.0011707514,0.044927519,0.025173597,0.001284161,-0.0088868709
0.11987214,0.02935367387100523,0.02664118235477801,0.034240172766087394,0.0061398596,0.034494884,0.032795846,0.0037932557,-0.0090792691
0.12693758,0.03173877148253218,0.02378315872850334,0.030634687994449062,0.0052302331,0.036699846,0.029370163,0.0025687218,-0.0083234189
-0.13618313,0.08519538674570427,0.02559699213004834,0.03399919718628417,-0.051045086,0.070885539,0.032305401,-0.00016086239,-0.010596254
-0.13534302,0.07564664251754477,0.0208222944218144,0.028698196866411882,-0.046728756,0.062344335,0.026882753,-0.00027992306,-0.010041202
-0.13436425,0.0830498026263806,0.026940320530144488,0.03550752294406015,-0.043419134,0.071791686,0.033835661,0.00028787414,-0.010763334
-0.1363724,0.08107073522044278,0.024825472418923338,0.03239261992918554,-0.041267771,0.070554905,0.030982347,-2.0233033e-07,-0.0094538881
-0.1349989,0.06961464233039016,0.019345158436152442,0.02685589859230416,-0.042241041,0.057696331,0.025085468,-0.00019579125,-0.0095875049
-0.13597067,0.07184747281260703,0.020116172492532253,0.027366140082917156,-0.04157415,0.060405068,0.025765829,-0.0002705653,-0.0092170751
-0.13591577,0.07472302807402388,0.02330094831144252,0.03042804855876041,-0.039136767,0.064563565,0.029094143,0.00023947228,-0.0089072799
-0.13414925,0.06614582219330448,0.020938000380843834,0.028032538867210775,-0.036783196,0.05624466,0.026549546,-0.00081342057,-0.0089600887
-0.1361423,0.0734936356449121,0.02454830815880969,0.03287446940466617,-0.030949011,0.066703498,0.031140115,-0.0001989056,-0.010534914
-0.13493823,0.06149726447467191,0.01874975856895546,0.02530307328791592,-0.035098962,0.051909566,0.023897571,-0.00022112846,-0.0083128046
-0.13665567,0.06577613937296889,0.021421766945309,0.027573714660712283,-0.032922249,0.057481926,0.026499955,0.0004730369,-0.0076051536
-0.13603412,0.06723825211301104,0.023024189737255916,0.030601005524141973,-0.026892792,0.06162966,0.029069664,0.00014943136,-0.0095579205
-0.13479039,0.07593075387304135,0.02684357238508723,0.035657154998679295,-0.031346247,0.06918247,0.03387998,0.00016920386,-0.011115351
-0.13455264,0.0784214261048239,0.026545294322652666,0.03562525942273195,-0.03403797,0.070745669,0.033718586,1.4828767e-05,-0.011498515
-0.13547926,0.06835058020392881,0.02528027249805137,0.03293096071410578,-0.024189996,0.063985318,0.031515826,-0.00024726262,-0.0095467139
-0.13493657,0.061760392039296584,0.02188945238452953,0.02996422031576956,-0.024297057,0.056780554,0.028143406,-0.00035524066,-0.010279932
-0.13486016,0.05958503992307417,0.02184390766052426,0.02997760244603518,-0.020423453,0.056061585,0.028115097,-0.0012219407,-0.010329803
-0.13529839,0.06834666491794983,0.02652604355069147,0.03483314328293146,-0.018089725,0.066570476,0.033237278,-0.00042667869,-0.010413893
-0.13635148,0.06029600945953133,0.022832837054704066,0.02979172898450334,-0.01650119,0.058498856,0.028494954,-6.3030195e-05,-0.0086937184
-0.13386077,0.06360276621146302,0.027006535270937194,0.036035599640180944,-0.011287419,0.0643043,0.034172148,-0.0010837192,-0.011386584
-0.13574588,0.05608770339591218,0.022700582394061582,0.030400409122978693,-0.013238834,0.055311907,0.028796632,0.00012091151,-0.0097429072
-0.13663426,0.06255529842214107,0.0252391466893656,0.03335383981597377,-0.0090183951,0.064129516,0.031740449,-0.0011690996,-0.010181146
-0.13599281,0.05297626192208215,0.022802407727141486,0.030368002224532748,-0.0079202317,0.054189373,0.028826449,-1.3903207e-05,-0.0095525496
-0.13571791,0.05744537527382296,0.02515852999395698,0.033462367799519194,-0.0041731959,0.060634963,0.031763673,-0.001326647,-0.010442181
-0.13649382,0.06749032204829612,0.02761918008891076,0.035237464118731375,-0.0090064583,0.069495797,0.033963248,-0.0010922586,-0.0093265017
-0.13755159,0.07417331058720404,0.026508111728607005,0.03536642512363432,-0.020159975,0.072021544,0.033548452,-7.1729599e-05,-0.011192866
-0.1339431,0.07554266732739459,0.030261359095221686,0.03920171484620186,-0.021064125,0.07312537,0.037590936,0.00049925578,-0.011110658
-0.1207107,0.08679638659181425,0.03558905545571286,0.04748106402692246,-0.048511788,0.073700123,0.045038924,-0.00054008327,-0.01502182
-0.11083008,0.08418210002067494,0.04087485126878218,0.05405574893521783,-0.047055338,0.071478292,0.051445544,0.00050442573,-0.016586909
-0.12372064,0.07455045808136973,0.027721833712822896,0.038383227552802206,-0.046386186,0.061298896,0.035888828,-0.00054751779,-0.013600162
-0.11591713,0.07884227833647962,0.036209426674821486,0.048628806297554575,-0.044521987,0.066752665,0.04601201,0.00057569583,-0.015726548
-0.1110471,0.07237851067246297,0.03442412501839917,0.046520572710731956,-0.043481216,0.060172465,0.043914028,-5.3199354e-05,-0.015353143
-0.1247912,0.07061304369496205,0.026860598487873026,0.0368132514440961,-0.043196786,0.058375265,0.034560796,-0.00030667405,-0.012675678
-0.12462007,0.08156252414931925,0.033459486122292804,0.044067794097681724,-0.04187388,0.070831887,0.042003326,-0.00050226582,-0.013320616
-0.12558515,0.07657193536271609,0.030397172399421964,0.041191928611457464,-0.041344956,0.065634824,0.038841195,-0.00046226737,-0.013708496
-0.10874327,0.07758285206554202,0.04144678095772647,0.0538829707499371,-0.036206182,0.068914324,0.051603928,-0.00052341388,-0.015496296
-0.11104437,0.0677102721933355,0.03478071939938175,0.04657909852692007,-0.037015986,0.057845403,0.04412163,3.9471695e-05,-0.014929589
-0.12248275,0.06640260882571908,0.02784745551163048,0.03720915372074055,-0.038696911,0.055711299,0.03527553,-0.00034475408,-0.011833818
-0.11483231,0.06492992064579062,0.03219189257075476,0.042306349963660894,-0.03647276,0.055055525,0.040355131,-0.0006788391,-0.01268187
-0.1147522,0.07312058511791142,0.03688243689848978,0.048240171548608116,-0.034981478,0.06458655,0.046096481,-0.00070726825,-0.014203111
-0.11119945,0.07540934366109327,0.04067138389962673,0.052590261908313854,-0.032473128,0.068137698,0.050463516,-0.00055035303,-0.014794131
-0.12388352,0.07001172345741748,0.030214234912160288,0.040585085447757525,-0.034953158,0.061221227,0.038398158,-0.00050597521,-0.013132959
-0.11673965,0.07135119303116619,0.03719968914591495,0.04826628416283706,-0.03016803,0.06470754,0.046254162,-0.00088116532,-0.013762639
-0.12311812,0.07455477976239686,0.034201157736553044,0.044851919545056074,-0.031524383,0.067612052,0.042820085,5.3374315e-05,-0.013346616
-0.10660975,0.06606375031586166,0.03866201861930309,0.05128927915829931,-0.027145876,0.0602463,0.048750553,-0.0010606175,-0.015901221
-0.10874366,0.06161092857952969,0.0349613606078508,0.046903722047164476,-0.029051308,0.054600123,0.044395201,-0.00081227976,-0.015111766
-0.12317679,0.06382820090640612,0.02784987367892636,0.03783410326806683,-0.03177378,0.055853259,0.035641361,-0.00030005191,-0.012689473
-0.12379941,0.06077621484435622,0.027977284774326948,0.03778794615617126,-0.027912475,0.054176729,0.035677485,-0.00028457987,-0.012448492
-0.12356764,0.0793897939164099,0.03479306896134101,0.04690603461710955,-0.032649368,0.072387092,0.044318173,0.0003391577,-0.015361009
-0.12230457,0.08434536934819799,0.034825060547448584,0.046092984851656145,-0.043524187,0.073154546,0.043855004,5.6939392e-05,-0.014187975
-0.12462468,0.07784037545468778,0.035009652284148755,0.04653284458995333,-0.026527368,0.0733025,0.044202939,-0.00036447236,-0.014535232
-0.11445051,0.08220398973248909,0.04050058018308332,0.05346689624457803,-0.037166208,0.073527038,0.050918076,-0.00054641219,-0.016302146
-0.12530306,0.06612679056565676,0.030295161391708847,0.040562216844720785,-0.025685331,0.060934749,0.038425654,-7.9636964e-05,-0.01299062
-0.12540974,0.07235828943609686,0.03319547277576042,0.04440287076991794,-0.024821891,0.068070911,0.042078007,-0.0004513973,-0.014172244
-0.11267481,0.07447692947822802,0.04100623742051987,0.05389844741418761,-0.023497934,0.070934504,0.051401116,-0.0015083248,-0.016145986
-0.11266829,0.06277774131258061,0.03577404953412399,0.047711087447832395,-0.023667248,0.0581531,0.045260716,-0.00082718779,-0.015070873
-0.11696968,0.06647460476588046,0.03699299089819154,0.048356003038909204,-0.021565029,0.063061565,0.046217136,-0.00071691308,-0.014204415
-0.110964,0.06852786661090453,0.04070005133760998,0.053240817324884775,-0.020216905,0.065864392,0.050868627,-0.0011212837,-0.015675144
-0.12152437,0.06674888963103029,0.035245330774994886,0.04604851368090088,-0.020776382,0.063694298,0.04402151,-0.00044384121,-0.013504639
-0.12546593,0.06252641256296193,0.03199009585286486,0.04237183101741688,-0.017338645,0.060566399,0.040300276,-0.0006771037,-0.013069099
-0.11422344,0.05601684390323605,0.03406139300519647,0.045726932732550574,-0.015670307,0.054202829,0.043267224,-0.001053423,-0.01475771
-0.11280368,0.060956273444897596,0.038256661468324044,0.04962503158801441,-0.014654632,0.059999958,0.047554567,-0.0013423187,-0.014121087
-0.1247841,0.05597588258064907,0.027976725635364626,0.038153855153118074,-0.017420614,0.053415369,0.03587437,-0.0014075411,-0.012913755
-0.11157551,0.06385563559400975,0.04031652100950523,0.052451825928692,-0.011619821,0.064437911,0.050195761,-0.002104339,-0.015071542
-0.11907797,0.052833359462417885,0.030652825978605188,0.04182020085188483,-0.013242221,0.051775079,0.039319608,-0.0013376019,-0.014181271
-0.12598817,0.06575316274817941,0.03338642628656269,0.04446898960342517,-0.011783782,0.066429712,0.042202104,-0.0010714257,-0.01397589
-0.12267017,0.06176449943319996,0.034380442316034085,0.04517358776627745,-0.010822517,0.062504619,0.043089747,-0.0010264948,-0.013523056
-0.10781695,0.05607035438587005,0.04029079010742409,0.05187450388821893,-0.0067935134,0.058028936,0.049803831,-0.0029159731,-0.014214066
-0.11650635,0.0557647662850574,0.03611514692033992,0.04711558390174247,-0.0082172379,0.057092622,0.045047406,-0.0017453338,-0.013695374
-0.12518242,0.056969018443010756,0.03188216040643868,0.04196127837964891,-0.0073088915,0.058786444,0.039986037,-0.0017259042,-0.012605038
-0.12508248,0.070356024538934,0.03488271613199073,0.04619440769517118,-0.014847334,0.070129678,0.043933939,-0.0011586769,-0.014226376
-0.10505944,0.07100031312654863,0.04617076651753149,0.05875687362678438,-0.010150277,0.07282339,0.056656215,-0.0028442317,-0.01530862
-0.11745964,0.073738820641633,0.0406199971281265,0.05258534386447372,-0.016955642,0.07290969,0.050425693,-0.0015313248,-0.01483654
-0.094865046,0.08394305564279489,0.04566292930458324,0.06087437706638111,-0.048520569,0.07059665,0.057762221,-0.00020248922,-0.019213917
-0.10149311,0.07558910025925203,0.03821039856180296,0.05228530450704262,-0.046296392,0.062465351,0.049115889,-0.00058085722,-0.017917732
-0.089740589,0.07510211443240758,0.04232764478668898,0.05781922017986805,-0.045640301,0.062214803,0.054351348,-0.00057888933,-0.019714413
-0.08973901,0.08405492111489829,0.04787545625406192,0.06343663251647029,-0.045264725,0.0721002,0.060327157,-0.00095695083,-0.019593997
-0.082778901,0.07810610487402286,0.04624885963450377,0.062278770132050416,-0.044172596,0.066101223,0.058861405,-0.0013166476,-0.020303858
-0.095745087,0.0760576388739641,0.04214810346267806,0.05718387894444615,-0.044305496,0.063819438,0.05389766,-0.00018362279,-0.019105092
-0.082749926,0.06772753341609879,0.04194102302326393,0.054794004879253864,-0.043602426,0.055068377,0.052376594,-0.0011913682,-0.016051667
-0.092275567,0.0701965786329389,0.04102919244757733,0.05524747498043259,-0.04169701,0.058559451,0.05222258,-0.00052503741,-0.018022485
-0.10453318,0.08113417395505293,0.04333245821027801,0.0570236170731017,-0.04063037,0.070894383,0.054368697,-0.00067785342,-0.017183661
-0.10437663,0.07499523793497184,0.04012791846743885,0.05361948459827344,-0.040404119,0.064321324,0.05083362,-0.00023059637,-0.017056935
-0.082872383,0.07509302313234435,0.04810108046754615,0.06310424995516566,-0.038884196,0.065072723,0.060230769,-0.0011645898,-0.01878948
-0.090713196,0.07944823104230327,0.04772540142725052,0.06277141848558837,-0.03850555,0.069964774,0.059852269,-0.001511596,-0.018859267
-0.097051226,0.0783632024007322,0.045781285824835004,0.060488283898494,-0.036349304,0.069701314,0.057585958,-0.00077259511,-0.018495757
-0.097437352,0.06900129409876417,0.03967494415663092,0.053810329852534824,-0.037618738,0.058992065,0.050724234,-0.0003076244,-0.017958537
-0.10354833,0.06860506958118073,0.03839269515791828,0.05213384526176431,-0.036693141,0.058954515,0.049120516,-0.00043415636,-0.01746208
-0.084303975,0.06734497299118995,0.04372104855774177,0.058754732665132946,-0.035249755,0.058198277,0.055575754,-0.0010987078,-0.019032788
-0.090598159,0.06533757294496657,0.0400387499516332,0.05395896173752871,-0.035730295,0.05581354,0.050974905,-0.0016537851,-0.017617991
-0.091586046,0.07149801258387092,0.04642067484120547,0.060061223481716726,-0.031156456,0.064447477,0.057607982,-0.0016372433,-0.016911251
-0.098809749,0.07429378519280827,0.04467328842462243,0.058478584415637275,-0.031073701,0.067519821,0.055861909,-0.0009716308,-0.017269855
-0.10126936,0.06340134805293066,0.03726146816072909,0.05036483674014416,-0.032612633,0.055033471,0.04752519,-0.0015653152,-0.016598882
-0.087873615,0.06065468152483082,0.041861503778617644,0.05567289859205418,-0.029043475,0.053564619,0.052868579,-0.0010629016,-0.017414225
-0.09600319,0.06453266401373679,0.04121425497594812,0.054736503089893584,-0.029229181,0.057698678,0.052000489,-0.001470203,-0.01702564
-0.083166674,0.06292073926019205,0.04469362675436052,0.059151098109746815,-0.027535457,0.05666649,0.056272287,-0.0012659782,-0.018184593
-0.088677578,0.0753678013543825,0.048179797509903526,0.06281086568696419,-0.031177612,0.068642482,0.060080521,-0.0017478587,-0.018234057
-0.10306587,0.08521373001512997,0.04421940178087658,0.05899989169456822,-0.044443157,0.073707819,0.055963192,-0.00073201035,-0.018670097
-0.092011966,0.05842860120900471,0.04080531608447602,0.05437432213180793,-0.025402563,0.052691769,0.051598094,-0.00098155963,-0.017124256
-0.10312576,0.06875100198383587,0.04276449252185114,0.055727209751144875,-0.024515823,0.064282015,0.05332249,-0.00082621165,-0.016172549
-0.094674319,0.06916708141821445,0.0455638375350427,0.05933321045339704,-0.02417692,0.064877883,0.056777734,-0.0016301651,-0.017148217
-0.087234482,0.06823786486748856,0.04738296950278024,0.06161430740692518,-0.023534274,0.064141206,0.058983702,-0.0020807507,-0.017689439
-0.10261249,0.07146011762508175,0.04377265454139722,0.05752678248220358,-0.023389902,0.067703016,0.054869097,-0.0012788709,-0.017235933
-0.088443168,0.07442126923421905,0.049303698065930594,0.06426326380995633,-0.022504346,0.07129579,0.06147334,-0.0018400735,-0.018638929
-0.098116145,0.05924227152193186,0.04103283094745726,0.05410810720518985,-0.020456793,0.055675063,0.051539041,-0.0015365003,-0.016402856
-0.096318103,0.06475712259241054,0.04429291466168916,0.05777679025207406,-0.017589482,0.06288328,0.055238273,-0.0023491443,-0.016774153
-0.10395005,0.0600794486681728,0.04025574106817251,0.05253286629775166,-0.017571602,0.05780923,0.050225452,-0.0017625146,-0.015297044
-0.086594313,0.06481907786971272,0.04799215543529649,0.06177819971404686,-0.015888728,0.063672513,0.059357226,-0.0019786104,-0.017010314
-0.088607676,0.060493372585326624,0.044913008982072754,0.05871251811523973,-0.016425017,0.058745597,0.056087893,-0.0024198922,-0.017188722
-0.092538089,0.06919305898323326,0.048157116861006266,0.062138789056596797,-0.014935208,0.068828978,0.059642076,-0.0024843847,-0.017259192
-0.10113466,0.06421504483836833,0.04359627832302959,0.05655585129947742,-0.014022861,0.063808329,0.054169845,-0.0026288098,-0.016039999
-0.092727616,0.05679643211816082,0.04395234667610474,0.0569039809065048,-0.01080492,0.057114977,0.054536175,-0.0028518764,-0.015991731
-0.086492859,0.05816992898077489,0.047033516321558284,0.06007628056126441,-0.0079014935,0.059839521,0.057851586,-0.003002034,-0.015916698
-0.1012997,0.0604251082499111,0.04400200208136717,0.05632326800234447,-0.0087261535,0.061939411,0.054196861,-0.0028369518,-0.015065274
-0.091947205,0.0625773866027819,0.04758330965711062,0.06110467226697834,-0.0071149105,0.064961493,0.058721516,-0.0033708839,-0.016559036
-0.10205475,0.05482535337582155,0.0405174578349194,0.052616330006786366,-0.0089346822,0.055767544,0.05037627,-0.0024966416,-0.014982536
-0.094189651,0.05532178704452279,0.045286161166175,0.05725971739407907,-0.0048413672,0.058044359,0.055308469,-0.003515732,-0.014397504
-0.086564004,0.07018439169805374,0.050999643369178185,0.06475049071917727,-0.010351418,0.071851626,0.062461603,-0.0038376267,-0.01662669
-0.087392487,0.050523729013055144,0.04453666716170711,0.056640206537435456,-0.0030771303,0.053580813,0.054590195,-0.003765061,-0.01462354
-0.075563639,0.07686033065806042,0.046155061296484744,0.06250698162891383,-0.0480102,0.063118897,0.058956072,-0.00019650138,-0.020766938
-0.081670836,0.08324015756159317,0.04942512172331867,0.06503813143836346,-0.045988455,0.070907868,0.062009633,-0.00096608611,-0.019591596
-0.065749973,0.08400552876842587,0.05231434995387765,0.06953487554698204,-0.04578314,0.071826488,0.066052996,-0.00047212237,-0.021722747
-0.066923842,0.0734181987970472,0.047316492643049705,0.06236163319055594,-0.045954239,0.060252205,0.059422877,-0.00095078949,-0.018894205
-0.06772133,0.06735041576155047,0.044114266811145615,0.05701415466897284,-0.044629119,0.054222886,0.054718863,-0.00046147275,-0.016007714
-0.072680198,0.08038741920344097,0.05068129227899702,0.0668736439145287,-0.043784454,0.068744309,0.063697457,-0.00069005624,-0.020352937
-0.075356603,0.07241045273739492,0.046413854374320294,0.06201366206098428,-0.041780014,0.060929283,0.058792699,-0.00049524987,-0.019719725
-0.066638663,0.07945482274875362,0.05253649957941869,0.06864882746543027,-0.039836239,0.069407091,0.065622926,-0.00079531741,-0.020141017
-0.065045916,0.06750184236487376,0.04768119238075788,0.06316400441394594,-0.037528582,0.057401389,0.06007427,-0.00083809876,-0.019495413
-0.063543133,0.0749589273202757,0.052244834938423045,0.06803665634743672,-0.035472061,0.066375412,0.065119766,-0.00047931369,-0.019702105
-0.069837831,0.0726123364293269,0.049676271815751266,0.06509871073964006,-0.036249343,0.063496232,0.062154293,-0.0016113372,-0.019289624
-0.075559288,0.06741583503548662,0.04641837748650032,0.061258249248731314,-0.036286883,0.057835024,0.058341082,-0.0011335055,-0.018644206
-0.076875359,0.0617484775545513,0.0439231375054139,0.056641085418463306,-0.036058795,0.051775049,0.054400697,-0.00089366443,-0.01574732
-0.074611217,0.07654436016384075,0.05153468066408347,0.06705765918393786,-0.034042519,0.068704568,0.064186238,-0.0018922223,-0.019320352
-0.062219225,0.06280630932510872,0.04665825333236968,0.06151197508891886,-0.033616371,0.053960983,0.058597341,-0.0016878354,-0.018633999
-0.081909567,0.07200681863924309,0.04930354227555805,0.06383936695204202,-0.032902248,0.064259179,0.06122648,-0.00083675038,-0.018057762
-0.069799721,0.06777343044060634,0.04951962139734361,0.06476995049451371,-0.029821424,0.060967926,0.061883967,-0.0015741463,-0.019053692
-0.07556621,0.07240081087772389,0.05053103855519582,0.065545947724725,-0.027819062,0.066844881,0.062811404,-0.0017814615,-0.018650072
-0.076585867,0.062331985242915916,0.04513211674200753,0.059681563749433134,-0.028611721,0.055570044,0.056785237,-0.0018718576,-0.018270798
-0.081047095,0.07695179908682458,0.0501915256229251,0.06593566203666133,-0.028622936,0.07144767,0.062891409,-0.0019488119,-0.019707469
-0.066198416,0.07325330389304541,0.054133992955151915,0.0699800825111303,-0.025759052,0.068645418,0.067150667,-0.0013459052,-0.019651677
-0.067744642,0.05930489568746075,0.04684188560913202,0.06182702847460826,-0.024088927,0.054201346,0.058871921,-0.0016818098,-0.018810898
-0.072418854,0.06675296537310407,0.05186885739988975,0.06588950661088276,-0.023129892,0.06269972,0.063611202,-0.0015088231,-0.017110392
-0.064630449,0.0692828954374962,0.05322874081295235,0.06851883427203712,-0.021529634,0.066127405,0.065835245,-0.0021192299,-0.018869553
-0.079166815,0.06644459555763953,0.04949574610615483,0.06384659047887796,-0.021509886,0.063052371,0.061292831,-0.0023453743,-0.017722167
-0.06490773,0.06405748024476222,0.05246270984494098,0.06650512859931697,-0.020827491,0.060748763,0.064243704,-0.0019826523,-0.017080624
-0.081877887,0.059014193205360554,0.04414911045603207,0.058747790957406905,-0.020989837,0.055201024,0.055759605,-0.0021676689,-0.018370373
-0.079476535,0.0697422746564188,0.05097629832199391,0.0658275010491634,-0.019485099,0.06749431,0.063170925,-0.0023867355,-0.018357495
-0.072326258,0.058998533599221664,0.04770294693849595,0.06201262410061304,-0.019116018,0.055979401,0.05937456,-0.001922498,-0.017791323
-0.073279858,0.05474705382385885,0.0457228877609561,0.06038327006761685,-0.015209906,0.053018808,0.057460874,-0.0027649759,-0.018350536
-0.067498818,0.06414968566840504,0.051072780458336985,0.06581295200985628,-0.014176831,0.063671969,0.063191153,-0.0029157861,-0.018158222
-0.07740932,0.06303071635695451,0.04998355901349186,0.06418171204953531,-0.013586987,0.062706739,0.061705083,-0.0027294704,-0.01744491
-0.070573561,0.06076074262087567,0.050546608185015704,0.06469237785240427,-0.0093046045,0.062058493,0.062237538,-0.0037073377,-0.017258281
-0.079628401,0.05942726647261073,0.048319046406641045,0.062079822196050516,-0.0095878895,0.06048961,0.059657265,-0.0031562883,-0.016880548
-0.061630487,0.05885542728921136,0.05205760655962107,0.06631879406984416,-0.0078904144,0.060588922,0.063923128,-0.0032513018,-0.017362177
-0.068013273,0.05577876572559134,0.05004595629207189,0.06347724553263741,-0.0071530533,0.05755955,0.06126051,-0.0035836096,-0.016237868
-0.07705351,0.05529106149419926,0.04820270639564041,0.061405062430965794,-0.0052047456,0.057856735,0.059164621,-0.0036827393,-0.016017701
-0.07468003,0.06988135829813873,0.05351296815335223,0.06790088078973883,-0.010642228,0.071398981,0.065528661,-0.0036156061,-0.017419862
-0.069618024,0.07152384226328483,0.055771263315736244,0.06992534654823941,-0.011662775,0.072750114,0.067776375,-0.0030177198,-0.016935479
-0.064413734,0.051270900302595936,0.05024668602738372,0.06283028549120319,-0.0020846033,0.054813813,0.060898263,-0.0042317207,-0.014870739
-0.041695476,0.08111228307653245,0.05340884378571237,0.0713511623005216,-0.04879348,0.067405567,0.067646056,-0.00092799129,-0.022674618
-0.051117942,0.08523637209772725,0.05436061320095111,0.07257372678025815,-0.048272271,0.072107054,0.068823367,-0.00085032685,-0.023012321
-0.058401354,0.076775050749516,0.04907037113165224,0.06582200263561083,-0.047367927,0.063298881,0.062305745,-0.0011012837,-0.021197107
-0.050032552,0.07551175569186085,0.04989044616848433,0.06675534272025321,-0.046112739,0.062459283,0.063253604,-0.00048265967,-0.021331301
-0.040470298,0.07692321237502615,0.05286426725614547,0.07004161708814359,-0.043843362,0.064955927,0.066613644,-0.00057252677,-0.021636145
-0.059686791,0.07219739404181491,0.04895655771908864,0.06497424267013982,-0.042936847,0.060206778,0.061742879,-0.0017170621,-0.020162361
-0.051604494,0.08090599671602847,0.055339879539711916,0.0726096031352076,-0.040928002,0.070520163,0.06930238,-0.0011314744,-0.021634564
-0.044210374,0.07341102076854109,0.05151653046584061,0.06886503368800685,-0.041079566,0.062313583,0.065269016,-0.0014014995,-0.021917669
-0.047023684,0.0662902083799274,0.048272736658169446,0.06364017024543316,-0.040252682,0.054928806,0.060637765,-0.00054400257,-0.019308982
-0.057985023,0.07972544489493591,0.05421424391965224,0.07095171161932887,-0.038904276,0.070096679,0.067785345,-0.00086373981,-0.020941498
-0.054976847,0.06671934734922784,0.04873667274911516,0.06360817621542038,-0.039703831,0.055627979,0.060830038,-0.00083125144,-0.018574595
-0.051936191,0.07141169941275258,0.05116870187557382,0.06742118217619501,-0.039337657,0.060880996,0.064249508,-0.001099693,-0.020406058
-0.042837124,0.06847882292049404,0.05070501498779033,0.06775157918276384,-0.037360612,0.058534041,0.064229317,-0.0008218119,-0.021545207
-0.050552506,0.07522942862621398,0.05465015882577074,0.07122617752390586,-0.034268338,0.067180224,0.068147071,-0.0012506284,-0.020678032
-0.057689559,0.07489715045468318,0.05394225518209838,0.07011512305365163,-0.031810798,0.067862414,0.067150295,-0.0011347667,-0.020141516
-0.03846959,0.06413716829745482,0.05023199579471955,0.06665855618944032,-0.032434203,0.055908576,0.063358784,-0.00057639804,-0.02070496
-0.059024803,0.0686679896491591,0.04992670506468286,0.06590206305827684,-0.032358337,0.060862884,0.062762104,-0.00087729137,-0.020080602
-0.047614254,0.06638774701634582,0.051316261646221564,0.067396082806814,-0.030648692,0.05911142,0.064301275,-0.0012413227,-0.020150363
-0.039533451,0.06971198574968715,0.05539936548654085,0.0713410865849088,-0.028183041,0.063769348,0.068552762,-0.0011557291,-0.019716332
-0.048490804,0.0607599061048438,0.04881633805428763,0.06476738713184621,-0.028946053,0.053720284,0.061560877,-0.0011687903,-0.020092456
-0.047957268,0.07110370126276822,0.05445540775947608,0.07092601134381883,-0.025834406,0.066278189,0.06787394,-0.0014223719,-0.020533003
-0.040993482,0.06050117705024914,0.050059652986386274,0.06636725199372082,-0.026700398,0.054392435,0.063098393,-0.0012718021,-0.020532595
-0.060124733,0.06453933364585597,0.04995326041853261,0.06551575751246765,-0.026992442,0.058655363,0.062531717,-0.0017385584,-0.019469881
-0.052742299,0.0633062203033611,0.05046655991924013,0.06634695575703395,-0.026226141,0.057641033,0.063278869,-0.0010205109,-0.019916371
-0.043138463,0.07470227845215553,0.055986818770911995,0.07264223265177482,-0.029611753,0.068584152,0.069615312,-0.0012027893,-0.020716071
-0.043345794,0.07881186967302696,0.056754631593399565,0.07374131298548713,-0.035378173,0.070600949,0.070634462,-0.0010715137,-0.021151971
-0.059436519,0.08467816109698756,0.05443384656816777,0.07184198173872702,-0.044797037,0.072975785,0.068425015,-0.00052113493,-0.021886436
-0.045001816,0.08383664425393444,0.05711723954436898,0.07468465156756725,-0.04128699,0.073551521,0.071376644,-0.00062025664,-0.021972418
-0.05298546,0.07935359564106012,0.055911839393919145,0.07300890789323809,-0.029664693,0.073614687,0.069805548,-0.0011839091,-0.021356134
-0.054763451,0.06997270690192697,0.05393312750395438,0.06972955310817856,-0.025551811,0.065169476,0.066902556,-0.0016833352,-0.01958124
-0.057836834,0.0601303818576633,0.0499768043482528,0.06517264857541641,-0.021654746,0.05613137,0.062329344,-0.0020183309,-0.018932864
-0.038930934,0.06649178947713028,0.0549060045744277,0.07069252761708818,-0.021205794,0.06323272,0.067930982,-0.001418547,-0.019514171
-0.053793423,0.0730209704762455,0.05549987450574475,0.0719180597934641,-0.020079123,0.070804007,0.068938948,-0.0021764303,-0.020368896
-0.04511572,0.06390163447329206,0.053471755419275235,0.06883421622657224,-0.019669032,0.061071195,0.066145934,-0.0016253382,-0.018979542
-0.042676635,0.07185723072218668,0.0572751832240976,0.0732293950247185,-0.017501708,0.070633814,0.070540033,-0.0016110371,-0.01959726
-0.054058559,0.06506294565981613,0.05364561116195057,0.06902000365967875,-0.016187472,0.063810632,0.066329785,-0.0020847544,-0.018967718
-0.049338136,0.05908153688686629,0.05119510581102558,0.06623129997664275,-0.015824679,0.057466663,0.063527025,-0.0018936943,-0.018636419
-0.047689829,0.06670755767911965,0.05569168671351176,0.07150227285803532,-0.014942843,0.066125587,0.068759598,-0.002485452,-0.019455468
-0.059651643,0.05641633786210615,0.04890928093506246,0.0636802216689664,-0.015732175,0.054610562,0.060910456,-0.0030627821,-0.018322291
-0.059422132,0.06300078917168381,0.052438773222459364,0.06749454634593759,-0.012752533,0.063028432,0.064835258,-0.0028876259,-0.018535499
-0.042419974,0.05908213943070482,0.053453845253827265,0.06773577968346167,-0.012018431,0.059082974,0.065439336,-0.0021056815,-0.017360739
-0.051780585,0.054610135422774715,0.050770893807696386,0.06496908540659406,-0.0094514331,0.055314392,0.062531315,-0.0029797284,-0.017376361
-0.050211906,0.06030126849081724,0.0543438250670996,0.06849872412404909,-0.0073886216,0.062372625,0.066271365,-0.0031164929,-0.017043147
-0.043863095,0.05397496561609172,0.05203119009990838,0.06573119332538616,-0.0067555881,0.055768687,0.063559964,-0.0024527232,-0.016574224
-0.058497619,0.06971657213809206,0.05627193054425246,0.07138488151914134,-0.012356923,0.070492119,0.068935201,-0.0024005615,-0.018384142
-0.047784615,0.04941643788369026,0.049480574766496366,0.06310756355290552,-0.0028928409,0.052456122,0.06078539,-0.0036447027,-0.016565539
-0.01713448,0.08378920591302863,0.056071783111423704,0.07488273662268687,-0.050247632,0.069696419,0.071007259,-8.7153181e-05,-0.023777843
-0.023798367,0.08251453324902405,0.05640016368888746,0.0746127353203368,-0.047656018,0.06941174,0.071000107,-0.00083225028,-0.022920568
-0.023627475,0.0752401282053145,0.052282827083638156,0.06976300149268229,-0.047489569,0.061579768,0.066173814,-0.00014364063,-0.022088053
-0.017383276,0.07250690940542191,0.051632076664802865,0.0683171778289312,-0.046700668,0.058945376,0.065007545,7.318479e-05,-0.021005964
-0.030345831,0.08544287095714108,0.05763436124299338,0.07618165709056383,-0.046349175,0.073147692,0.072514214,-0.0010470895,-0.023328893
-0.033646848,0.07570008822415814,0.05228048226755213,0.06988425553381995,-0.046013772,0.062705889,0.06624341,-0.000448001,-0.022258012
-0.037108406,0.07077654135390771,0.04953307033696974,0.06615148372724274,-0.045218643,0.057694655,0.06272506,-0.0007440435,-0.021000763
-0.027990133,0.07129452422150813,0.05166774288142869,0.0677184169314473,-0.044586886,0.058525536,0.064662106,-0.00074206642,-0.02010088
-0.018964354,0.07831474314857279,0.056435289921214375,0.07435476682947542,-0.043267999,0.066711858,0.070864432,-0.00034168805,-0.022511039
-0.025619807,0.06626762515036884,0.05114929452534312,0.06609810444552847,-0.041621014,0.05432345,0.063440874,-0.00029370293,-0.018550705
-0.028106194,0.07966774387359046,0.05687860179104562,0.0745862249617986,-0.040235959,0.069468729,0.071203455,-0.001198066,-0.022175157
-0.035426095,0.08011736332679346,0.056940037450126726,0.07435235934201892,-0.039286941,0.070360012,0.071093366,-0.00075580325,-0.021758571
-0.018533714,0.06896911767431534,0.052848288965953304,0.06943297484744422,-0.039170276,0.058298521,0.06624116,-0.00065318006,-0.020799521
-0.033014666,0.06620368066980112,0.05101507500911501,0.06646085155465409,-0.038695086,0.055495966,0.063600607,-0.00080907292,-0.019270521
-0.026111674,0.0742853137990306,0.055226943200170145,0.07222778259497833,-0.036978751,0.065004073,0.069021203,-0.00094226975,-0.021261191
-0.034385491,0.07101383100932082,0.053712432888976036,0.07044666585993611,-0.035758089,0.061968204,0.067250021,-0.00080699072,-0.020964641
-0.03361278,0.07622524765084371,0.05704459559055629,0.0739125496735201,-0.033354122,0.068650104,0.070864499,-0.0015198491,-0.020951798
-0.023483898,0.06225209444744596,0.05054833500365748,0.0662516676334178,-0.034261733,0.053084966,0.063262321,-0.00057278934,-0.019668099
-0.021700095,0.06919987197425712,0.0541621646246634,0.07090003657246033,-0.032075658,0.06156069,0.067732096,-0.00055099436,-0.020949338
-0.017738963,0.07389176479388476,0.05841779697986401,0.07525761714254517,-0.029961152,0.067555331,0.072308406,-0.00096948294,-0.020838989
-0.028170584,0.06963140578976366,0.055036958535039884,0.0713561786456662,-0.030594341,0.062658273,0.06839785,-0.0014848857,-0.020278892
-0.031089481,0.061489385452050196,0.049751411947594755,0.06572106808933818,-0.030612405,0.053805437,0.062571473,-0.00092620531,-0.020080132
-0.022676574,0.06327027438895805,0.05332789106813139,0.06962555957258064,-0.026233552,0.057598837,0.06657511,-0.00099605706,-0.02035881
-0.026436042,0.07407001276622266,0.058163107024365064,0.07500486102705128,-0.026143756,0.069369361,0.07204055,-0.00087036559,-0.020859789
-0.020423349,0.07834686916913294,0.05818120462722318,0.07571900676866516,-0.035286106,0.070134871,0.072489664,-0.00050328876,-0.021871518
-0.031610955,0.06645384788133132,0.0551828716382326,0.07100602324770201,-0.025320299,0.061444998,0.068237767,-0.0020265868,-0.019528324
-0.021925392,0.05780534683685224,0.04917845064874796,0.06499945716447339,-0.025326123,0.052047137,0.061866224,-0.0014437682,-0.019885052
-0.035075694,0.07230071697441173,0.056601025149026096,0.07315365361467577,-0.024561156,0.068119042,0.070197068,-0.0017255044,-0.020514661
-0.036741987,0.056909184632779275,0.04903209851415088,0.0649935561469518,-0.023362925,0.05190691,0.061798576,-0.0010385453,-0.020100243
-0.016028507,0.07012943480047956,0.05799099430400498,0.07452295186198947,-0.022684569,0.066556811,0.071657442,-0.0016774652,-0.020397732
-0.029938001,0.061116821055525836,0.052969474562714954,0.06910830617975361,-0.021564141,0.057241458,0.066091932,-0.001510985,-0.020137811
-0.021860356,0.06769097167964033,0.05694055115900537,0.07292478771493292,-0.021195883,0.064539671,0.070216052,-0.00013233931,-0.019690434
-0.027805157,0.07042686245513466,0.05766980913045701,0.07386422480882851,-0.017572703,0.069049783,0.071110584,-0.0013952804,-0.019931426
-0.017456159,0.05988202039715675,0.05463870725761955,0.06930883150000934,-0.017525144,0.057614472,0.066948675,-0.0013221762,-0.017884096
-0.027369816,0.05577136720712176,0.05064446829109812,0.06622849156859874,-0.01790606,0.052987132,0.063283786,-0.0014805705,-0.019472633
-0.030801797,0.06491360060392955,0.05697922405709999,0.07262618616296104,-0.01436516,0.064421915,0.070027962,-0.0019970729,-0.019148346
-0.034642555,0.0589368438464558,0.05349865083174648,0.06843283459499852,-0.014647731,0.057809059,0.065903127,-0.0018769962,-0.018338691
-0.019957308,0.055246029252503645,0.05125726058623266,0.0664967714586054,-0.014950216,0.053671107,0.063718863,-0.0018463933,-0.018929288
-0.023576332,0.06248569567945732,0.055859090702000354,0.0710044257929045,-0.014038722,0.0619229,0.068540782,-0.0010549256,-0.018511532
-0.0379203,0.06377795681745696,0.05564840690999524,0.07091078624275941,-0.013906868,0.06338273,0.068378948,-0.0020272222,-0.018669479
-0.021191197,0.06555113352642711,0.058439810845509046,0.07364583474890353,-0.010417768,0.066790074,0.071297847,-0.001302034,-0.018401921
-0.02757561,0.05372036716129445,0.053143094971738206,0.06700882710329377,-0.0083154105,0.054829996,0.064836025,-0.0025340712,-0.016734732
-0.01900865,0.05165722106738719,0.050801320253106436,0.06506719690975199,-0.0087961312,0.052384622,0.062646575,-0.00066403375,-0.017570026
-0.027871465,0.06004420170224384,0.05623035172748176,0.07051522974486193,-0.0075293551,0.06203362,0.068360671,-0.0023532757,-0.017137047
-0.017831422,0.05789346103320471,0.05656099562136926,0.07008226646080144,-0.0062161242,0.060254574,0.06822753,-0.0011217509,-0.015977168
-0.034549054,0.05712781583962077,0.054878282504256,0.06872627768080107,-0.0063719153,0.059356678,0.066657886,-0.0022216206,-0.016585894
-0.034991473,0.07115101144279044,0.05924258756263831,0.07427932710672672,-0.011775461,0.072297253,0.072029918,-0.00158473,-0.018072022
-0.020510964,0.07402794950276043,0.059912595362588736,0.07599515303890106,-0.017148834,0.073141783,0.073411494,-0.0011760333,-0.019612057
-0.035560917,0.05047976892508274,0.052447370780305445,0.06528808674025048,-0.0014001274,0.054244902,0.063442722,-0.0023482929,-0.015232886
-0.0073207086,0.08519803449052203,0.05704924723540833,0.07607276578109061,-0.05105374,0.070884742,0.072176144,-0.00048182442,-0.024029935
-0.0058866572,0.07353494123124081,0.05207869582563224,0.0694060900366738,-0.046135452,0.060302109,0.065865301,-0.0002686691,-0.021883676
0.0034509446,0.07981152125790843,0.055924547558479795,0.07424838765890132,-0.045566134,0.067362398,0.070560083,-0.00065810408,-0.023101183
-0.0062224888,0.08193824089280534,0.058704257384768276,0.07662175328866805,-0.042371452,0.071028844,0.073276348,-0.00057352887,-0.022386178
0.0046373252,0.07382226219344808,0.053752840811944605,0.07192055010785464,-0.04213693,0.062311515,0.068149313,-0.00040540643,-0.022979824
-0.00061167439,0.06921403270302576,0.05186585203115762,0.06832680098053978,-0.041229159,0.057690643,0.065121599,-0.00046623865,-0.020676356
-0.002978594,0.07667388670049147,0.05698500036685202,0.07452125935520856,-0.040449329,0.066125751,0.07121706,-0.0006391675,-0.021934902
-0.0089807725,0.068311792826967,0.051442850149583684,0.06768330717872219,-0.040623661,0.056967504,0.064538136,-0.00057926984,-0.020384394
-0.010188124,0.07753882922154332,0.05766166038595025,0.07494568868464896,-0.038443491,0.067916818,0.071782514,-0.00059998897,-0.021535249
-0.013351241,0.0722472410716282,0.05432025290502313,0.07192539442112644,-0.03764715,0.062506273,0.068420924,-0.0006637944,-0.022167519
-0.0033583876,0.06520943918079068,0.052079568420510355,0.06777873924559946,-0.035607375,0.055726517,0.064886421,-0.00071811734,-0.019575346
0.00045986599,0.07333688739611774,0.05748041820488529,0.07403657951084835,-0.034082841,0.065202981,0.071142361,-0.00054646039,-0.020490997
-0.0063877245,0.07279957711827066,0.05714758436005042,0.0742306943189824,-0.031909309,0.065541878,0.071115293,0.00011413406,-0.021279052
-0.009908881,0.06221401528201917,0.050762276909881915,0.06639496417925898,-0.033455104,0.053385992,0.063445404,-0.00083441107,-0.019551873
0.0036000281,0.06482409618369807,0.052349673441149866,0.06886110722389231,-0.031440955,0.057076436,0.065667599,-0.00034288055,-0.020724405
-0.015246163,0.06430233860872331,0.05142614027844025,0.06832449557180967,-0.031533934,0.056470152,0.064911865,-0.00081989844,-0.02130761
-0.011218518,0.06856093699392542,0.056102822989444294,0.07260954304432465,-0.029229457,0.062074717,0.069652013,-0.00051130354,-0.020505643
0.0013502921,0.06967252365918059,0.05703296403232256,0.07339246747458919,-0.027593298,0.063976809,0.070545286,-0.00076308119,-0.020229548
-0.0014133769,0.06025430787385302,0.051156560602573946,0.0663917687821596,-0.029527202,0.052924339,0.063621067,-0.00093459495,-0.018956617
0.0025996766,0.07495450469189766,0.05929812200290616,0.07587476343746535,-0.026121512,0.07033968,0.07307981,-0.00016474185,-0.020403283
0.0034537695,0.07964230347825609,0.059488607184694134,0.07676329859678684,-0.03553877,0.07143493,0.073714308,-0.00062678265,-0.021410557
-0.014220356,0.08201505201689364,0.0590675535218468,0.07684722143632108,-0.039786287,0.072209626,0.073577508,-0.00072074856,-0.022165881
-0.0042567439,0.078707407122594,0.059861413393660606,0.07714247252314538,-0.029618286,0.072932392,0.074114799,-2.514297e-05,-0.02139993
-0.012731606,0.07886152253278704,0.060092842800546664,0.07720131234973618,-0.029669125,0.073078237,0.074247636,-0.0011191275,-0.021120576
-0.010143808,0.05752216819496026,0.05003199961505635,0.06599557827563857,-0.025203178,0.05179169,0.062870331,-0.00029990709,-0.020066088
-0.0057234089,0.06635512739756391,0.055780696175268665,0.07202411983530654,-0.025090707,0.061435208,0.069148839,-0.00032338288,-0.02014466
-0.013942365,0.06116761369864557,0.05301516178768125,0.06906222151511186,-0.024018301,0.056254908,0.066094235,-0.00029914579,-0.020026309
0.0029894637,0.06156758282371701,0.05459828645796077,0.07008149578032823,-0.023431012,0.056938708,0.067424074,-0.00055961288,-0.019107515
-0.0082785785,0.07265969504119338,0.05924704209601078,0.07578670003167266,-0.023194876,0.069088973,0.072998203,-0.0010483997,-0.020341758
0.0024535682,0.05665186517308064,0.05116427751783371,0.06585691553011165,-0.023454208,0.051588621,0.063298315,-0.00026662552,-0.018176511
-0.0048933737,0.06362531743338874,0.05642597510507525,0.07178278787517009,-0.019416042,0.060878403,0.069277458,-0.00032440494,-0.018796202
-0.0012835945,0.06922379867566207,0.05917796334277991,0.07517021935475496,-0.01885996,0.067196414,0.072584853,-5.7873593e-05,-0.01954476
-0.0058146529,0.05830465381047744,0.05352037859563119,0.06895630512422646,-0.017512692,0.055906169,0.066253185,-0.00061700551,-0.019107768
-0.013657474,0.06525019819505568,0.057106863368043624,0.07259414776226027,-0.016270567,0.063978784,0.070065081,-0.0017999182,-0.018909125
-0.0097860824,0.06926574033749498,0.05942884125115145,0.07500097494667401,-0.015233259,0.068781421,0.072579317,-0.00075518113,-0.018889645
0.0052340007,0.05586302210397752,0.052198682760431256,0.06707644965468824,-0.014974518,0.054331068,0.064508691,-0.00017802292,-0.01838062
0.004444466,0.0642937524116015,0.05792416109590593,0.07293426550045119,-0.013599078,0.064073719,0.070635438,-0.00046568798,-0.018161088
-0.0042598266,0.06464115284474212,0.05894533406978856,0.07378409690291891,-0.010127692,0.065924637,0.071599767,-0.00018675465,-0.017819412
-0.00038154065,0.06132144583562309,0.05783218643400623,0.0718993756595524,-0.010041597,0.062354784,0.069925882,-0.00041227447,-0.01672487
-0.012285051,0.061615248648713324,0.05750384894903685,0.07202507533863174,-0.010270736,0.062576696,0.069870211,-0.0013489202,-0.017434033
-0.0014128514,0.05535990372689821,0.053759653942865346,0.0678264555651954,-0.010893937,0.055516604,0.065642998,-0.00067353703,-0.017057879
-0.0095671276,0.05730621969145176,0.05629943786591421,0.06985852407455752,-0.0075846654,0.059035707,0.067978941,-0.0010598742,-0.016060935
0.0053020441,0.05949858553442928,0.058032976444820764,0.07168113043554485,-0.0056074536,0.062256683,0.069859885,3.9889426e-05,-0.016055508
-0.0042787353,0.05267596007656268,0.05447774877137443,0.06722034251830024,-0.0050744303,0.055071108,0.065531068,-0.00074881309,-0.014956365
0.006295478,0.08420888473808252,0.056114441934526825,0.07502687858134724,-0.050328705,0.070117928,0.071112648,5.8739148e-05,-0.023916947
0.02547612,0.08486373180060552,0.05595956506640328,0.07482363141166148,-0.049944788,0.070992291,0.070918053,0.00038722414,-0.023854887
0.019452505,0.08782271510410815,0.0563484005290001,0.07586553763661019,-0.052092049,0.073295355,0.071717262,-0.0001414398,-0.024742557
0.017371792,0.07620403634826806,0.053426195316975705,0.07106682182108885,-0.047517247,0.062615171,0.067488864,-0.00049370178,-0.022259889
0.015799761,0.08320130045681337,0.05566325459123238,0.07462987923022242,-0.04721887,0.070343375,0.070661835,0.0002488046,-0.024009624
0.015074663,0.07090926782166918,0.05169682700954423,0.06732726720880389,-0.046056777,0.057483077,0.06443993,-0.0002968387,-0.019503031
0.021358963,0.08033523349625679,0.05566617853635962,0.0742460879433738,-0.045051124,0.068149947,0.070437074,0.00036809439,-0.023472637
0.011127987,0.08034159052979481,0.057019589114428094,0.07503168255081175,-0.043255173,0.068919189,0.071542628,-0.00020324303,-0.022613369
0.0078629982,0.06760783671033245,0.05092839861475353,0.0661622320275287,-0.043548699,0.054961149,0.063382097,4.8722341e-05,-0.018977575
0.012280133,0.07578576040210597,0.05593379855951153,0.07374084735515166,-0.039909843,0.065389924,0.070262089,0.00053800282,-0.022375477
0.025006438,0.07732822182996195,0.056553715321087675,0.0736658111607675,-0.039538775,0.067223102,0.070500977,0.00060714653,-0.021351706
0.017513564,0.07017578673956104,0.05252383437663505,0.06969895966217955,-0.038219064,0.060013164,0.066250183,0.00029270176,-0.021651156
0.024767919,0.06606636272302516,0.050334031973030456,0.06609802988138776,-0.038339023,0.055497929,0.063072108,0.00025894432,-0.019768452
0.014273716,0.06444730597673952,0.050233313438701944,0.06518701544749311,-0.038289703,0.053759985,0.062472049,-0.00040283677,-0.018612571
0.0084612323,0.07170523419239916,0.055364981607790936,0.07256320903267377,-0.035922226,0.062649645,0.069290161,-0.00050517981,-0.021541534
0.024274573,0.07147533569257171,0.05399105578157336,0.07125561780772204,-0.036284663,0.062246047,0.067867108,0.00054547604,-0.021705326
0.01792144,0.07594925688536956,0.05793017606772567,0.07486478048952047,-0.034728464,0.067766905,0.071853466,0.00042030329,-0.021015188
0.0075271544,0.061716842761492606,0.05003449159328981,0.06522130462440753,-0.034851857,0.052252997,0.062403884,-0.00024650423,-0.01896083
0.010465938,0.06754787262751613,0.05457994542048754,0.07124039196865961,-0.031417429,0.060045425,0.068130352,0.0002126513,-0.020818342
0.018513711,0.06112696659503673,0.05021342851780757,0.06556264391187505,-0.031657394,0.052968148,0.062688522,0.00099430699,-0.019173441
0.025998531,0.0687558027460562,0.055594571076816736,0.07176565605729696,-0.029624591,0.062118687,0.068903454,0.00095119613,-0.02004292
0.019288551,0.06588183646144705,0.05447685939020825,0.07042811072902462,-0.029460263,0.059066277,0.067585588,0.0005613456,-0.019798787
0.025126047,0.059323918490867836,0.05131130966335418,0.06639264559635816,-0.026874771,0.053039491,0.063691422,0.00084341824,-0.018726313
0.018113043,0.07242719687397703,0.057604710268950025,0.0741618171868997,-0.026564928,0.067405894,0.07127583,-2.3167218e-05,-0.020487329
0.011024808,0.07672262556239402,0.05886690528617565,0.07582506322052288,-0.029556155,0.070802577,0.072860368,0.00047962047,-0.020989925
0.021951236,0.07823123008546103,0.058721119357796704,0.0757650171412622,-0.028375275,0.072942719,0.072759271,0.00040785101,-0.021124866
0.025695758,0.08335488585678794,0.05921785853480942,0.07659047394574965,-0.040072385,0.073543727,0.073488146,0.0005466424,-0.021570681
0.028053209,0.07450997487491653,0.0581790819289265,0.0745790018043342,-0.02557357,0.070089348,0.071774922,0.0016204398,-0.020193124
0.011985815,0.06352287113783217,0.05480442566723651,0.07050591091466603,-0.025385231,0.058233339,0.067779168,0.00026026214,-0.019416491
0.010012124,0.07148543083939707,0.05885919564662438,0.0752099081005354,-0.024386652,0.06730742,0.072473496,0.00042811487,-0.020098243
0.02524914,0.06358712249381934,0.05348458129258951,0.06960869188423742,-0.023900175,0.058933508,0.06663321,0.0012608208,-0.020094667
0.016365126,0.06848577007575515,0.05789195445179258,0.07345382108936559,-0.021226138,0.065390266,0.070954785,0.00020009748,-0.018995849
0.026063494,0.06901907524883867,0.05773088527912837,0.07351438090316263,-0.020130171,0.066434838,0.070918486,0.0012534978,-0.019322559
0.0067527932,0.06818029325168042,0.05860370367256863,0.07445974898536772,-0.018963726,0.066018745,0.0718925,-8.4186831e-05,-0.019383384
0.017795756,0.06207962937426204,0.05595721149137881,0.07096713337179231,-0.018252427,0.059693154,0.068563148,0.00024300304,-0.018313102
0.0088116322,0.06143492352780266,0.055934212880117046,0.0707580447076753,-0.017952221,0.059120201,0.068420641,0.00010455086,-0.018036237
0.012755246,0.056175946659577675,0.05240965179953296,0.0675437060720433,-0.017910084,0.053424943,0.064890459,0.00043606159,-0.018740075
0.023596467,0.05833170089940892,0.052625282744761456,0.0679641544160988,-0.017118143,0.056103028,0.065241434,0.0010532134,-0.019015055
0.014987756,0.06684670362269618,0.05839266064059184,0.07369054165856936,-0.013503414,0.066887751,0.071309656,0.0010540724,-0.018550413
0.022653686,0.06541519618543509,0.058654928290580895,0.07357101122964685,-0.013482202,0.065341622,0.071343116,0.00060259289,-0.017958017
0.028209075,0.06283529007622807,0.05780554937486372,0.07224747316711116,-0.0094890846,0.064233892,0.070133217,0.0015424824,-0.017281493
0.015600873,0.058094366368124206,0.05614052428068068,0.06979022942624132,-0.0095420685,0.05906105,0.067873329,0.00091469131,-0.016218837
0.022637362,0.057331614885526065,0.055715571124549154,0.06899676670161152,-0.0090233758,0.058452599,0.067185514,0.00078035588,-0.015686031
0.011994358,0.06185484400898372,0.05817664239052729,0.07274669034971988,-0.0080323415,0.063787125,0.070615746,0.00059007009,-0.01746852
0.025315983,0.05225592541474567,0.05091593840767679,0.06476215474968584,-0.0089385323,0.052974585,0.062501177,0.00098702929,-0.016934147
0.010615867,0.050451193209751714,0.0536827553344986,0.06613278276848523,-0.0041399966,0.053050853,0.064505532,0.00038876664,-0.014574984
0.0083616385,0.07070812817750233,0.06185213741356682,0.07594608584347524,-0.0094477544,0.072804175,0.074154496,7.2243456e-05,-0.016398581
0.019044874,0.07395693602942985,0.06064674078651437,0.07638255682470445,-0.015844431,0.073618323,0.073964588,0.0010766649,-0.019036163
0.037864938,0.08656183364905795,0.05630477496656498,0.07454742904739815,-0.048520163,0.073441759,0.070918866,0.00024673919,-0.022973305
0.038315836,0.07951230877198416,0.05424636112638193,0.07196891505890772,-0.044756968,0.067380816,0.068413675,0.00019539578,-0.022339553
0.031791933,0.08169158845761913,0.05649315931698794,0.07430322217341248,-0.04402484,0.070059069,0.070860513,0.00026186701,-0.022353701
0.037639696,0.07423626910465989,0.051568147106006684,0.06884353893456786,-0.044266462,0.061857343,0.065289445,0.00010502829,-0.021833694
0.047860779,0.08012701488436506,0.0541167352949291,0.0712139907239227,-0.044056091,0.068346113,0.067897312,0.0010381559,-0.02145483
0.045458108,0.06715481395303668,0.04650007135633105,0.06077616133830596,-0.044457283,0.054083332,0.058086194,0.0012888694,-0.017834648
0.030889738,0.06581258498954201,0.0494363556060089,0.0639260388360127,-0.042191911,0.053586781,0.061342224,-0.00010439482,-0.017990528
0.046342574,0.07075766705560538,0.0501352316028937,0.0665075425996354,-0.041330937,0.059324384,0.063220114,0.0010206414,-0.020625923
0.031267323,0.07368211317264017,0.05313377383651663,0.07045416159234509,-0.040612165,0.062806487,0.066984639,0.00084672862,-0.021820405
0.044344164,0.07563252974795821,0.054529419463317144,0.07137343393393322,-0.039760869,0.065286696,0.068184011,0.00099571969,-0.021074066
0.039763685,0.07038979293621182,0.0522263934245293,0.06899493106779178,-0.036430828,0.061004713,0.065685682,0.0011041604,-0.021082517
0.031937007,0.06128095393549622,0.04752920759810486,0.06213648642164295,-0.035317693,0.051581729,0.059385888,0.00085698772,-0.018262662
0.032236185,0.07215516536111267,0.05562167632311443,0.0718380533554793,-0.03308285,0.064343676,0.068960898,0.00085641246,-0.020108879
0.033483133,0.06599339395864233,0.051873910021374925,0.06815147987417348,-0.032376871,0.057949442,0.065016881,0.00094908697,-0.020409033
0.046686511,0.06311798885545104,0.048871582858365695,0.06437938396548944,-0.032724936,0.054677971,0.061359238,0.00065803766,-0.019476036
0.040595464,0.06541697788389306,0.05104279446498905,0.06741208789421037,-0.030808819,0.057988845,0.064170741,0.0021217535,-0.02054273
0.044950318,0.07385427222378045,0.05564981941887127,0.07183981195971152,-0.029135665,0.067864999,0.068972655,0.0010701766,-0.02006455
0.050303325,0.059802446601140674,0.04796855007336166,0.06284818662503261,-0.027086833,0.05346933,0.060016077,0.0010739145,-0.018622883
0.038816459,0.07577005655669346,0.056892129011909764,0.07342806654076309,-0.031327534,0.069015838,0.070502564,0.0011208616,-0.020489341
0.031647235,0.07822926500335191,0.05765735978385408,0.0748316509616217,-0.034074113,0.070521571,0.071710654,0.0006192727,-0.021376964
0.041294467,0.08129611948846349,0.057723737656209015,0.07462012491111397,-0.036346849,0.072888561,0.071606055,0.0011775125,-0.020960663
0.04908317,0.06846050964404485,0.05389211844542107,0.06948995502794005,-0.025405498,0.063588791,0.066739686,0.0014428347,-0.019302497
0.035460465,0.07127400524829375,0.05663370356372352,0.07263384861041301,-0.025091091,0.066778719,0.069896005,0.001129759,-0.019721767
0.037579298,0.05983234354298502,0.050922939950091874,0.06656062915655823,-0.023450624,0.055045288,0.063620456,0.00065714394,-0.019553084
0.032142993,0.06234779600592584,0.05299634422724564,0.06882283556987331,-0.023295227,0.057843938,0.065935723,0.00096552062,-0.019701038
0.041490078,0.06920371423379189,0.05597798218544931,0.07135010526563898,-0.022969125,0.065430358,0.068807602,0.0012500089,-0.018835841
0.043900289,0.06322227375737319,0.05257533342627262,0.06770632948054064,-0.022901736,0.058960963,0.065049499,0.0018348617,-0.01869072
0.044232652,0.05601102912303965,0.048858935849573154,0.0637171217521167,-0.02011822,0.052308485,0.060931753,0.0022123596,-0.018501312
0.033430461,0.06695450400025915,0.0565432285507142,0.0719017287716146,-0.01875394,0.064776145,0.069386549,0.0019199013,-0.018753117
0.048418853,0.06923517219332365,0.05634737216488874,0.07166535939539612,-0.016222095,0.068328477,0.069156751,0.0017581374,-0.018713003
0.043747142,0.060072134695890525,0.053578089658649124,0.06805149897432168,-0.01556518,0.05865296,0.065693282,0.0020478431,-0.017641019
0.031268027,0.059518197328103144,0.053699205382948874,0.06845296256644165,-0.014808222,0.058372494,0.065995961,0.0021797169,-0.018044114
0.038129158,0.06428570734123945,0.05591096086797394,0.07088772705071282,-0.013911389,0.063932411,0.068476476,0.0019514514,-0.018227285
0.035853889,0.05307866377243222,0.04887215382881796,0.06343197791436661,-0.01318356,0.052066468,0.060772251,0.0017432722,-0.01809172
0.047645856,0.06416605588862513,0.05547358859857257,0.07035357071198955,-0.011240652,0.064936087,0.067951784,0.0020463842,-0.018110557
0.036466882,0.06018001955375367,0.05568658974933999,0.06973073168092468,-0.0090437727,0.061538335,0.067641728,0.0018855124,-0.016834976
0.047535539,0.055021506953620916,0.05139902432490988,0.06508404908165075,-0.0088182995,0.056030039,0.062875144,0.0027916485,-0.016578794
0.038807187,0.055276007554578385,0.05365077657569712,0.06700406369005422,-0.0071591348,0.057010792,0.065038353,0.0025225105,-0.015912075
0.045924805,0.059471245923717775,0.05469410179675817,0.06900048421174666,-0.0057129306,0.06218221,0.066747919,0.0027478877,-0.017269373
0.034233067,0.07085327952363128,0.05878894916041898,0.07387586424493538,-0.01204391,0.071859859,0.071590014,0.0011808224,-0.018196672
0.041662741,0.07251815016203811,0.058332200412739274,0.0737646750179025,-0.015224187,0.072318561,0.071321003,0.0019127064,-0.018731881
0.054589137,0.07948979372593841,0.050085263203447826,0.06804934060489323,-0.048854541,0.06561704,0.064103499,-0.00014160958,-0.022834932
0.062468022,0.08372874790740548,0.05202422762648656,0.06932467982431555,-0.048270956,0.070469789,0.065789141,0.00074491306,-0.021843655
0.050563589,0.06694508743219592,0.04953933070066744,0.0658072488294791,-0.034850184,0.057933465,0.062524334,0.00075183489,-0.02051186
0.055809859,0.08466128732489174,0.05458193869302542,0.07217144590035288,-0.04576198,0.07254786,0.06869185,0.00037784936,-0.022136047
0.053703297,0.07372848220073717,0.04865333174228083,0.06565580855601309,-0.045037378,0.060978469,0.062011171,0.00012209847,-0.021570465
0.061104335,0.07702664148518165,0.05004316425200708,0.06687627064942374,-0.044792578,0.06466537,0.063398153,0.00047900897,-0.021280985
0.067638293,0.07072643157095877,0.04506557971832134,0.0601292268768661,-0.044449784,0.057966579,0.05703222,0.00098867808,-0.019022942
0.066877767,0.08225689995674135,0.052793140217351216,0.06935866500958696,-0.043429118,0.07092607,0.066171214,0.000598012,-0.020775881
0.072033726,0.07306391929015038,0.0468971361231707,0.06307439184114104,-0.041762885,0.061646454,0.05964319,0.0011715286,-0.020486491
0.064581595,0.06623178924532425,0.04599959090817785,0.05972405550042941,-0.041669868,0.054263782,0.057226568,-4.1233201e-05,-0.017090378
0.059484877,0.07198939544268351,0.04983921126546078,0.06609457162152932,-0.040092722,0.061188076,0.062838323,0.00048967451,-0.020484086
0.057889074,0.07864232875690352,0.054077792720899916,0.07069888034997858,-0.037415143,0.069552124,0.067569904,0.00083639665,-0.020783171
0.068137079,0.07957578515175652,0.05278937865945222,0.06877051777000887,-0.037599571,0.070487909,0.065811031,0.00089974457,-0.01993697
0.050731763,0.07806864388990922,0.05489450909502817,0.07149513138664776,-0.036512047,0.069312237,0.068424486,0.00094669394,-0.020706214
0.05778088,0.06729033603114412,0.04837405788195709,0.06397449648299927,-0.037624121,0.057131063,0.060883611,0.00079402601,-0.019628847
0.064935632,0.07501496882355174,0.052455932278814836,0.0677697765071807,-0.034491464,0.066852532,0.06504672,0.0010275963,-0.018989757
0.051091217,0.07285089686980437,0.05375737116331358,0.06953734913299477,-0.032436706,0.065373763,0.066712834,0.001141862,-0.019584097
0.058198642,0.07382636723649573,0.053829626540262784,0.06952583379272458,-0.030536408,0.067240104,0.066731967,0.0016147336,-0.019444248
0.057780012,0.06359683985249229,0.047545252074485775,0.06276389474676893,-0.032272428,0.055390254,0.059762608,0.0016061192,-0.019109096
0.064811915,0.06905319223834899,0.04981976394846571,0.0652939279458808,-0.031492297,0.061648965,0.062345572,0.0010065788,-0.019373009
0.06470947,0.06203941422636847,0.045817103944458606,0.060655931480264436,-0.03144908,0.054047819,0.057697337,0.0013121933,-0.01866648
0.070943251,0.06618460293563636,0.04876698742062525,0.06377404879277414,-0.027551072,0.060205594,0.060932506,0.001797499,-0.01873841
0.071375847,0.06035985679182901,0.04450661131960625,0.0591092309056174,-0.028651247,0.053410824,0.056155313,0.0015415461,-0.018387649
0.07059788,0.07492964013033564,0.051889222787322775,0.06736406466592613,-0.03034389,0.068520375,0.064537525,0.0016205778,-0.019240551
0.054973911,0.0663128652041959,0.05254589634853061,0.06769216260229956,-0.024748536,0.061534539,0.065027542,0.0018497228,-0.018714331
0.060645152,0.07052630753302487,0.05350167131996283,0.06871548682639553,-0.023917306,0.066464692,0.066081747,0.0018418001,-0.018751763
0.070331283,0.07083355389185861,0.051367860950976674,0.0666764553033907,-0.023736045,0.066875413,0.063873045,0.0021504234,-0.019009458
0.063045256,0.0646937951427014,0.05078424213469024,0.06541729571387099,-0.023549076,0.060284786,0.062846638,0.0016289655,-0.018085053
0.053387195,0.07354925020497452,0.055999725737727685,0.07202793040674829,-0.021634549,0.07071767,0.069230683,0.0020022888,-0.019776909
0.057867996,0.058088373439161116,0.048796682049959746,0.06334807106962335,-0.021293132,0.054066509,0.060691211,0.0014709642,-0.018093957
0.07207226,0.06303440416479678,0.04891315708839932,0.06356072981193635,-0.020205835,0.059901211,0.060854796,0.0024703329,-0.018181244
0.052079812,0.06343292322642223,0.05283407368919099,0.06803025858816995,-0.017981341,0.061278388,0.065360606,0.0020286383,-0.018761447
0.065196775,0.06091568973113497,0.04978423004690899,0.0643274780362855,-0.0179486,0.058557663,0.06171542,0.002443834,-0.017979406
0.060009059,0.0658676525847776,0.05343844962739237,0.06829685998574525,-0.015676282,0.064901821,0.065772176,0.0027954476,-0.018184263
0.053553205,0.059074234618805385,0.051028642835066876,0.06579922009126538,-0.014532645,0.058007166,0.063177966,0.0023195061,-0.018240117
0.072209083,0.059687238463277004,0.04848219944354427,0.06279222271420416,-0.014860839,0.058533799,0.060178794,0.0028951748,-0.017691635
0.072324984,0.0681312490252721,0.05241087299339201,0.06736003112704397,-0.013626317,0.068231061,0.064749278,0.0024869191,-0.018404348
0.062678695,0.05588434139362827,0.04821619165359013,0.06236909204308894,-0.012674882,0.055330366,0.059809759,0.0025179419,-0.017503038
0.067683369,0.052604127718068154,0.043601261620993745,0.059290485538840275,-0.01254077,0.051823799,0.055759113,0.0039214361,-0.019771326
0.065438576,0.06307075230605258,0.05294972411587508,0.06717867413576972,-0.0096176313,0.064435124,0.064862154,0.0026249243,-0.017291183
0.058993563,0.059689624555736266,0.05294301811543888,0.06684881146019887,-0.0092032552,0.060937893,0.064622089,0.0035253733,-0.016742788
0.053027302,0.05442290496505053,0.05260839612135748,0.06558422424647635,-0.0043686186,0.057268519,0.063670836,0.003382535,-0.015358176
0.06156455,0.0498775072220695,0.046758244884194694,0.060492783134727786,-0.0054324367,0.051879015,0.057961546,0.0038591609,-0.016880251
0.063159555,0.07101364820758148,0.05542464780086047,0.07056324530024694,-0.015103536,0.070735343,0.068059482,0.0022837915,-0.018489532
0.067338333,0.05049205500389164,0.049144956470104646,0.061269969910043465,-0.0013609569,0.054274876,0.059432395,0.0043711048,-0.014237032
0.082699254,0.07894785294453453,0.04601999113698794,0.0621876837555176,-0.048222937,0.065296397,0.058704432,0.00018869423,-0.020519797
0.076968625,0.08426305041670101,0.05035531330603519,0.06665462115694265,-0.04525939,0.072328568,0.063414015,0.00067276676,-0.020519469
0.090419471,0.0748627098707608,0.04278980735782524,0.05744124220700115,-0.044693261,0.062356718,0.054359067,-0.00070263207,-0.018549783
0.08495599,0.08375528392046376,0.04832293417983356,0.06424167664892157,-0.044154115,0.072246112,0.061018765,0.00075736275,-0.020078091
0.083044864,0.07193933023015353,0.044620320762122904,0.05885964684138142,-0.044089824,0.059437018,0.056071818,4.1934021e-05,-0.01789993
0.076576747,0.06986148445782273,0.04411489235581849,0.058424070613309696,-0.043591127,0.057391413,0.055566855,0.0012481128,-0.018003857
0.076102801,0.07855133889658301,0.049638310543841255,0.06519366779596353,-0.041585643,0.067683004,0.062203579,0.00075259613,-0.019502889
0.089075714,0.0804264114299832,0.0471471914138258,0.06195338301194743,-0.040339403,0.070249006,0.059098303,0.0010162918,-0.01856285
0.084552392,0.0759608794753161,0.047179541450137155,0.062069338120532336,-0.037008911,0.066811539,0.059184849,0.00081642234,-0.018683946
0.077941068,0.07742898968571019,0.05104811082365982,0.0661494390450309,-0.035368938,0.069102563,0.063426919,0.00045434237,-0.018776789
0.072989359,0.06529940802744842,0.044790130514992664,0.059597975018677286,-0.036369603,0.055500709,0.056581397,0.001432133,-0.018665828
0.093575083,0.07792563040804047,0.04678177787697417,0.06103918416808884,-0.035146154,0.06973666,0.058367074,0.0017613329,-0.017775387
0.088200375,0.06704504094464804,0.04163679249937527,0.05579028586244705,-0.036492351,0.057344992,0.052836075,0.00019591712,-0.017912755
0.075541392,0.07100681229526228,0.048602089554854164,0.06364677987003263,-0.033875801,0.062759563,0.060792763,0.00073328573,-0.01883122
0.079914756,0.06424833329345012,0.04255463888444447,0.05688622911735995,-0.035192624,0.054858461,0.053912714,0.0013595538,-0.018100109
0.08250156,0.06934322339311923,0.04440332791563451,0.060068119636240494,-0.034054153,0.0608766,0.056672711,0.0012370597,-0.019870896
0.089792594,0.07222444477988453,0.04555309229893244,0.05968999738248021,-0.033573363,0.064210728,0.056991864,0.0014948585,-0.017680176
0.092181459,0.06597022420531609,0.04238369488020963,0.05653987972814252,-0.029673345,0.05907185,0.053628549,0.0012106746,-0.017868156
0.085365176,0.06080780769967161,0.04106759811513175,0.05524250933600778,-0.029461121,0.053553689,0.052233525,0.0010917846,-0.017949978
0.094880015,0.0723837694872057,0.0456997358632037,0.05946758421823459,-0.027178032,0.067098469,0.056919698,0.001714116,-0.017134858
0.082282834,0.06609915929449942,0.04730673281075073,0.06148756855598443,-0.026256975,0.060662083,0.05888379,0.0013881712,-0.017649174
0.079701848,0.07253685836816395,0.0506035687968248,0.06550396701092338,-0.025925957,0.067796253,0.062825806,0.0012239093,-0.018498374
0.090665281,0.07868576722552045,0.0482753298372343,0.06348428914256873,-0.028836563,0.073240705,0.060540665,0.0011317851,-0.019073592
0.090801366,0.059790775459979156,0.04112382732707275,0.055112528690765133,-0.024982218,0.054350007,0.052189711,0.00048368471,-0.017702851
0.077217631,0.05767862927863249,0.04327596856943551,0.05783599731773226,-0.024722019,0.052165903,0.054817464,0.0014223009,-0.018385464
0.086806335,0.07012839671194031,0.048360386797518695,0.0626903249716448,-0.022991344,0.066425465,0.060096789,0.0011178589,-0.017810199
0.077399574,0.0679884994974194,0.04985333125971374,0.06429922762711533,-0.020974375,0.064956918,0.061726391,0.0025281308,-0.017828401
0.080104619,0.06004804808521763,0.04528100623336912,0.05992609263672744,-0.020592162,0.056492966,0.057002708,0.0017864859,-0.018402074
0.093448251,0.06779511338667853,0.04612207982343765,0.060065662759742865,-0.018978756,0.065593921,0.057481602,0.001328281,-0.017377714
0.07301224,0.057330944224362884,0.04947295441399174,0.06268979929778586,-0.007960395,0.058903079,0.060523931,0.0034428332,-0.015969083
0.085402049,0.06546330009461228,0.047710780686030026,0.06173999195175904,-0.017506877,0.063685507,0.059213035,0.0017902739,-0.017390745
0.082553208,0.05449716496486878,0.0424963320145342,0.05709167095016647,-0.015940422,0.052437253,0.053989906,0.0022000654,-0.018431187
0.088018514,0.06066061284224594,0.04541796815192425,0.058842778999031564,-0.015253306,0.059424642,0.05639929,0.002244191,-0.016629983
0.078590937,0.06286673911069221,0.04923819477030053,0.0631130071103882,-0.012174973,0.063127965,0.060710035,0.002873979,-0.017008338
0.093900152,0.053375486643731644,0.039836114865988904,0.05305710312697609,-0.013761869,0.052143447,0.050355699,0.0010997682,-0.016677838
0.080590576,0.05791583758369419,0.047907001722595696,0.06095864658744268,-0.0091791339,0.05902116,0.058781981,0.002946421,-0.015873056
0.086825304,0.06209101407703534,0.04827650394165417,0.06172218973117925,-0.0068532652,0.064544179,0.059424508,0.0028367667,-0.016441086
0.074577779,0.05096857300003006,0.045340319892880974,0.05878411223468758,-0.0058552595,0.052884828,0.056282431,0.0037208281,-0.016553406
0.088497519,0.057865192020368446,0.04705423367776011,0.059803706029543525,-0.0054266443,0.060558978,0.057682693,0.0031622071,-0.015465789
0.090450622,0.05410000114948781,0.0452516228212188,0.05765242040703715,-0.0044682855,0.056875423,0.055541717,0.003585543,-0.015035396
0.091282465,0.06858627914433137,0.04863605882806404,0.062248144771884756,-0.010956172,0.069858797,0.05991419,0.0026613181,-0.016674494
0.083321512,0.07193230808084385,0.05137438669599201,0.06565892926896706,-0.013759889,0.072303683,0.063234076,0.0025953935,-0.01748744
0.082504034,0.04953554893256402,0.04516164263976012,0.05726382798100225,-0.0021711621,0.052891854,0.055237114,0.0040448131,-0.014548083
0.11202603,0.08160006357188997,0.03596961144778865,0.04874594260381835,-0.049951307,0.067444004,0.045964144,-0.00036226353,-0.016227543
0.096118219,0.08260901507428922,0.04356098162916668,0.05809987922560419,-0.049078546,0.068910554,0.055119146,-0.00037190711,-0.018366747
0.098953769,0.07829057274410559,0.040605536582549444,0.055025933885984944,-0.046261322,0.06541501,0.05188683,0.00037784735,-0.018315772
0.11027496,0.07562256373339465,0.03560048786246934,0.048056859306766425,-0.046151124,0.062563367,0.045382693,-0.0003951058,-0.01580243
0.10520553,0.07631090048076125,0.037350925047986656,0.05096628112340522,-0.046029512,0.06336277,0.047930185,0.00036974525,-0.017324043
0.11075049,0.08461489522009119,0.04127396133353544,0.054233013237867465,-0.045796148,0.072482958,0.051738981,-0.00012392238,-0.016256759
0.096697114,0.07345402421057953,0.04158733331785061,0.05563538039249458,-0.041295994,0.062268432,0.052720316,-0.00045920408,-0.017766625
0.098740898,0.069540510582186,0.03790289284872756,0.051558817850205184,-0.041136559,0.058084622,0.048546631,0.00020037209,-0.017363645
0.10870885,0.0709965463674056,0.03668464099485511,0.04870989132468547,-0.039652821,0.060296211,0.04628792,0.00049626431,-0.015160333
0.1030456,0.07915581267737701,0.04342499880008073,0.05692282478102665,-0.037975498,0.069872096,0.054351877,0.00047767253,-0.016907196
0.095415115,0.06359282503771317,0.037925218594372125,0.04989015366213917,-0.038021769,0.052945442,0.04757544,0.00022108392,-0.015018524
0.11367785,0.07427885542062405,0.036888667443024346,0.048689643560989274,-0.037860207,0.064622901,0.046371013,-0.00060440181,-0.014833922
0.10083675,0.06623274171135586,0.039139005639190705,0.05190871732891794,-0.034935661,0.057123318,0.049350243,0.00027541164,-0.016093247
0.099620342,0.07407211538252968,0.044184203580039855,0.05738740583734103,-0.032523334,0.066663675,0.054979894,0.00036215602,-0.016443675
0.10659636,0.06531563452452466,0.035514384582543176,0.04783812059479489,-0.034206744,0.056436416,0.045210741,0.00074973045,-0.015617701
0.10504261,0.0736125202118778,0.04199285767163408,0.05463357796082032,-0.031574253,0.06656725,0.052309554,0.00035647381,-0.01576107
0.11065879,0.06377120741365146,0.03265889556187464,0.04460496053323623,-0.033202846,0.055184741,0.041924186,0.0011990522,-0.015183129
0.11401418,0.06804078206061968,0.03403389213249063,0.04553880570110069,-0.031606786,0.060500525,0.043148253,0.00061005447,-0.014547815
0.1021731,0.06736394538732793,0.04185311185977988,0.05437713234772931,-0.026336048,0.062002532,0.052086301,0.00086905871,-0.015592771
0.10148276,0.058065867221875865,0.036301633854184494,0.04830166516353024,-0.026954222,0.051639069,0.045857545,0.0011490997,-0.015126665
0.11144901,0.06161336991319675,0.03441889461846219,0.046057567279118285,-0.026442282,0.055710241,0.043638475,-0.00061815203,-0.014717367
0.11213272,0.0753178666168984,0.040065403681445205,0.052350477692557226,-0.029484291,0.069307007,0.050037432,0.0012143463,-0.015341228
0.11126282,0.07928208235783525,0.04076991962848662,0.053478822798722195,-0.035845667,0.07091333,0.05104816,0.00080391375,-0.015919283
0.11698164,0.08135053021302374,0.03943442953127476,0.05121752253707007,-0.038021348,0.072236888,0.049069595,-0.00015629033,-0.014676002
0.10103391,0.08372760856104661,0.04492130367771035,0.05923875343781519,-0.042790476,0.072794877,0.056437641,0.00057479221,-0.017991448
0.11454987,0.05859319984167238,0.031019239553063967,0.04276387949448398,-0.025300108,0.052914072,0.040040508,0.0014994986,-0.014941841
0.1141805,0.072373305646145,0.03919560709974799,0.05098923006332137,-0.025172072,0.067938581,0.0488213,0.00047471948,-0.014702275
0.096423469,0.06543697109550116,0.04348197395094312,0.05645671399897888,-0.022832025,0.061396513,0.054083664,0.0014685991,-0.016129509
0.10754883,0.06856514616777348,0.0410913689362738,0.05352535718659336,-0.022951979,0.064743921,0.051222015,0.00090974732,-0.015506173
0.10326774,0.058722975716595016,0.03760263303923043,0.05005131625216093,-0.021595703,0.054627482,0.047514778,0.00097580609,-0.015701208
0.10210882,0.0710672637403289,0.04379701927510059,0.05769566011262778,-0.019747738,0.068822242,0.054976981,0.001610841,-0.017427735
0.095047526,0.05771918866899814,0.04023789071317929,0.05381313765765505,-0.019805141,0.054297056,0.050996363,0.00089305552,-0.017158881
0.10902684,0.06451607805844746,0.03931975313099023,0.05118052908815634,-0.018140586,0.062387489,0.048984237,0.0013730827,-0.014768403
0.11434305,0.06500311515958512,0.03741901790528919,0.04892723505358238,-0.017216559,0.063308813,0.046757534,0.00078510883,-0.01438718
0.11502539,0.055740285868177,0.032442440818625684,0.043681839542472116,-0.017477753,0.053135172,0.041286327,0.00096132036,-0.014234401
0.10142538,0.06211994794703051,0.04236918198494572,0.054811856051994165,-0.015033792,0.061103184,0.052577116,0.0013980969,-0.015428278
0.10289703,0.06622046827404594,0.043686528167664634,0.057042290111498715,-0.012466386,0.066647626,0.054526914,0.0018462263,-0.016650224
0.095363639,0.06184155346014936,0.04467860458102338,0.057902367285002254,-0.012084567,0.062052619,0.055490993,0.0022472097,-0.016382426
0.10929202,0.05762665827986243,0.03763269773795439,0.04907773808087502,-0.011825741,0.057583589,0.0469357,0.001521733,-0.014260041
0.1028272,0.054511870713445876,0.03915960312387291,0.05107287665862976,-0.010480538,0.054770812,0.048844326,0.001479076,-0.014848666
0.11310655,0.0652258068723702,0.04028460270230641,0.05260412667962407,-0.0095072947,0.066823125,0.050274879,0.0020800752,-0.015339621
0.10071947,0.059050777335524114,0.0435004387050323,0.05567343810976375,-0.0073609473,0.061025888,0.053589664,0.0022625527,-0.014918461
0.11694879,0.0533036297222802,0.03126806277421311,0.041930805241037476,-0.011448131,0.053047508,0.039688647,0.0011826318,-0.013476094
0.11288045,0.060055420895948536,0.039641048204574314,0.05127932214051027,-0.005668378,0.062835746,0.049170449,0.002216615,-0.014384799
0.11168601,0.07034666696599733,0.04217418688294083,0.05441506739942367,-0.012201206,0.071242727,0.052237779,0.0018331902,-0.015127902
0.11148451,0.0541133808559427,0.0386179993294135,0.04941000799941158,-0.0033082336,0.057382371,0.047562901,0.0021114175,-0.013215947
0.13567701,0.0800817962036534,0.02336434080299333,0.03079216867649221,-0.048040759,0.066605598,0.029343683,-5.0499533e-05,-0.0093329186
0.12462866,0.08629673986598546,0.032258781493271826,0.04347556897246207,-0.051700968,0.0718036,0.041073803,0.0011492763,-0.014203766
0.13592464,0.07586560521296587,0.019994573767873603,0.027969955097709467,-0.047839612,0.062110677,0.02604706,0.00012728114,-0.010190822
0.12500967,0.08308457431726136,0.0315795133748853,0.04290364452618787,-0.044942863,0.071182676,0.040410761,0.00095037668,-0.014380191
0.12269367,0.07293886011028461,0.027442121604758625,0.0375204241389093,-0.043487877,0.060778379,0.035249539,0.0010757103,-0.01280996
0.12165208,0.06763992248746147,0.026975602556129966,0.03512007234589325,-0.042359702,0.055500705,0.033617895,-0.0001754238,-0.010160012
0.1211029,0.07723980786588366,0.03394948879435423,0.04451670227442763,-0.040139236,0.066872172,0.042499386,-0.00060713326,-0.013235194
0.13545245,0.0724434080531676,0.020823726010879638,0.028175864208972806,-0.042639524,0.060600244,0.026582656,-0.00042718594,-0.0093305539
0.13563527,0.07738513220257454,0.023432937819253197,0.031052709555282255,-0.04173696,0.066351853,0.029524185,-0.00087587844,-0.009582594
0.12653145,0.07892273453643926,0.03226192584096139,0.04225227742696053,-0.039373308,0.069025554,0.040353213,0.00081870006,-0.012498115
0.13550571,0.0695402851208904,0.019717948694023952,0.026808671214499643,-0.041736934,0.057829533,0.025244685,-0.00050737429,-0.0090085128
0.12535565,0.06390281435838052,0.024094266013245047,0.031067320941371712,-0.040692519,0.052148536,0.029838935,0.0005590989,-0.0086315582
0.12275658,0.07123659367902266,0.03201320908691274,0.04268390095677041,-0.036054056,0.062084574,0.040498633,-0.00037415669,-0.013477245
0.12544137,0.06788696711488766,0.02809724255722241,0.03726313487228067,-0.037335709,0.057901643,0.035427127,0.00013657058,-0.011551677
0.12662494,0.07256354248474155,0.031535705211894124,0.04144592605584297,-0.030993246,0.065674305,0.039536681,0.00018307737,-0.012433106
0.13633387,0.07136160591916862,0.022838170462508092,0.029779368597977078,-0.034266502,0.062979154,0.028488455,-0.00037509511,-0.0086647579
0.12518054,0.06376756142660248,0.027229519350822788,0.03645477391209703,-0.030978255,0.056125063,0.034535479,0.00013804139,-0.011671854
0.13528776,0.07461093089330059,0.026075333342369833,0.03407031851947604,-0.031336613,0.067752756,0.032570541,0.00011478613,-0.0099966638
0.13548869,0.06573465979939284,0.019803886912648498,0.026731404879283754,-0.034673046,0.056693695,0.025242085,0.00052326161,-0.0087824455
0.1361393,0.0646869354988083,0.020602605085965377,0.027272036834086293,-0.032367837,0.056533992,0.025946697,-4.901252e-05,-0.0083982442
0.12391561,0.05951009938659764,0.027138386701712387,0.03637887221275774,-0.025885597,0.05366163,0.034447085,-6.6698827e-05,-0.011696847
0.13588069,0.060828308790491184,0.01876553208627669,0.026020323286892914,-0.030694265,0.053052522,0.024316143,0.0002490996,-0.0092585292
0.12560894,0.07398219257499147,0.03307482543092806,0.04365942717306256,-0.025910554,0.069372945,0.041578993,-0.00054669962,-0.013305414
0.13637158,0.07964805513928606,0.025276204875386045,0.03343476698156606,-0.036548223,0.071012691,0.031818125,0.00017923242,-0.010269296
0.12404715,0.07908584181648588,0.034936351991266615,0.04646261231886889,-0.029764079,0.073281623,0.044123564,-0.00077134516,-0.014535834
0.13548934,0.08340909184838965,0.025688452642854055,0.034438228718754585,-0.039948635,0.073655143,0.032608196,0.00017329106,-0.011075519
0.11988514,0.06581107446066156,0.0333184279157069,0.0437427682779696,-0.025702881,0.060584318,0.041743401,0.00033483963,-0.013069282
0.11876243,0.07213012100101392,0.03685600519852116,0.047853660513975965,-0.025150247,0.067683659,0.045852046,-0.00011081174,-0.013694905
0.13609068,0.06595130329133313,0.02206965665640797,0.02993244968705339,-0.024473701,0.061258413,0.028215058,-0.00033342611,-0.0099875359
0.13527873,0.07154089493769271,0.025654058949880286,0.033724080716820454,-0.024223521,0.067436919,0.032167342,0.00024697135,-0.010124956
0.12506893,0.06323551263876077,0.03048053576398022,0.04064284007153097,-0.022201179,0.059272714,0.038557224,0.00081902544,-0.01282615
0.13575104,0.06861015264868678,0.02533778138427581,0.03329881233652142,-0.02239773,0.065028079,0.031765573,3.4125518e-05,-0.0099878982
0.12589562,0.06974228127235257,0.03343432429615003,0.043769517675197524,-0.021063047,0.066824518,0.041813526,-0.00010577844,-0.012937872
0.13593115,0.05868743152626985,0.020835340310121225,0.027535260659279522,-0.021910688,0.054455165,0.026212862,-0.00013212881,-0.0084296493
0.13517725,0.061648826339910756,0.023822769072915792,0.03162142983310123,-0.018199297,0.059247699,0.03005356,0.00017208395,-0.0098320264
0.1256154,0.06517177232172962,0.032736409338948294,0.04265340503340358,-0.015555458,0.064197131,0.040816236,0.00046645987,-0.012374581
0.11775727,0.06133658740386519,0.03493664686283856,0.04570408615741513,-0.013700983,0.060817916,0.043670673,0.00058749539,-0.013468135
0.12525278,0.055825108266721074,0.026835409246466192,0.03736878054226955,-0.015377835,0.054118682,0.034860693,0.00058756396,-0.013446658
0.1209388,0.06569399576975687,0.03672555331862216,0.048029999374917746,-0.0089605199,0.067563839,0.045893695,0.0010395086,-0.01412689
0.12438454,0.059877434136269246,0.03306312597423838,0.04282727896551647,-0.0097310813,0.060917873,0.041068204,0.00062666129,-0.012132013
0.13589165,0.0669682029131517,0.026328830928923963,0.034555570067613846,-0.01281277,0.067312904,0.032979932,0.00025869833,-0.010312351
0.1361544,0.05789880602473105,0.021929964596917328,0.029648871983178567,-0.014691639,0.056662738,0.027982453,0.00023538126,-0.0097970674
0.13548093,0.06202273189183831,0.025296299751531047,0.03304091697684793,-0.010434441,0.062949881,0.031589057,0.00040717813,-0.0096782167
0.12641099,0.054765191828686215,0.03100297966747572,0.04078248522355784,-0.0064805481,0.056743905,0.03888436,0.00095728732,-0.012259741
0.13587314,0.05149635466755817,0.020359547488391545,0.02763801147764453,-0.009178279,0.052047651,0.026043283,0.00029060605,-0.009247845
0.13672403,0.0585732765643595,0.02384312756135886,0.03144249003958898,-0.0065858862,0.060836144,0.029954271,0.0004954515,-0.0095460126
0.1267374,0.06684407139849585,0.03333541456431906,0.04426713039471757,-0.0095695751,0.068554707,0.042059608,0.0009668456,-0.013770745
0.12231678,0.07243150205567683,0.03690629415531976,0.04856018370937631,-0.016007569,0.071891904,0.046301063,0.00066415698,-0.014624018
0.13638864,0.07404833135361438,0.027682419338655,0.03658190415718595,-0.018083535,0.072767168,0.034825251,-0.00031703539,-0.011195405
0.12160803,0.051839416073509226,0.033742230020051264,0.04360069547280756,-0.0018805653,0.055518035,0.041835014,0.0014144897,-0.01220047
-0.1366723,0.09821874091282556,0.02838597070916299,0.037420367758799894,-0.05584579,0.082995817,0.035651721,-0.00077542738,-0.011341844
-0.1351389,0.10017165279289245,0.03127197056279443,0.04096240073120429,-0.049349565,0.087874867,0.039121803,-0.00049911451,-0.012130692
-0.1354589,0.09197889612370239,0.029164937562973357,0.03835877307899902,-0.048133947,0.07949058,0.036581431,0.00024005549,-0.01153849
-0.13466512,0.10361446581108147,0.032694730583670034,0.04237507693627146,-0.05214949,0.090426505,0.040628426,-0.00021333755,-0.012038797
-0.13495533,0.10816689829812928,0.03286787220530067,0.04346610663129823,-0.052838773,0.095079504,0.041368607,1.8288803e-05,-0.013339432
-0.13514133,0.09769135856746194,0.030729493002828887,0.0405804342241187,-0.04553375,0.086800091,0.038642578,-9.4199822e-05,-0.012390074
-0.13624008,0.08851587205911257,0.02718258248570288,0.03612770948533015,-0.044436917,0.077297784,0.034319688,0.00022494164,-0.011283608
-0.13685931,0.10167389437865154,0.029306013640707167,0.03958588574852381,-0.043146525,0.092139877,0.037361793,0.0013139243,-0.013015851
-0.13411482,0.09359009019521071,0.03227366170128299,0.042005134407096745,-0.038610615,0.085283332,0.040213123,-6.2015279e-05,-0.012138048
-0.13411389,0.09354161186669889,0.0323148631239819,0.042041246568017915,-0.038528092,0.085265696,0.040253755,-7.3337193e-05,-0.012128324
-0.13507587,0.08988008782137509,0.031061836137280543,0.04058965849933093,-0.035917137,0.082396246,0.038801007,-0.00029801161,-0.011912742
-0.13288078,0.09064115944858991,0.03336208731250625,0.04261647270890464,-0.032157291,0.084819004,0.04106975,0.00038808573,-0.011370522
-0.13600492,0.08427763341492316,0.027554938938608577,0.0374515985864519,-0.033728443,0.077239007,0.035272509,0.00057720829,-0.01257534
-0.13655125,0.08567666121253956,0.030441440504472922,0.03938282405680802,-0.031884391,0.079541609,0.03778407,0.00023445292,-0.01110477
-0.13519588,0.0908086203310305,0.03199230643636032,0.04223146800398735,-0.029656895,0.086062282,0.040213056,0.001039124,-0.012857964
-0.13601923,0.09644395100535602,0.03208565899735342,0.04190443810736999,-0.030171128,0.091966003,0.040065713,-0.00034692659,-0.012271928
-0.13591668,0.09964392778521881,0.032806326678511764,0.04227116028979029,-0.035181265,0.093315654,0.040612724,-0.00043401544,-0.011716197
-0.13446893,0.09732378879139918,0.03523492499891367,0.04430212924232337,-0.025283488,0.094996504,0.042906858,-0.0016596074,-0.010905315
-0.13551256,0.08301712333046866,0.03069726510309396,0.03933291353948508,-0.024334705,0.079857044,0.03786448,0.00040112177,-0.010639471
-0.12839985,0.09579675885545616,0.04098643493083306,0.04958377015577333,-0.022447895,0.094541237,0.048606724,-0.0018754797,-0.0096134916
-0.13599212,0.09378804033761357,0.03284257286572709,0.04226629391211186,-0.022991147,0.092128448,0.040626921,-0.00010043116,-0.011656878
-0.13401328,0.07858708119582893,0.03125588103997209,0.04024923284884774,-0.022184068,0.075957313,0.038679052,0.00028492149,-0.011128814
-0.13475226,0.09400363921793452,0.035454579226876046,0.04456488687340992,-0.020130994,0.093576729,0.043182984,-0.00063116144,-0.010993665
-0.13516988,0.09328345521846226,0.035410598608708994,0.04431254204498326,-0.018452413,0.093506865,0.043004714,-9.0178492e-06,-0.010686247
-0.1356677,0.08516473119755177,0.031020371147599746,0.040861216308872274,-0.01918276,0.084376991,0.038908418,0.0022747046,-0.012271908
-0.13483498,0.08314650157230545,0.03177494025238362,0.041186057367975856,-0.018855203,0.082323506,0.039474912,0.0013075679,-0.011675312
-0.13411205,0.0775514054224452,0.03208173368172571,0.04129864054838708,-0.013439556,0.078544021,0.039691996,-0.00035745863,-0.011401552
-0.12213716,0.10894870499104686,0.04199193256957572,0.05411339336792641,-0.060089827,0.092850938,0.051989723,0.00017045502,-0.015009963
-0.11192598,0.10497122137915564,0.045297485606937346,0.059348017685895156,-0.057287518,0.089719467,0.056679059,-4.4347602e-05,-0.017597429
-0.10500624,0.09895169934692782,0.045508536072407436,0.061099410367314436,-0.05556779,0.083910078,0.057817597,-0.00078422664,-0.019739514
-0.11751791,0.10241348985531247,0.04211591514109484,0.055604710901978605,-0.056579068,0.087241568,0.052947972,-0.001043385,-0.016950147
-0.12423623,0.1054437067089794,0.04082927358139177,0.051966401813092554,-0.056090906,0.090740688,0.050144192,-0.00027990431,-0.013637763
-0.12455384,0.09676337500640525,0.036183062488494865,0.04887103039551122,-0.055701803,0.081475884,0.04614196,-0.00028605288,-0.016100165
-0.11332176,0.09187960912569296,0.04094548023345349,0.05433445288137854,-0.053190816,0.077236205,0.051646102,-0.00015705469,-0.016878633
-0.11033222,0.09709104944711855,0.04438900942752746,0.059037064658052946,-0.050863251,0.0838857,0.056067251,-0.00053369941,-0.018481167
-0.12582928,0.10273798819830508,0.03958281228150018,0.05034249492480653,-0.051502574,0.089748934,0.048589971,0.00017169294,-0.013166322
-0.113474,0.10404111067640105,0.045711209130147146,0.05941327855678236,-0.051666703,0.091094926,0.056895167,-0.001501154,-0.017047703
-0.12119644,0.10508957860632673,0.04160296800081688,0.05392002922675166,-0.049141128,0.093305983,0.051689599,-0.0012304666,-0.015298394
-0.11705242,0.09760843754541187,0.04337772872992251,0.05585538259520167,-0.047531456,0.085862033,0.053677447,-0.00042771368,-0.015439317
-0.12638299,0.09416797947029265,0.03495134479360083,0.04720714097953938,-0.047549322,0.082116872,0.04457134,0.0001843958,-0.015552357
-0.12439073,0.0980305954355967,0.04015829498397547,0.051072946318251315,-0.044777744,0.08748953,0.049295355,0.00022508756,-0.013355267
-0.11418375,0.08804812370869848,0.0407890289868212,0.05434923897081493,-0.044520363,0.07675422,0.051580273,-0.00029213843,-0.017123956
-0.10720924,0.09162566851885111,0.04509257001139312,0.05936007304116294,-0.043317679,0.081151232,0.05658691,-0.00097913505,-0.017904781
-0.11235419,0.09536184157148106,0.044765518145097515,0.057965249609548034,-0.04338824,0.085180111,0.055591173,-0.00087345816,-0.016395997
-0.12474063,0.0893818430043864,0.036339771581705364,0.04799718968226483,-0.042364694,0.079118147,0.045702405,7.1282607e-06,-0.014663572
-0.12006662,0.09562844834220777,0.041600436345765865,0.053695570142417444,-0.041319903,0.086347699,0.051558468,-0.00024530388,-0.014995948
-0.107444,0.09538751296480882,0.046471903627349403,0.060436419286652734,-0.039292846,0.086946391,0.057865027,-0.0013916994,-0.017385701
-0.11166564,0.08926995075469661,0.043992021679531826,0.05705393898415531,-0.036121178,0.081646807,0.054672286,-0.0018170042,-0.016210848
-0.10659032,0.09796303764403934,0.04676558889731895,0.06172974134319707,-0.034952056,0.091586895,0.058769658,-0.0021339476,-0.018765248
-0.11931489,0.09162117986926455,0.041366426105338645,0.05339781201905697,-0.036287028,0.08413069,0.051257752,-0.0015375355,-0.014886409
-0.10527644,0.08585979040064277,0.046381241492267626,0.05996048829132491,-0.033090647,0.079228528,0.057537984,-0.00090006349,-0.016847268
-0.1242777,0.08488061242918468,0.037242805545993816,0.048703167884134126,-0.035599865,0.077099688,0.046544746,0.00019877724,-0.014336864
-0.12322047,0.09008987627895494,0.03951254508561017,0.050819075150094956,-0.033168208,0.083791003,0.048840389,-0.0017262036,-0.013936105
-0.11179372,0.08865037691068915,0.04524315604043288,0.058090061245864064,-0.030108521,0.083525948,0.055864241,-0.0018622496,-0.015816884
-0.11086975,0.08373139734145604,0.0447214921654923,0.05748008432223682,-0.028517747,0.078857407,0.055261649,-0.0016133809,-0.015732363
-0.11922695,0.08652241277145954,0.04133742015297688,0.05297033706714698,-0.028247697,0.082004085,0.050980724,-0.0014502845,-0.014308007
-0.1224457,0.09561090883811384,0.042172186353972144,0.053970463656681386,-0.026833493,0.092477761,0.051961333,-0.0017633954,-0.014481756
-0.12062239,0.09697555267291119,0.04253714968323897,0.054808817070428645,-0.028391821,0.093298785,0.052644134,-0.0016996176,-0.015156282
-0.11355292,0.09815134742175774,0.04651649059081431,0.058642312689907126,-0.028907446,0.094357252,0.056744151,-0.002226399,-0.014630971
-0.12490261,0.10101086094259051,0.04038899764189369,0.05186897816419968,-0.03483111,0.094949268,0.049875785,-0.0017541015,-0.014132236
-0.11441879,0.1018810689356996,0.04611526689191451,0.05887605979753732,-0.036169101,0.095326684,0.056740198,-0.0014368091,-0.015648512
-0.10899954,0.09840894893662028,0.0480071685207205,0.06047638974095108,-0.027126443,0.095393091,0.058511544,-0.0030667325,-0.014979589
-0.10914346,0.10232980205099794,0.04829666527667945,0.061471195264694196,-0.037024751,0.095450968,0.059302241,-0.0016418163,-0.016101444
-0.11298291,0.08063192746869953,0.043602023011185764,0.0558703567604916,-0.02542128,0.076804638,0.053770512,-0.001638856,-0.015084527
-0.12568417,0.0974726665236893,0.04180778819322568,0.0515084300406595,-0.024808284,0.095359951,0.050210714,-0.0021295086,-0.011290162
-0.124185,0.08537905025511447,0.0389163246998081,0.04950515961083554,-0.024412582,0.082389891,0.047758166,-0.0017851786,-0.012912457
-0.11861212,0.08218316518128588,0.04154354677996211,0.0530678669864893,-0.0233407,0.079372995,0.0511407,-0.00062997162,-0.014157346
-0.11457538,0.093736208003427,0.04542313063400309,0.05731475489580631,-0.022906832,0.092107929,0.055426233,-0.0027794996,-0.014324392
-0.10564916,0.0791764143649512,0.04642553612542418,0.0592618251264249,-0.021921676,0.07670892,0.057103794,-0.002069921,-0.015711017
-0.10939243,0.09361548709461387,0.04783181323473363,0.05991154602926409,-0.021561326,0.092547916,0.058078565,-0.0029450494,-0.014408342
-0.11340544,0.09308511807764047,0.046514514257326174,0.05805698243482467,-0.020165406,0.092564277,0.056350201,-0.0027130076,-0.013707941
-0.12437121,0.0831683393508068,0.03877448943868725,0.04939893698174106,-0.020490112,0.081653252,0.047633354,-0.0016737229,-0.012981418
-0.10625328,0.0903634401140228,0.04872362203734635,0.06158252369837855,-0.018641558,0.090254389,0.059523806,-0.002849722,-0.015530706
-0.11548889,0.09285278243328365,0.045915544828341766,0.05702033892564323,-0.018241819,0.093128391,0.055438176,-0.0025533577,-0.01309229
-0.1070988,0.07489822114658318,0.0453688793322452,0.05796421554207106,-0.015787346,0.074665129,0.055829376,-0.0023175448,-0.015412983
-0.12418863,0.07975842027918345,0.03941792644585839,0.05008715977236487,-0.017005274,0.079428077,0.048354581,-0.00082394411,-0.013033771
-0.11279322,0.07490478624936127,0.043434900516470074,0.05534251910964718,-0.015079846,0.074972577,0.053345166,-0.0025577361,-0.014510192
-0.10985637,0.08019626630229723,0.04562466571995272,0.05844427250132239,-0.012950844,0.081624739,0.056218423,-0.0030854309,-0.015674885
-0.11909663,0.07257848085019687,0.04035378304075836,0.05194598798716314,-0.011382543,0.074014783,0.049912233,-0.0015586228,-0.014308227
-0.12431244,0.07558049716030121,0.03864998247771995,0.04950209489758781,-0.011142205,0.077378072,0.047645777,-0.0016328304,-0.013329336
-0.092652515,0.10481326419915976,0.05141430171342338,0.06757764037886978,-0.056279436,0.089975774,0.064462475,-0.00028347259,-0.020279212
-0.1046057,0.09649735851645788,0.046249687713560875,0.06145372447455178,-0.049571805,0.083788924,0.0583799,-0.00097924378,-0.019167384
-0.086066931,0.1011375508634004,0.05258346209375264,0.06916118371493261,-0.054090634,0.086911716,0.065952294,-0.0010289265,-0.020796768
-0.094487302,0.09957686592098389,0.050000244844453166,0.06583761416821583,-0.054391544,0.085088521,0.062761173,8.140361e-05,-0.019890198
-0.095605947,0.09289107090078488,0.04700335865492149,0.06323077970417311,-0.053719163,0.078110747,0.059792552,2.9895566e-05,-0.02056651
-0.088397138,0.0990733033346946,0.051500782030367925,0.06793034711794776,-0.048794344,0.086917341,0.064709961,-0.0010513347,-0.020640923
-0.10086581,0.08881858388812627,0.04495329594125292,0.060348984384472774,-0.049847905,0.07532981,0.057110403,-0.00060525461,-0.019494498
-0.10146751,0.10563014938727655,0.04846726434636314,0.06489549363653593,-0.047302719,0.094673596,0.061466869,-0.0014456568,-0.020764373
-0.10134611,0.10546894702589375,0.0487849771523354,0.06530014921828772,-0.046828948,0.094699576,0.061857466,-0.0014650815,-0.020871438
-0.10129278,0.10540075217436878,0.04894409901507847,0.06546057368501151,-0.046666071,0.094694629,0.062028743,-0.0014355646,-0.0208677
-0.098459989,0.09467423446623037,0.04860672237156998,0.06404182991277663,-0.046557158,0.083087996,0.061035082,-0.00030608103,-0.019390231
-0.093174331,0.09578941664917033,0.05022087304811197,0.06593336368365944,-0.046455361,0.084342696,0.062920466,-0.00031832801,-0.019700814
-0.085086174,0.09478189254625721,0.05167864387437474,0.06791931582794962,-0.045912817,0.083478458,0.064787835,-0.00081633613,-0.02036918
-0.087899841,0.09223734994465152,0.051414988389239726,0.06716651108344414,-0.041091859,0.082760543,0.064207435,-0.0012554704,-0.019676618
-0.099214382,0.09192242026224587,0.048736528275797,0.06330788669138601,-0.041121427,0.082405865,0.060646471,-0.00086225057,-0.018142508
-0.08789406,0.08519764559704705,0.049720853681714555,0.06578829025379605,-0.038945176,0.0760241,0.062595427,-0.0011290023,-0.020214772
-0.093675591,0.09279156097001917,0.05041100901905564,0.06580953583611117,-0.038680658,0.08438611,0.062920727,-0.0016334265,-0.019214813
-0.097141258,0.08598885384831934,0.04777035445880776,0.06304200060947364,-0.03634543,0.077987164,0.060043611,-0.00078160159,-0.019194992
-0.10114544,0.08738608575578513,0.04817347811788995,0.06209988463862043,-0.033459712,0.080729976,0.059649926,-0.0010994476,-0.017235812
-0.092123926,0.08737223054044899,0.050670517892453686,0.06533364417423752,-0.032815427,0.080988407,0.062745169,-0.0016049331,-0.018137062
-0.086805984,0.08563236745366973,0.05209072204119592,0.0669578872092859,-0.029777385,0.080387861,0.064377911,-0.0014709926,-0.018348826
-0.090779066,0.08167711412691792,0.050505032231895106,0.06482130280040478,-0.027175147,0.077195615,0.062356066,-0.0014880798,-0.017643921
-0.10346191,0.07963852926014671,0.04510091272029237,0.05926371638107072,-0.028660199,0.07435061,0.056530759,-0.0011654106,-0.017751146
-0.097118162,0.08347039882486985,0.04909165447450982,0.06294266006609611,-0.027238332,0.079116948,0.060558137,-0.0021498436,-0.01702553
-0.10343017,0.0948811182844217,0.04868694233245283,0.06261561617032653,-0.027194969,0.091531508,0.060152169,-0.0031391038,-0.017104911
-0.085454084,0.0976797533863945,0.05329665499403898,0.06997029234036792,-0.034201734,0.091597639,0.066750504,-0.0023255104,-0.020851955
-0.10108732,0.09718058530184948,0.04939674042237543,0.06343738983352637,-0.030181339,0.092761919,0.060988568,-0.0026138884,-0.017258754
-0.082787752,0.09691901521479697,0.05424872755998519,0.07014904920408593,-0.031139296,0.092071131,0.067286588,-0.0024841123,-0.019678246
-0.090140857,0.09933656787560752,0.05276759991676792,0.06812493057697958,-0.034554489,0.093247801,0.065385342,-0.0022691167,-0.018989848
-0.082804516,0.09494153652494801,0.05510174187107773,0.07024597251838538,-0.026784146,0.091771528,0.067708239,-0.0028753267,-0.01848847
-0.091465518,0.09850071272885572,0.05292696910778345,0.0679083582554706,-0.031962849,0.093439847,0.065317295,-0.0024162685,-0.018421665
-0.094938152,0.09849299221561023,0.05189130134408572,0.06645217381876849,-0.03119109,0.093759052,0.063957334,-0.0024640574,-0.017868387
-0.098781526,0.10085442780501903,0.05062860874136537,0.06463310900312538,-0.034768108,0.094806068,0.062275968,-0.0023235562,-0.017138952
-0.091453232,0.10272336443716282,0.05305669328774208,0.06806502779616312,-0.039334357,0.094898149,0.065475829,-0.0022081982,-0.018463144
-0.082992643,0.09444975296507316,0.05544629151175884,0.07045919596659826,-0.02567477,0.091708176,0.067984931,-0.0030289171,-0.018258508
-0.09322083,0.09241106661932919,0.05221761494807827,0.06670710036290116,-0.023912564,0.09024144,0.064243548,-0.0030078557,-0.017707529
-0.099434346,0.0917948695725082,0.05005309742639936,0.06478886622374785,-0.023567554,0.089718476,0.062116068,-0.0025826774,-0.01823516
-0.10180984,0.09264518445371124,0.04994836188410726,0.06392992305649148,-0.02351501,0.090664528,0.061528765,-0.0028574567,-0.017119611
-0.084736556,0.08076513389776666,0.052834509977092874,0.0671698542795719,-0.022500947,0.078188956,0.06482137,-0.0020199665,-0.01748997
-0.097938187,0.07776063215863374,0.04800940708071508,0.06186750495608688,-0.02227468,0.075021029,0.059417777,-0.0020986977,-0.017108811
-0.088596068,0.09235252386445927,0.05408543526220522,0.06834881254947411,-0.021632656,0.091145605,0.066064537,-0.0032566134,-0.017217189
-0.091658264,0.0871057020921719,0.05120587689841505,0.06682982696605129,-0.020444321,0.085950084,0.063869424,-0.003156112,-0.019415494
-0.085732661,0.09167863424457388,0.05506204892817358,0.06926926570941168,-0.019508841,0.091315024,0.067057915,-0.0032391695,-0.017057989
-0.095878921,0.07960929717683496,0.05029601789712943,0.06381790841542978,-0.019021958,0.078410044,0.061611835,-0.0026283832,-0.016425554
-0.10262072,0.08252539632223521,0.047632372361324886,0.061744256476307574,-0.018110195,0.081964999,0.059160955,-0.0026792402,-0.017468723
-0.095693022,0.08857569860612519,0.052256854146105744,0.06583140987685374,-0.016278936,0.089315131,0.063670628,-0.0039399187,-0.016257389
-0.08959344,0.07627281259757784,0.051314841864931196,0.06515973725212416,-0.016102212,0.076024778,0.062889196,-0.0027533213,-0.016827347
-0.099413686,0.07401419576105907,0.047957984644233925,0.06105327416151174,-0.014917082,0.074074164,0.058872223,-0.0026450201,-0.015955172
-0.082537316,0.07635165635576101,0.0524975462123127,0.06670541147594293,-0.017249601,0.075623393,0.064358816,-0.0030911972,-0.017262654
-0.082275979,0.10266500551200183,0.05282716642048864,0.06982429507144644,-0.057742625,0.087020904,0.066466346,-0.00061476853,-0.021384085
-0.069247611,0.1025578525274008,0.055827260294806655,0.07394335789079327,-0.056429669,0.087461814,0.070334226,-0.00022765342,-0.022818085
-0.063606009,0.09757371315097199,0.05632912651474047,0.07394354507931178,-0.054616559,0.082816862,0.070566706,-0.0006340869,-0.022081345
-0.076191053,0.10003773920545893,0.05436760382655768,0.07183060314130939,-0.05426554,0.085642681,0.068388097,-0.00025857927,-0.021968998
-0.068295695,0.09011496574092148,0.05257309766283171,0.07013136899214607,-0.053142887,0.075339511,0.066528559,-0.00060656184,-0.022180889
-0.061213829,0.10047558987784193,0.057561753551566765,0.0756704729370039,-0.050696272,0.087633409,0.072174966,-0.00089488388,-0.0227155
-0.077309549,0.09239051778597432,0.05209025757046803,0.06909610799038726,-0.052423894,0.078116775,0.065687053,-0.00024493405,-0.02143416
-0.068731882,0.09895912542538769,0.05610384587484913,0.0737671700917426,-0.049580272,0.086459696,0.070354998,-0.00086112355,-0.022159154
-0.079207547,0.09762420466598679,0.05405356913733668,0.07121862721833136,-0.048088975,0.085642509,0.067874186,-0.00051716773,-0.02156201
-0.082233958,0.08828658662963515,0.05112931177201854,0.06712356382041265,-0.047052536,0.075938433,0.064053617,-0.00094326556,-0.020045379
-0.072978243,0.09634857529933114,0.054808246419196203,0.07207753529125883,-0.046919242,0.084753238,0.068738185,-0.00090377574,-0.021666015
-0.064614803,0.09278121770028527,0.05625193783824544,0.07329066727596012,-0.046765339,0.08094313,0.070134908,-0.00074777607,-0.021261642
-0.073572375,0.086847467908657,0.05286238489411442,0.06921755578762322,-0.045257844,0.075136833,0.066114694,-0.0010393108,-0.02046551
-0.078538314,0.09348743315529225,0.05291563724916455,0.06984400690735129,-0.041487828,0.083950505,0.066518471,-0.00078761595,-0.02128046
-0.070794433,0.09301990053440291,0.0552851341829948,0.07213224877991045,-0.040973131,0.083661072,0.068984099,-0.0014869565,-0.021024851
-0.063835129,0.09268951627298888,0.056646486103894465,0.07379808975861869,-0.04045321,0.083522849,0.070623867,-0.00055255881,-0.021403788
-0.068173885,0.08672325467709038,0.055497205575625715,0.07181160502467031,-0.036667343,0.078648344,0.068881355,-0.0016143381,-0.020240046
-0.078993127,0.08904928642282432,0.05328012010602673,0.06937163088162242,-0.036601223,0.081203319,0.066397063,-0.001176724,-0.020061618
-0.061803497,0.08710814051001249,0.05637808603856994,0.07285483693741746,-0.035085861,0.079737768,0.069917522,-0.0014556452,-0.020426661
-0.082147636,0.08454415108434574,0.05172011765677463,0.06765341610198508,-0.035462815,0.076792344,0.064642064,-0.0012637133,-0.019919621
-0.073247992,0.08916935725814107,0.05525792072033775,0.07186450777419383,-0.034282848,0.082317851,0.068807676,-0.0015477254,-0.020678872
-0.074550949,0.08176882220217897,0.052138266898674644,0.0686608502589352,-0.03516617,0.073903255,0.065436043,-0.0017664742,-0.020719947
-0.068583682,0.08633411326852866,0.0554809157008751,0.07177912342985589,-0.028976621,0.081490114,0.068834946,-0.0026583616,-0.020172404
-0.06632185,0.08100701818004791,0.055039415263583545,0.07127957436856355,-0.02860838,0.075859278,0.068347856,-0.0017695455,-0.020154826
-0.079642229,0.08405641181876618,0.05388159731566874,0.06874184776723731,-0.028370798,0.079272866,0.066262618,-0.0018072241,-0.018205522
-0.061668571,0.09464854728541361,0.058447660322667086,0.07517147333532169,-0.028258441,0.090827435,0.072255298,-0.0020045394,-0.020637445
-0.06513501,0.09499029840088614,0.05811588150939768,0.0746682301587976,-0.028201945,0.091222681,0.071780778,-0.0028252129,-0.020368669
-0.067223862,0.09525362339661891,0.058359257150323196,0.07440463757504084,-0.027308702,0.091887906,0.071716584,-0.0029723214,-0.019594565
-0.072550558,0.09602831440490524,0.05770456054448235,0.07301128494792125,-0.026056681,0.093260951,0.070568189,-0.0024760733,-0.018564684
-0.073620982,0.09757086249271645,0.057482290394594876,0.07297246909119887,-0.02913456,0.093630232,0.070452034,-0.0024075788,-0.018859897
-0.072683297,0.0997943405876497,0.057469524858299356,0.07369278191455512,-0.035069097,0.093526669,0.070899956,-0.0024305105,-0.019947806
-0.077747956,0.10054451527424077,0.05632193199833109,0.07222969033492152,-0.03545557,0.094177581,0.069491558,-0.0022779836,-0.019566868
-0.069164433,0.10161823818949342,0.05794465383745688,0.07464843221917944,-0.037506316,0.094473541,0.071708597,-0.0020943203,-0.020636845
-0.080869392,0.10295127108947573,0.05547905120168483,0.07157649512088629,-0.040376741,0.094703272,0.068725713,-0.0017807416,-0.019919839
-0.06791655,0.10195863593448375,0.05813164586259703,0.07494893861855569,-0.037982725,0.094641112,0.071981147,-0.0018446614,-0.020800363
-0.060494736,0.10018743319558067,0.05967838562631758,0.07636887093537899,-0.032415628,0.09508004,0.073541455,-0.0016986151,-0.02051764
-0.06278678,0.10369950633517082,0.05840932509387296,0.07591197787899716,-0.041385628,0.095087878,0.072700113,-0.001673969,-0.021783475
-0.081501037,0.10336769068175894,0.05541341999470748,0.07137915927516392,-0.040203001,0.095229402,0.0685701,-0.0020493218,-0.019721208
-0.071104728,0.07994293202236348,0.054464201063699175,0.06982447908965299,-0.025115155,0.076186083,0.067189515,-0.0019720541,-0.018898094
-0.078290872,0.09351163089596234,0.05663249487875635,0.07160251797812324,-0.024548631,0.091167055,0.069225192,-0.0023600047,-0.018144524
-0.077970475,0.08506496357577115,0.0543591683257478,0.06960743288584464,-0.024573142,0.081980526,0.066992462,-0.0027229802,-0.018702677
-0.06317471,0.080261024641883,0.05561958933408005,0.07174872567288466,-0.022543116,0.077623412,0.068887912,-0.0021542618,-0.019942276
-0.075503424,0.07809110064084852,0.05423331119230561,0.06906440478360024,-0.021193506,0.075838968,0.06660039,-0.0025747844,-0.01810112
-0.074034847,0.08802840297069724,0.05555043921142028,0.07122208431929951,-0.018756246,0.087669015,0.068487026,-0.0037998275,-0.019174824
-0.067618906,0.08929686307045763,0.057711875897453746,0.07301849878250925,-0.018362731,0.089214057,0.07057184,-0.0026541958,-0.018554563
-0.070531413,0.08754168059011998,0.05679742266150422,0.07229119925796253,-0.017353183,0.087735824,0.069711097,-0.0032266581,-0.018867144
-0.077836536,0.0887105627556375,0.0566514131779078,0.07104979976144696,-0.016278187,0.08946196,0.0688361,-0.0038120118,-0.017179463
-0.070288233,0.07574438606970406,0.05470732055007078,0.06979073138051094,-0.016221108,0.075400248,0.067235306,-0.003492478,-0.018383754
-0.064259216,0.074531292285473,0.056064322280027015,0.07101782042633242,-0.015372398,0.074442647,0.068605326,-0.0028001352,-0.018138338
-0.076645277,0.07617164290515814,0.05393718639426007,0.06852154899254609,-0.015184667,0.076304346,0.066119127,-0.003046422,-0.017725209
-0.039851964,0.10441537326225872,0.05990675244470719,0.0793353617388712,-0.057699412,0.088940777,0.075465158,-0.00075264537,-0.02446514
-0.045997784,0.10377999875628961,0.05917304974246759,0.07835689399707518,-0.057073418,0.08851625,0.074538738,-0.00023333683,-0.0241604
-0.05839647,0.1017237401203086,0.05770003588038793,0.07587300074364829,-0.05709533,0.086273111,0.072363071,-0.00049191993,-0.022804741
-0.045332856,0.09713317188065224,0.05860120481820175,0.0771834823062141,-0.055131342,0.082119763,0.073568031,-0.00064444763,-0.023337083
-0.051491797,0.0996940314303068,0.05857269703983239,0.07718556132256423,-0.0520311,0.086217754,0.073555149,-0.00080049608,-0.023379695
-0.040564213,0.09014360688340797,0.057202124901198186,0.07587172551139873,-0.051215224,0.07618887,0.072129466,-0.00050869095,-0.023528708
-0.058513012,0.08916447117411322,0.054499092991566155,0.07262519366782648,-0.050978571,0.075225629,0.068922408,-0.00033435153,-0.022891235
-0.054944567,0.09715499664105756,0.058086949751923134,0.07600004008722014,-0.0492393,0.084644496,0.072615042,-0.00096853555,-0.022408117
-0.043836538,0.09632371025454585,0.059261896019850165,0.07773143949060059,-0.048023283,0.084257588,0.07420101,-0.0010239822,-0.023137378
-0.057496235,0.09434602308911089,0.05788980339651618,0.07525814431257753,-0.044675075,0.083530337,0.0720734,-0.0010338509,-0.021636646
-0.048040502,0.08955370098385985,0.05770840574278537,0.07547939638944681,-0.044708446,0.078309983,0.072127923,-0.00074711407,-0.022229346
-0.048438713,0.09505002151434473,0.05835510687664996,0.07658170522020347,-0.044530183,0.084356636,0.073091,-0.00080975943,-0.022843108
-0.041422054,0.10365930690178614,0.06026872060197821,0.07954927317900963,-0.043707285,0.094058722,0.075760499,-0.0010588035,-0.024234533
-0.038515065,0.09328319026300734,0.05951365486749363,0.07778909074478557,-0.042948432,0.083108634,0.074351102,-0.0010426325,-0.022846645
-0.040875912,0.09046852250376475,0.059162062000649975,0.07721208134248447,-0.038254369,0.082043402,0.073839597,-0.0011412897,-0.022541448
-0.050564788,0.09033078031335376,0.05825599852684303,0.07577480505545058,-0.038339164,0.081857771,0.072553523,-0.0011112627,-0.02183054
-0.057589691,0.09083356196246349,0.05712480032950067,0.07423755267423444,-0.038447008,0.082358196,0.071100064,-0.001497271,-0.021301486
-0.055056892,0.08648683352074156,0.057576810204756204,0.07421384256699667,-0.033548914,0.0797152,0.071289651,-0.0012160182,-0.020591294
-0.043549847,0.08676294693793407,0.05902737275714277,0.07646295877125626,-0.033027761,0.080236375,0.073317721,-0.0014433883,-0.021656696
-0.050144304,0.08802378230548473,0.0585670376557342,0.07598487958143824,-0.03185815,0.082102567,0.072822772,-0.001004294,-0.021668807
-0.047506534,0.08361674212735475,0.05846076753200888,0.07502560254573147,-0.028559983,0.078714922,0.072180532,-0.0012322245,-0.020427762
-0.06023768,0.08191764881410295,0.05625154807610588,0.07282962130538478,-0.029187769,0.076602615,0.06984251,-0.0017019336,-0.020573793
-0.043729454,0.09692805989913617,0.06100055092287595,0.07875973399257388,-0.03215925,0.091648012,0.07560499,-0.0017867184,-0.0219952
-0.038325939,0.09544388274400253,0.06237230949191235,0.07895312108171122,-0.026695076,0.092355065,0.076319531,-0.0014778897,-0.020167805
-0.042294841,0.09634840997550972,0.062158747381745816,0.07880146578672442,-0.02817533,0.092709377,0.076129906,-0.0017694371,-0.020267647
-0.041072365,0.09682492458512587,0.062145432571961916,0.07894347614060013,-0.029212698,0.092786707,0.076218143,-0.0014911518,-0.020509597
-0.052672643,0.09855434270921377,0.060920473667086916,0.07828211079450642,-0.0337721,0.092730127,0.075279661,-0.0012873894,-0.021433715
-0.046900522,0.10009046204485911,0.06088116688714716,0.07867587473812102,-0.036656983,0.093174346,0.075503737,-0.0015291055,-0.022062203
-0.041903645,0.10102367992450405,0.0612795434641093,0.0793202642676417,-0.038074862,0.093586303,0.076081842,-0.0011371296,-0.022404566
-0.052912518,0.09735785906788154,0.06067771046239385,0.07711544491342177,-0.027664229,0.094022952,0.074437514,-0.001732474,-0.020071046
-0.057099361,0.10160961222926941,0.05996115117407633,0.07716311527837483,-0.037289109,0.094556369,0.074160732,-0.0016270204,-0.021252882
-0.058527417,0.10211952164579369,0.0596418723939463,0.07687446115675328,-0.037818093,0.094885774,0.073839448,-0.0017803886,-0.021313116
-0.05546746,0.10200362239995801,0.06020267376917416,0.07744056992943389,-0.037397761,0.094938286,0.074441098,-0.0014411798,-0.021295253
-0.048222333,0.10589932827524666,0.060524399256272676,0.07895675597242097,-0.045519575,0.095722921,0.075518951,-0.0012432288,-0.023011122
-0.047124948,0.09501958246894064,0.06138692447082634,0.07755394068590889,-0.025619799,0.09235055,0.075006783,-0.002133369,-0.019597065
-0.059914738,0.09218326681750613,0.05824961878993993,0.07537829657238324,-0.025530338,0.089307263,0.07229574,-0.0020234329,-0.021239569
-0.042662092,0.08148046855888387,0.05969125738555665,0.07597640378817967,-0.023797955,0.07841552,0.07330104,-0.0016224041,-0.019918315
-0.053924736,0.09182856684662832,0.059531842873733726,0.07584066338765713,-0.022845505,0.090061575,0.073142864,-0.0019439347,-0.019953666
-0.056138024,0.07987866301955886,0.0571226895881541,0.07329122758141143,-0.022485215,0.077232607,0.070509836,-0.0018177344,-0.019916398
-0.04362892,0.09259109418904583,0.061843504653254985,0.07765623377416253,-0.021738861,0.091359697,0.075264156,-0.0018631129,-0.01903487
-0.048313905,0.07860926430353546,0.05874620134545509,0.07435226497915313,-0.021728467,0.076174803,0.07187327,-0.0015820843,-0.018973386
-0.058374114,0.0902496568351333,0.059026797247440026,0.07553492184495383,-0.021533966,0.088903025,0.072723798,-0.0025194434,-0.020258974
-0.056623068,0.0889111414534354,0.05951028510598609,0.0758979044325578,-0.019380149,0.088363156,0.073158115,-0.0025669793,-0.020044768
-0.039442047,0.09042353541448399,0.06186007913770914,0.07781957273315701,-0.019034319,0.090152957,0.075374514,-0.0019779208,-0.019252438
-0.051600438,0.08750225464640253,0.059880406862191794,0.0766231571134762,-0.018403545,0.087247141,0.073781647,-0.0020969911,-0.020566463
-0.046421625,0.08894255440487861,0.06209272706269055,0.07770206322318211,-0.018136421,0.088925213,0.075388469,-0.0022084205,-0.018689897
-0.059814706,0.07608020590187539,0.05580188656025184,0.07140494773834109,-0.018340681,0.074865364,0.068758339,-0.0018575722,-0.019170467
-0.051228743,0.08233797704788928,0.058491843147770325,0.07566280992898267,-0.017192228,0.082151048,0.072581954,-0.0018137498,-0.021293921
-0.042307887,0.07805847186815008,0.05994779014389973,0.07552162568006415,-0.01687322,0.077637374,0.073101349,-0.0025680244,-0.018791327
-0.047353089,0.0752560379270384,0.05854605403035555,0.07366885482189592,-0.013305267,0.076107427,0.071344756,-0.0020758812,-0.018240523
-0.053059183,0.07359604931620731,0.05753324662001053,0.0725589353741485,-0.012327664,0.074719049,0.070215575,-0.0020821164,-0.018172422
-0.022207109,0.10305240860418424,0.0618604674897725,0.08088707810269179,-0.058241937,0.087229818,0.077303693,-0.00077092211,-0.023796305
-0.027715638,0.10146941191984861,0.06162806097498556,0.0803194630440137,-0.057990026,0.085617043,0.07685481,-0.00031199559,-0.023333602
-0.032275699,0.10110882013568229,0.060811925436151465,0.07950741328449384,-0.052742533,0.087452739,0.075990349,-5.5840046e-06,-0.023385799
-0.019082339,0.09864560695443747,0.06156527061249519,0.08071624922461174,-0.052109376,0.085045561,0.077066764,-0.0003637347,-0.023993634
-0.031242346,0.08981457579709638,0.05675253187297288,0.07600227774254911,-0.053199977,0.074988946,0.071990952,-0.00076074863,-0.024353035
-0.037952535,0.09913831619887402,0.0600414859682137,0.07872296986706882,-0.051406335,0.085879244,0.075160518,-0.00072074583,-0.023402629
-0.029085701,0.09471086701398299,0.06044022751796012,0.0788790461314054,-0.050679099,0.081378132,0.075437903,-0.00062254781,-0.023035606
-0.020018272,0.09116554070324286,0.05925650764159358,0.07806414797433436,-0.05113171,0.077334508,0.074402817,-0.0001264234,-0.023626596
-0.024623828,0.09893655777280227,0.06150311705834992,0.08048149223636199,-0.049012668,0.086676113,0.076894589,-0.00075414131,-0.023747085
-0.027233813,0.1071883528840889,0.062073736295566784,0.08200104116370582,-0.056922801,0.092282884,0.078074723,-0.00039749514,-0.025066918
-0.033311769,0.09632394462979738,0.060337411533591914,0.07891704856071251,-0.045718964,0.085235968,0.075414822,-0.00045225272,-0.023244368
-0.016995149,0.09567573487606237,0.06104221759934599,0.08035728299557732,-0.045441095,0.084649727,0.076608203,-0.00056341424,-0.024251984
-0.037777863,0.08577541682834537,0.05755604833044699,0.07572779624399445,-0.045021053,0.074072711,0.072207987,-0.00071113196,-0.022807894
-0.024378413,0.09433571827193266,0.06102218188106848,0.07962819496477845,-0.043815557,0.083883986,0.076158546,-0.00049471582,-0.023243936
-0.020024367,0.08749045486755162,0.0600255444289577,0.07783746063973303,-0.043255392,0.076685339,0.074615575,-0.00037061403,-0.022159623
-0.03201443,0.09064604103421074,0.06032644889570006,0.07803359354675445,-0.041076433,0.081038356,0.074869029,-0.00067741517,-0.021986617
-0.025783442,0.09132377144974929,0.060830225341064754,0.0787742524202209,-0.038840987,0.082723506,0.075548798,-0.00072689925,-0.022298735
-0.016264744,0.08998416110716378,0.06124475588001382,0.07948489297074805,-0.037559621,0.081812114,0.076171972,-0.00034581733,-0.022705931
-0.024611631,0.08427553323328797,0.059657188160014696,0.07728752795768355,-0.036240619,0.07617037,0.074111827,-0.00071093015,-0.021915603
-0.034617011,0.08574166506605291,0.05965720281052943,0.07698389518055304,-0.035248764,0.078184135,0.073922202,-0.0010569799,-0.021468837
-0.021575764,0.08845594779521965,0.06132742614292489,0.0793722554487996,-0.032846205,0.08215265,0.076137796,-0.00078152196,-0.022413839
-0.031526353,0.08870682814919666,0.060240430145710046,0.07795168604979266,-0.032937314,0.082386523,0.074779674,-0.00079394487,-0.021996258
-0.028033508,0.081572172711944,0.06023966186767543,0.07709743832550514,-0.02928816,0.07618469,0.074246854,-0.0010716761,-0.020742979
-0.037241876,0.0856241084635198,0.05983634090007092,0.07701937145841674,-0.029156059,0.080642626,0.074022204,-0.0011428751,-0.021245958
-0.020355713,0.08408390373396235,0.06072252367424699,0.07789128201459215,-0.028257119,0.079350986,0.074955076,-0.00061646657,-0.021175655
-0.037813146,0.08026578537045118,0.05881227013004114,0.07567371126015622,-0.026904557,0.075777262,0.072735451,-0.0013957287,-0.020835467
-0.016700646,0.09459213234150161,0.0636110626827089,0.08027410082819664,-0.026017625,0.091717318,0.077684931,-0.00060937984,-0.020214139
-0.016043371,0.09820980332983133,0.06406289207480058,0.08159459812024197,-0.032463092,0.092911474,0.078713886,-0.00057733461,-0.021481836
-0.027535301,0.09823803785765559,0.0629388802605997,0.08059603798322067,-0.032576248,0.092894115,0.077603817,-0.0007713369,-0.021743366
-0.02238664,0.1015163820040264,0.0621840640193106,0.08120660428981882,-0.039634474,0.093459539,0.077645838,-0.00065226725,-0.023774166
-0.01911133,0.09972193540141142,0.06336681745732689,0.08137016848300746,-0.034848318,0.093541726,0.078273147,-0.00068463897,-0.022224987
-0.027630778,0.09924583930750235,0.06278499764591924,0.08040792661598342,-0.033429638,0.093626708,0.077418722,-0.00091464882,-0.021701142
-0.032689963,0.09892928418845955,0.06276457479930661,0.08015315747410595,-0.03220157,0.093804099,0.07724271,-0.0016583329,-0.021338752
-0.036985144,0.10226471735583799,0.06176531059429821,0.08015357658290596,-0.039986398,0.094123118,0.076811954,-0.00098091492,-0.022881376
-0.033337988,0.09995027954100291,0.06255594376690464,0.08009299704051277,-0.033894841,0.094194517,0.077116415,-0.0015680408,-0.02157517
-0.025809987,0.10334563891110128,0.06305919080671166,0.08114386324878103,-0.039382469,0.095553741,0.077997588,-0.00077047275,-0.022363121
-0.017470075,0.10486082163182563,0.06327640119142881,0.08199227625762945,-0.043143824,0.095603175,0.078619294,-0.00040057764,-0.023271861
-0.028947588,0.09225742973237394,0.06160994052147766,0.07902927716071127,-0.025457645,0.089418687,0.076044247,-0.0013858565,-0.021470411
-0.030050954,0.08193766892445899,0.060348683066947933,0.07726969146435483,-0.024610315,0.078567378,0.074401751,-0.0010689403,-0.020828875
-0.028047465,0.09246067043516867,0.06252240084020926,0.07964277761342942,-0.024345279,0.090111651,0.076823778,-0.0011273241,-0.020971607
-0.019898955,0.0787746759435359,0.059895767612712085,0.07679356285200091,-0.024236443,0.075289927,0.073909961,-0.00083870819,-0.020829439
-0.022277011,0.09227916781229888,0.06282731797792723,0.07989408773911784,-0.023901735,0.090102747,0.077114977,-0.00069705461,-0.020877253
-0.019332871,0.09179194832395177,0.06322718737880778,0.08009635365117136,-0.022556534,0.090144455,0.077411391,-0.00071456045,-0.020552173
-0.036177184,0.09133416019177049,0.06179202050714696,0.07828890739149291,-0.021153431,0.090242714,0.075648263,-0.0019044392,-0.020071533
-0.034140717,0.07792560736645494,0.05991912967505209,0.07607803225943649,-0.020802045,0.075825348,0.073464677,-0.0013802809,-0.019720625
-0.022389702,0.07998505556035819,0.06077557806651881,0.0776431361161341,-0.019365896,0.07867226,0.074812442,-0.0017046366,-0.020703848
-0.024007645,0.08851916965406922,0.06313676743686467,0.07974854729426935,-0.017739784,0.088633627,0.077149116,-0.0010904486,-0.020165704
-0.030604985,0.08860915892819632,0.06212543803883935,0.07878326717883302,-0.017563071,0.088806398,0.076109238,-0.0013879257,-0.020304205
-0.029298251,0.08769483946566589,0.06230634521667852,0.07883106257681224,-0.016482947,0.088271603,0.076218046,-0.0011111328,-0.020097544
-0.027732713,0.07674370783845177,0.06042052972886491,0.07645523973029837,-0.016337022,0.076436669,0.073910855,-0.0016693779,-0.019488519
-0.035921048,0.07575839574326636,0.05981127755437385,0.0754371105105945,-0.014685209,0.076067418,0.073002234,-0.0019872368,-0.018907204
-0.017482052,0.0725751351967115,0.061790835530713,0.07644557295072246,-0.011251323,0.074066848,0.074463278,-0.0006683321,-0.017282916
0.0012027703,0.10739824190186634,0.06238375259408992,0.08258599311810988,-0.05964987,0.091353327,0.078569926,-0.00011590809,-0.025440117
-0.0042338087,0.10231460120512395,0.06290847941489454,0.08168116095777854,-0.055025205,0.087793715,0.078261837,-0.000822214,-0.023371369
-0.015377911,0.10247089926660002,0.06207232431789386,0.08146281500926847,-0.054523531,0.088176459,0.077751011,0.00030957177,-0.024307914
-0.01028158,0.10036540442127331,0.06176044785799366,0.08058164655130956,-0.052889436,0.086582765,0.077074818,9.3754141e-05,-0.02351309
-0.012645746,0.0915690043503834,0.05929320083377872,0.07832750328753638,-0.053269733,0.076865278,0.074577235,-0.00037187219,-0.02394359
0.0027215481,0.09983266736643778,0.06210637671442609,0.08146742549747865,-0.050576061,0.08698599,0.077769697,0.00018935316,-0.024264785
-0.0028347666,0.09699598159026379,0.06243189728534634,0.08116993838151504,-0.050618961,0.083886117,0.077737294,-4.2987845e-06,-0.023355342
0.0049457042,0.0915955583374031,0.0602671717541543,0.07899864500522444,-0.050524838,0.078059264,0.075432807,-2.788751e-05,-0.023466503
-0.004215898,0.09051294116511598,0.06001010484246871,0.07883226150598158,-0.049998403,0.07710661,0.075213768,-0.00024162898,-0.023608392
-0.0071260375,0.10728242229952431,0.06276911745136597,0.08291192817792621,-0.055865865,0.09283372,0.078944087,-0.0005835864,-0.025335319
-0.010824849,0.09745508761492577,0.06165479716229486,0.08067988439766792,-0.047446892,0.085731335,0.077086024,-0.00027958798,-0.023809882
0.0047506196,0.0952373175683004,0.061693339854257505,0.08055663697189835,-0.045424752,0.084180385,0.077029131,7.2924325e-07,-0.023577208
-0.011158884,0.08710885330989669,0.05999537564265324,0.07812423303379576,-0.044010151,0.075950406,0.074776456,-0.00063318631,-0.022615846
-0.0040224441,0.0949442670111941,0.06170449622403225,0.08065913311967707,-0.043513019,0.084673509,0.077096343,-0.00016716724,-0.023706997
0.00052033464,0.08490435751984762,0.06025682321495521,0.07814654998320657,-0.043075342,0.073952332,0.074909247,8.1126709e-06,-0.022259558
-0.010158104,0.09275641278975237,0.061377533520173486,0.08016601507870595,-0.041527405,0.083139554,0.076647811,-0.00024141994,-0.023487119
-0.0018760371,0.0900647182521369,0.061136244593144845,0.0793366806047727,-0.039348394,0.081140339,0.076032944,-2.7734155e-05,-0.022656115
0.0040616747,0.09285602786238184,0.0608973191155106,0.07994200677430169,-0.039052047,0.084298499,0.076292217,0.00020916852,-0.023878407
-0.0084534204,0.08952227248099592,0.06147057193818367,0.07961494431158561,-0.035277091,0.082279213,0.076351069,-0.00074464944,-0.022549925
-0.0042189504,0.08544102378152121,0.06152063524329761,0.07888827231944796,-0.033538133,0.07858365,0.075924404,-0.00041473313,-0.021416638
0.0027801928,0.08750587868459447,0.06120715649254473,0.07945039478985536,-0.033086859,0.081018381,0.076134391,0.00010499576,-0.022713624
-0.014321889,0.08631737214877626,0.06177180532813886,0.07936550691158314,-0.031329967,0.080472991,0.076331072,-0.00042082224,-0.021731867
-0.0084637795,0.08458584535266221,0.06210536792868844,0.07921610979535645,-0.02793283,0.080033928,0.076380141,-0.00072622119,-0.020993778
0.0018832331,0.08354189259497977,0.06118767616027908,0.07862505064486852,-0.027878443,0.078922905,0.07561601,-0.00022145528,-0.021542251
-0.004410015,0.09445840207686751,0.06377514801996931,0.08079861924237311,-0.025979992,0.091588013,0.078088976,-0.0003598413,-0.020746065
0.0057774363,0.09743430279194759,0.06386808669043093,0.08118818956776985,-0.030438576,0.092928357,0.078375787,2.9992047e-05,-0.021183891
-0.0026078785,0.09811455199995536,0.06394453133941415,0.08128689249951505,-0.031880621,0.093055241,0.078470543,-7.7569268e-05,-0.021211477
-0.0056292354,0.09894767504989686,0.06365911326195098,0.08129335223385362,-0.033904206,0.093101352,0.07835234,-0.00046213443,-0.02166348
0.0029698086,0.09912437140818754,0.06377481528873044,0.0813189091479691,-0.034151886,0.093188174,0.078418687,7.9202808e-05,-0.021523667
-0.011565249,0.10157306162152793,0.06285529388103277,0.0816944299004113,-0.039463028,0.093593888,0.078248486,-0.00017361766,-0.023476034
-0.010820825,0.09888671635985481,0.06415246976131399,0.08156833815077591,-0.032355949,0.093692325,0.078735568,-0.00050816691,-0.021303659
-0.015139027,0.10061158656994162,0.06352834153512021,0.08153673226012657,-0.035771225,0.094116457,0.078448243,-0.0004487159,-0.022224098
-0.0027455038,0.09364184891831127,0.06347184594224373,0.08072191881915232,-0.025655577,0.090838648,0.07791318,-0.00010112359,-0.021108158
-0.0094129033,0.09379761690444993,0.06392591219491392,0.08049572311060459,-0.023843272,0.091777146,0.077956945,-0.00055410096,-0.020049168
0.00018813506,0.09242842282959296,0.06347084826215708,0.08037593576225482,-0.0229847,0.09065415,0.077693172,-0.00012219064,-0.020592405
0.0051636994,0.08104274253078565,0.061392135657414346,0.07828783884121279,-0.022844885,0.078344546,0.075493187,0.00021706181,-0.020729624
-0.0035181039,0.08083990017951413,0.06188423721635691,0.07843000315448405,-0.022804791,0.078141205,0.075788677,-0.00081332162,-0.020166317
-0.012843634,0.08123779024310399,0.061444470904525525,0.07817490498560936,-0.022539694,0.078685984,0.075444214,0.00020805455,-0.020480309
-0.0097895153,0.09247917389066254,0.06408843357208906,0.0805699037857067,-0.022311475,0.090995051,0.078071073,-0.00056883326,-0.019902095
0.0039191912,0.0917121115794078,0.06337242898970058,0.07993980751758631,-0.021270605,0.090603568,0.077373728,-3.9338127e-05,-0.020091727
-0.014787419,0.09075825897333442,0.06366410271655487,0.08020336232482822,-0.020762406,0.089783058,0.077660993,-0.00068487262,-0.020021999
-0.0079588238,0.0786234422513492,0.061410415142014806,0.07759962341597818,-0.018030027,0.0777601,0.075063407,-0.00051389699,-0.019670343
-0.0062674349,0.08983344323889086,0.0642540271736547,0.08024827156886745,-0.017697232,0.090079464,0.077929229,-0.00056811853,-0.019144127
0.0036696289,0.08731956581567786,0.06359069768776338,0.08012272567904374,-0.01704313,0.087626137,0.077580772,0.00019877202,-0.020020876
0.0042567579,0.07565196078594968,0.06156434338833955,0.0770998479795617,-0.017452898,0.074776977,0.074805371,0.00017370409,-0.018668499
-0.013752274,0.07723086729982787,0.0615267925534028,0.07743965401276223,-0.016519746,0.076888338,0.075009301,0.00036540447,-0.019245032
-0.0019210597,0.08677095274325523,0.06390779086505718,0.0801766622799322,-0.015581174,0.087650709,0.077743851,-0.00053335406,-0.019593528
-0.0016456711,0.07716411880337137,0.061396382705189406,0.0773122265058611,-0.015774477,0.077132173,0.074872889,-0.00061845046,-0.019257424
-0.0059933378,0.07508213488906347,0.06168165669566702,0.07688217569137373,-0.01160709,0.076639339,0.074704915,-0.0011356635,-0.018131599
0.0093146982,0.10466069610938053,0.06222428730901346,0.08179708964584945,-0.058717635,0.088775076,0.078022763,-0.00024067717,-0.024559202
0.026629167,0.10355470614151309,0.06110464045235727,0.08068431269219119,-0.057878222,0.087929882,0.07683412,0.0003356816,-0.024624452
0.019612223,0.10363430898269183,0.06173790038962374,0.08125446720780584,-0.056679789,0.088525064,0.077470668,0.00041156964,-0.02450336
0.017360337,0.09883394285359917,0.0621609994105666,0.08108222733729945,-0.053491019,0.084663689,0.077560768,0.00038265507,-0.023632783
0.023480427,0.0937447361267623,0.059295087381781804,0.0783429803898965,-0.053714018,0.079040319,0.074587889,5.2505886e-05,-0.023963861
0.009698689,0.10056266632758776,0.06205787333525049,0.08128893925831816,-0.051993761,0.087177254,0.077639677,-5.7936802e-07,-0.024082612
0.025606068,0.10055743851566383,0.06103601323690601,0.08041943303370594,-0.050730418,0.087707832,0.076643735,-0.00015519196,-0.024351571
0.010865471,0.08731724058586623,0.0576140790039281,0.07651240435796476,-0.048797704,0.074144594,0.072705559,-0.00032466985,-0.023831582
0.01524664,0.092119639721507,0.060788898903583334,0.07898616145418408,-0.048064556,0.079672933,0.07566189,0.00034790204,-0.02267093
0.0082838582,0.10950946210855168,0.061969517027134866,0.082858030131961,-0.056763727,0.094871968,0.078534074,0.00023950022,-0.02641581
0.019451443,0.09876088360286363,0.06165326529958304,0.08084658529431683,-0.047454942,0.087146483,0.077186376,0.00014413879,-0.024050217
0.0118582,0.09782751585264758,0.06198663105698926,0.0810544127030997,-0.04659218,0.08649873,0.077463262,0.00068562309,-0.023849335
0.02772205,0.09527890933530095,0.06085686419945339,0.07933784490629457,-0.045904398,0.084021971,0.075907722,5.9994742e-05,-0.02307613
0.021425612,0.09468597377617118,0.060566739931855955,0.07895609005612238,-0.042340927,0.084890433,0.075543657,-0.00011925657,-0.022960963
0.027192419,0.09035141635963952,0.06077548183747317,0.07883298375142045,-0.041664794,0.080468543,0.075562373,0.00017122309,-0.022470821
0.013052959,0.09249587782238142,0.061437411084250486,0.07974243860530421,-0.040327426,0.08336588,0.076416448,0.00022980323,-0.022788817
0.018970368,0.08885461372313004,0.06093943455596564,0.0787860086520123,-0.040298562,0.079422407,0.075605579,0.00052539649,-0.022153003
0.0079711685,0.08932427577885711,0.061102295570076515,0.07915191875546687,-0.038920429,0.080517612,0.075904228,-0.00017709077,-0.022439765
0.0093285711,0.08360186349755956,0.06006692840376751,0.07797449447433422,-0.035894994,0.075585231,0.074718371,-0.00028375001,-0.022295881
0.017381445,0.08157445009404751,0.05990851244315845,0.07727204495360614,-0.034825683,0.073836625,0.074214958,0.00044575529,-0.021515349
0.022139933,0.08873986886803996,0.060903751123188216,0.07905293359627728,-0.033882454,0.082021229,0.075754352,0.00034467137,-0.022594815
0.015061446,0.087681888808781,0.060916178959523684,0.07903446068788675,-0.033492003,0.081037618,0.075748503,0.00037754601,-0.022549229
0.010026821,0.0841063060633671,0.061196719600570854,0.07864007542760865,-0.028292339,0.079360373,0.075628914,0.00038421556,-0.021549506
0.021153975,0.08489402313356723,0.060619625697249414,0.07811885358395704,-0.027933391,0.080368482,0.075052537,0.00037879962,-0.021668606
0.0078903772,0.09308937027852002,0.06278807378968866,0.08051805052818754,-0.026304452,0.089963026,0.077492058,-0.00011743069,-0.021866038
0.010764408,0.09538454949339005,0.06329545156294941,0.08060060488103436,-0.028233666,0.091637515,0.07776171,0.00012947519,-0.021202764
0.025218554,0.09505134619150986,0.06345971188988343,0.07991851348191818,-0.026381057,0.092061922,0.077395067,0.00047029534,-0.019918615
0.016044199,0.09528559169264969,0.06370090792117915,0.08067822037720615,-0.027181432,0.091976658,0.077980459,0.00058614736,-0.020680418
0.022257885,0.0973311804888553,0.06302269752926228,0.08071038858906854,-0.03182606,0.092227377,0.077712581,0.00057593023,-0.021785084
0.016173143,0.09813156981084875,0.06350734382840233,0.08102979517539198,-0.031654604,0.093169667,0.078122199,0.0002853366,-0.021509726
0.018576907,0.09971271407742484,0.06322698225574337,0.08094506951395879,-0.033944741,0.093915254,0.077948153,0.00044519393,-0.02181723
0.027908511,0.09987414742938333,0.06276864399773838,0.08043232050326268,-0.03422422,0.093971997,0.077428937,0.00055942114,-0.021767061
0.0098276362,0.10089789669259173,0.06348235654536472,0.08158631302449644,-0.036622074,0.094066329,0.078459777,-0.00013962292,-0.02236896
0.012718512,0.10229169222371445,0.06330755757557222,0.08151582858551387,-0.038401186,0.094825305,0.078339472,0.00016037187,-0.022532903
0.01560308,0.08179886100807159,0.06102991648625969,0.07814388987198537,-0.024032937,0.078661665,0.075247489,9.0646507e-05,-0.021077825
0.010760683,0.09360114866774932,0.0635543127476364,0.08034478255593608,-0.023843382,0.091563664,0.07770808,0.00010227926,-0.020413915
0.028292693,0.0808419593718704,0.060418088907644614,0.07708208632744257,-0.023914831,0.077672258,0.074317083,0.00058646628,-0.020451779
0.013915187,0.09120714399994598,0.06376547824061647,0.0802170931840861,-0.02176071,0.089846954,0.077712528,0.00041627488,-0.019883957
0.011482161,0.07914751948159843,0.060908805043491665,0.07764674007429187,-0.020428449,0.077311367,0.074883349,0.00014975027,-0.020529926
0.019311475,0.08954583225610079,0.06258005564053963,0.07908523779617405,-0.020227205,0.088693105,0.076498166,0.00047319321,-0.020056957
0.021085514,0.07846606360956822,0.06076900206858837,0.07698439339564134,-0.020287657,0.076630823,0.074402064,0.00084475317,-0.019753888
0.024556784,0.08974602088085168,0.06275992107132627,0.07887829868957286,-0.019241236,0.089329101,0.076436445,0.00095177809,-0.019451221
0.024268229,0.08950856157988742,0.06296532665923296,0.07903220139943447,-0.018670961,0.089313202,0.076619171,0.00096784224,-0.019356001
0.027006412,0.07638655174523434,0.06009780838751623,0.07616418397715305,-0.016162613,0.076122701,0.073594712,0.0013524448,-0.019569675
0.013037341,0.075716300102757,0.0607843965108098,0.07617069397941038,-0.015017304,0.075880721,0.073888309,0.00029757543,-0.018504158
0.0063644946,0.07565659527508528,0.0623553769766104,0.07729037800007033,-0.011290626,0.077397741,0.075242229,-0.00026145091,-0.017673176
0.021635754,0.07287269503139995,0.0602343666093642,0.07554616072156901,-0.010689064,0.07462877,0.073254071,0.0013610688,-0.018417681
0.034495253,0.10624970581752613,0.06031858616759478,0.08044088425024734,-0.059460782,0.090185866,0.076318346,-0.00011284174,-0.025421117
0.047649126,0.1041001740347677,0.05911815132156146,0.07834816492362476,-0.057098102,0.088853598,0.074506745,0.00055094843,-0.024225531
0.038031563,0.1019368326530802,0.060326820393120775,0.07959737073331508,-0.054357842,0.087666601,0.07582017,-0.0003522975,-0.024226414
0.03458146,0.09380270226920633,0.05844034452121097,0.07756865676463416,-0.054553114,0.078747116,0.073724069,0.00024201442,-0.024116376
0.05042227,0.10017597578160489,0.05883910383715221,0.07713159304023927,-0.051998783,0.086755037,0.073647626,0.00042266288,-0.022915741
0.031990241,0.09984597412423332,0.06028814803838665,0.07946237885958947,-0.051098146,0.086778834,0.075720802,0.00048933452,-0.024091292
0.044261895,0.0949610877039965,0.05894148249478233,0.07719163074100222,-0.051256862,0.081404716,0.0737314,0.00023782751,-0.022851082
0.050494358,0.08793129991739314,0.05466903230860623,0.07316986747848168,-0.050565224,0.074061416,0.069324978,0.00031106718,-0.023404704
0.031514324,0.0881951467554774,0.05770367417100057,0.07625054567937464,-0.049341556,0.074867465,0.072590619,0.00062362169,-0.023331499
0.040082261,0.0981641045496871,0.05971493915048537,0.07843705542608885,-0.048225991,0.086170875,0.074839495,-0.00011669575,-0.023482079
0.035321962,0.09554195169345886,0.05930949885996654,0.07764796661169064,-0.045688625,0.08439932,0.074175306,0.00054680445,-0.022954993
0.046350054,0.0964701519425302,0.05845248650439643,0.07687102631015968,-0.04535665,0.085548595,0.073311575,0.00057669129,-0.023113526
0.04586878,0.08510301591284662,0.05706472241251755,0.07433697098241421,-0.043733194,0.073888905,0.071141228,0.00064245355,-0.02155222
0.041837741,0.09028877641567477,0.058511045030107255,0.07627956529596144,-0.042235505,0.080158241,0.07297989,0.00067472667,-0.022182256
0.048442982,0.09225824878625674,0.05763033548055352,0.07549797357901081,-0.041943897,0.082421578,0.072104909,0.00043409807,-0.022374934
0.035249483,0.09162581976289741,0.05991423897152875,0.07768499347582372,-0.041167326,0.082064167,0.074472278,0.00035064085,-0.022106901
0.033851903,0.08504022059696972,0.05928477973789524,0.07668034616879142,-0.035783678,0.077195056,0.07357347,0.00049178913,-0.02160042
0.028776761,0.08906626256959324,0.06001469257326772,0.07800874924696519,-0.03513414,0.081844501,0.074715585,0.00039390856,-0.022423005
0.037808824,0.08922508509444739,0.059797667753228666,0.07759617193135923,-0.034995716,0.082075797,0.074365601,0.0003560966,-0.022153927
0.044481751,0.08821119024949259,0.058800689310901766,0.07624819666733657,-0.035188813,0.080892377,0.073092282,0.00040786545,-0.021705747
0.049494036,0.08719075604301803,0.05824870046233878,0.07513677883235359,-0.031778749,0.081231304,0.072156586,0.0012503376,-0.020914093
0.028567255,0.08487548047849172,0.060502220409694024,0.07762979762339711,-0.029128317,0.079841122,0.07469739,0.00032670837,-0.021132408
0.048826445,0.0819291237882288,0.05794604817018196,0.07430276624162795,-0.028855205,0.076756246,0.071511202,0.00053947564,-0.020168243
0.035772633,0.08373978627273496,0.05945135129649301,0.07628645029800403,-0.028279159,0.078967795,0.073398612,0.0010947273,-0.020762173
0.042109814,0.08338477500336235,0.05889675702167314,0.07578555894860753,-0.027727736,0.07881619,0.072847106,0.0008248582,-0.020882282
0.040544614,0.09556976333226719,0.061468899367194234,0.07850776748636784,-0.028931182,0.091542646,0.07565973,0.0010944029,-0.020925513
0.04129732,0.09531842293397548,0.061675455414205174,0.07860656803401497,-0.027922535,0.091697745,0.075807184,0.0013926089,-0.020744253
0.029481469,0.09482037789183312,0.06314675358525645,0.07958433837575667,-0.026182763,0.091895178,0.077050574,0.000740038,-0.019907996
0.043384127,0.09714667217031973,0.06055352539756668,0.07837865238288548,-0.032633685,0.091684118,0.07517875,0.0011854693,-0.022135116
0.049996998,0.0959824301370904,0.06069260808626309,0.07714994943518177,-0.027723527,0.09250357,0.074464701,0.0017985884,-0.020096967
0.049043551,0.09869528875767845,0.06083336829279768,0.0780105418633035,-0.033428073,0.093029276,0.075071029,0.0014220338,-0.021165138
0.03348235,0.0966922220785208,0.06267536676450115,0.07935558168620466,-0.028018583,0.093149416,0.076708116,0.00087927433,-0.020307638
0.030287106,0.0993019623266561,0.06232081709218569,0.08025252640638644,-0.034652259,0.093168706,0.077121072,0.00071081152,-0.022187902
0.031490453,0.09975946262772262,0.06256872758291637,0.08016809363076681,-0.034538109,0.09371417,0.077174559,0.0010064547,-0.021679431
0.042069491,0.10064873661484108,0.06123170785917895,0.07872172266202399,-0.036647372,0.093784913,0.075693198,0.00077240699,-0.021611404
0.039741118,0.10360829595921014,0.06173873247651858,0.07931443405137166,-0.039935209,0.095604457,0.076284304,0.00056529924,-0.021706332
0.037471686,0.09284750392550367,0.06197340143639605,0.07859732919245149,-0.024723953,0.090371154,0.075929672,0.0011579006,-0.020270282
0.043641739,0.079379093964383,0.05861244582010421,0.07480960404652275,-0.023475587,0.076269507,0.072112158,0.0010766067,-0.019878492
0.047024757,0.09198458054073223,0.06049318638673844,0.07674678898168324,-0.022894163,0.090210408,0.074127421,0.0016276911,-0.019812766
0.034669414,0.07944593339183284,0.05973958552285094,0.07623404771902997,-0.022399334,0.076798961,0.073493548,0.00058386306,-0.020248149
0.034902766,0.09014893662137277,0.062063475012637016,0.07850033150094259,-0.02076452,0.089120217,0.075905532,0.0011560816,-0.019982886
0.039473265,0.08992686334528505,0.06175759575878597,0.0779359191196939,-0.019636454,0.089357801,0.075413406,0.0015546069,-0.019606348
0.046442591,0.08783041422469198,0.060143052548135484,0.07674888963013296,-0.018770296,0.087447964,0.073980264,0.001641347,-0.020362185
0.039029233,0.07730112869288773,0.05919328769007576,0.07538873973489778,-0.018037608,0.076320373,0.07272099,0.0014279868,-0.019826259
0.029842855,0.08870655972434555,0.06282549318024214,0.07875334368973944,-0.017615499,0.088889956,0.076378435,0.0013513678,-0.019146739
0.049986508,0.08673620180011406,0.05958815513090232,0.07640733386143901,-0.017645923,0.086736523,0.073519237,0.0021607243,-0.020696225
0.047241174,0.07744562583568253,0.05875701319107636,0.07476814588211017,-0.01754993,0.076684356,0.072136387,0.0019507405,-0.01956558
0.028790204,0.08825756919040294,0.06320960632544723,0.07893028059304352,-0.016362606,0.088934012,0.076647773,0.0013175273,-0.018798197
0.032359239,0.07540489204328726,0.05946987970614423,0.07567622119578757,-0.01603538,0.075110272,0.073026061,0.00075842318,-0.019837078
0.049451724,0.07460754426919954,0.05856778898226112,0.07390582590802301,-0.011808724,0.076038174,0.071508974,0.0019044946,-0.01857177
0.06614548,0.10538250635066515,0.056297873450936245,0.07443607960482727,-0.057863608,0.089921735,0.070849188,0.00024275981,-0.022826817
0.069912843,0.10266916878272436,0.05560459131577603,0.07283429497709623,-0.057389487,0.087175325,0.069565006,-0.00017198343,-0.021575794
0.057221819,0.09895396478299659,0.05687779690826199,0.07511776466565966,-0.056336559,0.083586216,0.071528368,-7.285743e-05,-0.022942664
0.057463504,0.10342723778187145,0.05798320404384639,0.0765454121046276,-0.054643355,0.089164525,0.072899222,4.7903315e-05,-0.02334312
0.067163542,0.09634821421898215,0.05470292969434012,0.07250557872274262,-0.053521242,0.081950463,0.06894847,0.0001406346,-0.022430953
0.061649393,0.09854286071718069,0.05707470274723135,0.0747542190018533,-0.049963634,0.085844755,0.071400374,0.00035327463,-0.022137187
0.058238406,0.09118368646748307,0.05511495457433304,0.07306555396092301,-0.050328821,0.077695027,0.069475248,0.00046398002,-0.022617467
0.053887367,0.09697581014115392,0.05766982072035467,0.07550662598126677,-0.047401398,0.085229978,0.072128952,0.00011261583,-0.022330521
0.070620127,0.08792947639754262,0.052644479735102244,0.06982684207562032,-0.047248337,0.07546737,0.066383399,0.00020032526,-0.021656225
0.067871422,0.09551327593448072,0.0554883213070677,0.07291595905064843,-0.045147497,0.084597863,0.069560371,0.00035407519,-0.021862445
0.061230443,0.09329746868611294,0.0562629795205477,0.07357550142152584,-0.044062398,0.082651295,0.070312448,0.00084882724,-0.021651641
0.05400189,0.09137860109677898,0.05719097422916998,0.07456259333887819,-0.041423738,0.081686758,0.071336553,0.00050252577,-0.02168926
0.063216455,0.09103837983519662,0.05549114571608464,0.07262187532049658,-0.03945728,0.082151867,0.069382071,0.00077367411,-0.021435168
0.069217004,0.0900705682168967,0.05451830604227877,0.07126604760976532,-0.039287187,0.081172675,0.068112932,0.0010960952,-0.020935057
0.05415383,0.08474092674763369,0.05621602381051822,0.07337011636344733,-0.036218248,0.076685451,0.070167683,0.00062636635,-0.02143077
0.061610475,0.08478987812464855,0.054987273062855516,0.0719139871422355,-0.036088843,0.076793559,0.068722956,0.00072472694,-0.021171954
0.056529418,0.08925181775627887,0.05736845620771282,0.07456999312522472,-0.034251682,0.082420662,0.071418948,0.00089983339,-0.02142914
0.072551571,0.08803172254239089,0.05417002871162923,0.0707716851246509,-0.034480501,0.080998071,0.06764695,0.0016869748,-0.02072862
0.066339247,0.08502111017229638,0.055410704929024605,0.07149459841600171,-0.031494338,0.078995012,0.068651438,0.0012884671,-0.019919777
0.067126065,0.09409577262340763,0.05681714844844334,0.07412033874108792,-0.029397167,0.089743562,0.070878804,0.0022041264,-0.021567605
0.058024339,0.08308276596065858,0.056800555198288555,0.07302241136733308,-0.028612774,0.078112423,0.070208326,0.0013570521,-0.020030525
0.059863746,0.09254268069665045,0.05717160188044751,0.0744832850721491,-0.026745489,0.089181915,0.071269214,0.0016594885,-0.021580199
0.070771374,0.08013153631496267,0.053815069297188774,0.06967804989254019,-0.027053704,0.07556811,0.066816203,0.0018234974,-0.019679952
0.067944601,0.09787716245644254,0.0574814940584024,0.07379683145720885,-0.032936621,0.092349105,0.070983611,0.0016480804,-0.020114252
0.053897843,0.09596323342035798,0.05998973896063121,0.0762446766395088,-0.027523078,0.092567801,0.073594227,0.0018198568,-0.019845115
0.071856029,0.09849698436461095,0.05640351009334728,0.07270177723843739,-0.033727702,0.092686661,0.069824278,0.0021027394,-0.020141924
0.055578355,0.09936418669863681,0.05918741769180969,0.07716642634251347,-0.036386143,0.092500314,0.07382232,0.0012469661,-0.022435853
0.057471044,0.10066871139495615,0.05881426237060724,0.07650208977021401,-0.037785955,0.093323313,0.073245749,0.0014820637,-0.022032555
0.05316503,0.09995521519624902,0.06013181008836381,0.07750355395109729,-0.035651892,0.093454055,0.074451752,0.0011890308,-0.021501714
0.062752642,0.10020123680996657,0.058680505882264276,0.07516633851034284,-0.03289289,0.09489245,0.072359346,0.001598614,-0.020286644
0.061716251,0.10362869792021613,0.05852135401813381,0.07603704845982327,-0.041222364,0.095080256,0.072830513,0.00139153,-0.021803962
0.063791439,0.10186504854063848,0.058597506324871255,0.07520780125170716,-0.035304256,0.095676385,0.072349392,0.0015899801,-0.020475615
0.067475699,0.08374036132635322,0.05652611155755569,0.07209583496003129,-0.025160031,0.080292411,0.069494061,0.0023397687,-0.019050207
0.061341185,0.07962486514068691,0.05597935926314906,0.07192118367538052,-0.024985215,0.075895704,0.069164827,0.0013496581,-0.019673886
0.064010993,0.09297225800566103,0.05838878997114221,0.07416619981963819,-0.024879823,0.090440519,0.071583755,0.0027420118,-0.019206056
0.052291933,0.07963683535490262,0.05819576626568694,0.07413200287149294,-0.024399722,0.076157235,0.071500264,0.0016984276,-0.01950337
0.071611859,0.09574387179850474,0.057547765622206724,0.072601872238536,-0.024129836,0.093769841,0.070251569,0.0019437899,-0.01822006
0.059323743,0.09100733270110413,0.05812627314128877,0.0746394142882384,-0.023020132,0.089095294,0.071781889,0.0021204068,-0.020344691
0.052228082,0.0905433331984494,0.05937485898968613,0.07569065497966582,-0.021560833,0.089210659,0.07298059,0.0019955784,-0.019973142
0.063661978,0.07779770889613656,0.05618518987419469,0.07143384893953467,-0.020062124,0.076000482,0.068945453,0.0014938472,-0.01863029
0.058321774,0.08968724196172688,0.05905270308694241,0.07498563602836784,-0.019592663,0.089116074,0.072389811,0.002444156,-0.019405849
0.065218896,0.09262952593340473,0.05840002977769212,0.07331209201959982,-0.01928753,0.092441976,0.071044467,0.0025870462,-0.017906807
0.057135902,0.07875340228536967,0.05703972271926159,0.07286508347764843,-0.018397124,0.07774546,0.070207566,0.001792336,-0.019416632
0.069515772,0.07523179450175195,0.05511274441227396,0.07011512559502805,-0.018530479,0.073863119,0.0676504,0.0019450892,-0.018324051
0.056018122,0.08737007540882365,0.059892196496659035,0.07543481559811303,-0.016111512,0.088076457,0.073023811,0.0025172764,-0.01875094
0.057245176,0.074503073665143,0.05734109611398329,0.07243443523919746,-0.014131482,0.074938729,0.070054762,0.0021734759,-0.018285342
0.067857832,0.07410995521065834,0.055829626145027914,0.07045885233241758,-0.011016406,0.075833932,0.068142921,0.0030793559,-0.017649639
0.09165591,0.1057548552571515,0.050954941327324796,0.06763997831536632,-0.05848863,0.090060934,0.064282782,0.00075203791,-0.021031525
0.078114845,0.10118268529892342,0.05397254948044209,0.07103736027546519,-0.055581279,0.086328007,0.067728162,0.00039607554,-0.021425353
0.086703204,0.098320049325798,0.05104888682167,0.06760841486648457,-0.055013042,0.083459355,0.064310513,0.00025577963,-0.02085642
0.083275914,0.10120994905609905,0.05347362705466674,0.07017724943306775,-0.053048041,0.087432921,0.066979825,0.00031000251,-0.020939276
0.090631366,0.09053280218386253,0.04733091942153552,0.06357149083600148,-0.053616948,0.075592205,0.060149826,0.00046200745,-0.020569867
0.073232614,0.0990278039673132,0.054805907286890755,0.07199584550542446,-0.051125642,0.085878335,0.068689905,0.00058318418,-0.021558261
0.092403919,0.10017014178192121,0.05041252820067329,0.06640599058700997,-0.050107352,0.087551564,0.063291423,0.00075833092,-0.02008423
0.079373486,0.09467450824625678,0.05285482427511956,0.06930914249622298,-0.04904329,0.082032993,0.06616877,0.00076554168,-0.020612255
0.085946798,0.09708976034377034,0.05167413192976312,0.0679670119455225,-0.046356078,0.085797481,0.064816073,0.00054888916,-0.020447252
0.092793085,0.0943446642217211,0.04951772518612579,0.06501083066710747,-0.045624066,0.083126038,0.062040206,0.0001653482,-0.019426621
0.07373476,0.09575135600732392,0.054437636792551106,0.07150141911410446,-0.045048136,0.08489868,0.068222061,0.00055044482,-0.021398606
0.085578643,0.09121162636611496,0.050547375316489535,0.06660876076085205,-0.044231672,0.080313466,0.063475631,0.00078615639,-0.020173082
0.093157083,0.08580202339179413,0.04728101544478789,0.06277164783815677,-0.043775696,0.074630238,0.059652492,0.000773045,-0.019525941
0.078755632,0.09362622060566772,0.053217507915931314,0.06989467202511601,-0.040696606,0.084437132,0.0666859,0.0011614556,-0.020902319
0.077071495,0.08780800781195817,0.052750627970158934,0.06925964939045341,-0.040022597,0.078402556,0.066091128,0.00073274871,-0.020696012
0.089070007,0.09131366923870625,0.05087424798789508,0.06650465103400115,-0.038717348,0.082765013,0.06356322,0.00081376731,-0.019542862
0.082983963,0.0880253081531654,0.05213034644702251,0.06796772884023997,-0.036143944,0.080285013,0.065021023,0.0011500616,-0.019762492
0.092371821,0.08948132968022196,0.04999530976962771,0.06530274628490226,-0.035462905,0.082155861,0.062431954,0.00092119316,-0.019127237
0.076957121,0.08631075242389365,0.05376391649881745,0.06938769051155975,-0.031981371,0.080189295,0.066620283,0.0014119946,-0.019349309
0.085711196,0.0847298840803563,0.05153784463783946,0.06669965650133584,-0.031607512,0.078630596,0.063978232,0.0011635845,-0.018822223
0.079976231,0.0799597149321632,0.051330654728139385,0.06734640816422019,-0.030675707,0.073844001,0.06427864,0.0011761922,-0.020060202
0.092547655,0.08707123079986831,0.04999939523798219,0.06489577013274624,-0.029880296,0.081907302,0.06218579,0.00087949412,-0.018536855
0.086050153,0.08234593271525097,0.05117351671026204,0.0662170450402595,-0.025911277,0.078458674,0.063513033,0.0016261216,-0.018658709
0.091241308,0.09522823586574394,0.052262013226400415,0.06648828047741598,-0.027150629,0.091927424,0.06414026,0.0023824868,-0.017350569
0.081210189,0.09467227141278012,0.0551602859214772,0.07030515901200032,-0.02627556,0.091694891,0.067790054,0.0019778381,-0.018531382
0.081233948,0.09628649271706206,0.05472467529981259,0.06992746933529226,-0.028836301,0.092361547,0.067366414,0.0019650785,-0.018648209
0.08909592,0.09645722150035967,0.05311262541945087,0.06754653099405314,-0.027675973,0.09303955,0.065174885,0.0021494871,-0.017611017
0.085654654,0.0994301561050606,0.05336467250442551,0.06926276173621838,-0.035499074,0.092948519,0.066358104,0.0019322954,-0.019753441
0.089254193,0.09930986264071737,0.05319864384807693,0.06812919354874968,-0.033319272,0.093743108,0.06557218,0.0024501495,-0.018326838
0.080263212,0.10155911530100219,0.05505252479883123,0.07142547224617296,-0.038292971,0.094075397,0.068447977,0.0014349835,-0.020357145
0.074579366,0.0994860878954134,0.056736147041362685,0.07241101580246558,-0.032346833,0.094347328,0.069789402,0.0019571239,-0.019208442
0.081070334,0.10340944821362892,0.05418986681750039,0.07130074568600378,-0.042321682,0.094375439,0.067979902,0.0013790472,-0.021462234
0.075989425,0.09950666419514492,0.056497975503864616,0.07197784877138735,-0.030783139,0.09503343,0.069417693,0.0017843014,-0.018942304
0.089740686,0.10223793716569807,0.05330076343803361,0.068471379575523,-0.036987424,0.095367014,0.065831937,0.0023747475,-0.018677432
0.076338209,0.10463200840353956,0.05615223404240046,0.07269886960145508,-0.042207628,0.095751993,0.069725178,0.0010765434,-0.020551551
0.08136294,0.09439574374048841,0.05525496861979726,0.07038373628549739,-0.025687302,0.091644183,0.067878492,0.0020558676,-0.018497407
0.075793788,0.08080566133434675,0.05428145583085897,0.06889964093164233,-0.023513114,0.077803344,0.066534348,0.0016450039,-0.017822318
0.076357618,0.08626497006585374,0.05474614885958168,0.07057056570691217,-0.023318289,0.083816819,0.067786224,0.0013295093,-0.019582262
0.09260527,0.0919480105146332,0.05146831805818595,0.06600892972478369,-0.023307975,0.089995027,0.06349723,0.0024599079,-0.017866993
0.07585872,0.09157529269685129,0.0572827616083407,0.0719692738640272,-0.022074729,0.090113603,0.069741748,0.0015726616,-0.017697223
0.080786392,0.07900116835278474,0.05279155981345469,0.06755646219600761,-0.021135949,0.076852061,0.065040819,0.0023121494,-0.018116882
0.087167241,0.09143075868688648,0.05361362891823576,0.06787061263854553,-0.020425776,0.090656526,0.065584846,0.0024381771,-0.017294604
0.09038654,0.07628576145145086,0.049413591017727146,0.06369939567344363,-0.020294322,0.0742594,0.061178014,0.0017087025,-0.017661935
0.08544939,0.077910057731106,0.051027040414836806,0.06562842340001668,-0.019873004,0.07620281,0.063067108,0.0024979294,-0.017983053
0.073772855,0.08445205418363728,0.054382805396016844,0.07054367191227538,-0.017362911,0.084375247,0.067591265,0.0023901437,-0.020052874
0.090577111,0.08848403035924987,0.052171179664746714,0.0663890985696793,-0.017121453,0.088857919,0.064025775,0.0029088054,-0.01731333
0.083540633,0.088008946726462,0.054130828717592734,0.06846876603602717,-0.01665592,0.088539414,0.066184007,0.0023449906,-0.017382467
0.080213577,0.08851923663109665,0.055273972452256404,0.06953944788264106,-0.016219771,0.089278907,0.067344733,0.0022091868,-0.017191313
0.075039439,0.07664048435288046,0.054864087358001495,0.06882850845756933,-0.014898249,0.076935254,0.066718929,0.0022018766,-0.016766032
0.077728644,0.07357334571940286,0.054216905086839004,0.06799454195819368,-0.012812281,0.074488677,0.065920644,0.0020242773,-0.016541727
0.088251874,0.07417442770544078,0.051945133549792855,0.06564205084217924,-0.011248251,0.07580556,0.06344445,0.0032700228,-0.016522335
0.10864083,0.10511937448024236,0.04569833921030986,0.05998996605589095,-0.059052788,0.089131102,0.05724518,0.0010901793,-0.01790522
0.10173563,0.09798720767132463,0.046726240852429636,0.06220940634984233,-0.054750487,0.083209217,0.059058689,3.9007424e-05,-0.019546866
0.098218061,0.10159111685709607,0.04892706451792059,0.0646180525824332,-0.053245027,0.087763391,0.06152913,0.00046582715,-0.019734282
0.11017697,0.10068604176072854,0.04460116152347558,0.05905032134801275,-0.054317553,0.086324893,0.056175079,0.00058621285,-0.018192232
0.10434498,0.09732302640788373,0.046147550911291045,0.060993695506731185,-0.049971223,0.084516354,0.058061346,0.00048110943,-0.018678317
0.11256001,0.09805887828450814,0.04381114241312735,0.05803937652705914,-0.050128173,0.085249133,0.055200662,0.00061785447,-0.017918549
0.10198589,0.08908302865499024,0.044493731394106506,0.05938135590060955,-0.049317773,0.07584212,0.056320596,0.00056567031,-0.018809995
0.11175776,0.08979226788327198,0.04110467561822387,0.054724864212502805,-0.049977455,0.076332591,0.051953301,-6.2340764e-06,-0.017194919
0.098298609,0.09363997922191272,0.047050991574151275,0.0625077119041184,-0.046852469,0.08183907,0.059387494,0.00068265415,-0.019490346
0.10800258,0.09531327032854664,0.044927425643169656,0.05935009494616794,-0.045814674,0.084097385,0.056500372,0.0012954249,-0.018123565
0.11235235,0.09346650560828938,0.04326941318590196,0.056979719572681414,-0.04201185,0.083705336,0.054303326,0.0015187073,-0.017191008
0.099665225,0.1005814253056144,0.04870086255025752,0.06461839890335572,-0.039723132,0.092406206,0.061412647,0.0015720563,-0.020038785
0.099572614,0.10042689255787524,0.04889991700359174,0.0648307724588765,-0.039349366,0.092396982,0.061633334,0.0015455653,-0.02004925
0.099533051,0.10033858636151664,0.04896813493557661,0.06489430785478462,-0.039198805,0.092364959,0.061703429,0.0015377705,-0.020039793
0.10491837,0.09035723225346526,0.045598489202741864,0.0600591139013997,-0.039958712,0.08119905,0.057240047,0.0011400939,-0.018148674
0.098515764,0.08942959045133884,0.04769590551289404,0.06286663151993162,-0.039098248,0.080556542,0.059905097,0.00058239861,-0.019059211
0.11285541,0.08482680136980984,0.041109617220279365,0.05431910865179819,-0.039880943,0.07522402,0.051710043,0.00087849802,-0.016609192
0.1098343,0.08991411569187509,0.04518490904701747,0.05817031918297743,-0.035680924,0.082533479,0.055897851,0.0013303752,-0.016045136
0.10287632,0.0844532240763332,0.045556827419475046,0.05955357238895876,-0.033581138,0.077492289,0.056918118,0.00090274465,-0.017496882
0.11468223,0.09026509134241538,0.04301698921337148,0.055650573793081436,-0.034248825,0.083522655,0.053384125,0.0012347149,-0.015671536
0.10408182,0.08983570738947497,0.047879984662198706,0.06135902616404064,-0.031071391,0.08440493,0.059052113,0.0017112362,-0.016578592
0.097391129,0.08552642626596081,0.04881243406493477,0.06255955010765517,-0.030490628,0.079970017,0.060212884,0.0012610306,-0.016926775
0.11004,0.08476763349425914,0.04533291787892563,0.05724596062204284,-0.028814742,0.079857066,0.055386655,0.00051771424,-0.014462034
0.10129796,0.08052243897707048,0.04688128290375011,0.06038865874653093,-0.027113086,0.075967565,0.058021441,0.0010938846,-0.016706463
0.11465795,0.08488104768667863,0.04365904192935533,0.05502950518435434,-0.02694533,0.080773793,0.053269874,0.0011190323,-0.013759169
0.098997109,0.09740023782248065,0.050310084636364584,0.06369776017614676,-0.029767493,0.093176208,0.061560415,0.0017488939,-0.016268415
0.10166299,0.098621179779909,0.04973458411188079,0.06297738579302027,-0.030606836,0.094146311,0.060854841,0.0020743723,-0.016079068
0.11206759,0.09854823175609144,0.04659429253243129,0.058750416486368716,-0.029698521,0.09445262,0.056845319,0.0022375656,-0.014670189
0.10693414,0.10033293227318137,0.04870374612093138,0.06173182242357421,-0.034052659,0.094543226,0.059635688,0.0018258627,-0.015845152
0.11347146,0.09731472333101307,0.04616604253606754,0.05800192146554106,-0.025953362,0.094702311,0.056182448,0.0024464659,-0.014204585
0.10921419,0.09793391222792842,0.04753998307801603,0.059909638888607744,-0.026948854,0.094952412,0.05797467,0.0024042802,-0.014910463
0.11216158,0.10158869295727752,0.04614249667583926,0.05905035832347363,-0.036096942,0.095039688,0.056845397,0.0022500262,-0.015826656
0.11692827,0.10225465074186582,0.043448268155865104,0.056537430425463275,-0.037874367,0.095008686,0.054093327,0.0025890016,-0.016238537
0.1003216,0.09316837008234785,0.048696555738165705,0.06248576397375969,-0.023599053,0.091197222,0.060090516,0.0026084979,-0.016935062
0.10534006,0.07820900648434148,0.04598272483852301,0.0587656982770096,-0.023230009,0.075102612,0.056612447,0.0015373817,-0.015686765
0.095538393,0.08003522359712663,0.04916215140951353,0.06294073172207726,-0.022974314,0.077195078,0.060596999,0.0016398079,-0.01693666
0.10944849,0.08502286193597426,0.045847767504842096,0.058084792051834123,-0.022829711,0.082674831,0.056132678,0.00094815297,-0.014901897
0.11376062,0.08035788962517497,0.04336494079235333,0.054847630997847764,-0.022270488,0.077844366,0.053035565,0.0007833342,-0.013959866
0.10325499,0.09250773921021588,0.048920068774685556,0.06194188239181654,-0.020678606,0.091719195,0.059821438,0.0032843964,-0.015729116
0.10302217,0.09224208730305199,0.049226057995708714,0.0622661538306367,-0.020245912,0.091614269,0.06015924,0.0031835886,-0.015741808
0.11131567,0.09262432883321917,0.046881981626140976,0.05857529673258264,-0.020251095,0.092027321,0.056821045,0.0031417992,-0.013876719
0.10097963,0.09020977111931705,0.049707925336580645,0.06333936127128813,-0.019151155,0.089871138,0.061060078,0.0026377868,-0.016630804
0.1009873,0.079949619883922,0.04814757836779888,0.06106585145705094,-0.019349311,0.078640804,0.058967125,0.0023727294,-0.015693519
0.11551873,0.07771873024438998,0.04251939331793102,0.054021498113383866,-0.018552896,0.076555312,0.052149266,0.0013304533,-0.01403589
0.09533602,0.0761766455107883,0.04912400954910224,0.06250893253370991,-0.01529966,0.076260969,0.060299326,0.0021426487,-0.016333003
0.10702807,0.07588899035357709,0.04554798613846015,0.05757161535296253,-0.015654279,0.075797945,0.055671386,0.001594205,-0.014582393
0.10028535,0.07422598241015946,0.04728666439902955,0.060446321931767306,-0.012835384,0.075187869,0.058206059,0.0025449761,-0.016103901
0.11202432,0.07549521868616323,0.04461548568069237,0.05619085897698813,-0.012512783,0.076703653,0.054396667,0.0018354838,-0.013965896
0.12546699,0.1084925873825706,0.03925772352578728,0.0515268871366372,-0.060500678,0.092181034,0.049168896,0.0012012644,-0.015362185
0.11856487,0.10465966903060642,0.04126585707849777,0.054839378734229276,-0.057620786,0.089239545,0.052094195,0.00080743263,-0.017114332
0.12489559,0.10469346367333868,0.038393719042110745,0.050963092932001526,-0.056538668,0.08973559,0.048430245,0.0010273071,-0.015833283
0.13496815,0.106205750047045,0.0319537601910059,0.04192184384999991,-0.056841951,0.091249742,0.040011704,0.00083529641,-0.01248226
0.12545218,0.10237362411959504,0.03774621660356841,0.049900611773103516,-0.052399304,0.088972464,0.047491409,0.0010950178,-0.01527868
0.11822939,0.09926920703044229,0.04115372798474706,0.05441709223736121,-0.050645243,0.086344503,0.051790666,0.00071861281,-0.016686235
0.13446844,0.10200668833052236,0.031138587340833496,0.04149047051441033,-0.054552983,0.087659657,0.039352957,0.0018361352,-0.013016625
0.11989924,0.0890624740682954,0.036108240517834615,0.04826592555379388,-0.050959367,0.075122975,0.045748979,0.00072186033,-0.015365852
0.12585923,0.09725040930369885,0.03610227708996079,0.047905988313265764,-0.048969992,0.084862463,0.045534454,0.00055679522,-0.014875725
0.13594967,0.09242766022144414,0.02580257871297914,0.03422109206070573,-0.05431129,0.077355973,0.032534394,-0.00018274166,-0.010609569
0.13550931,0.09777955901771576,0.029498842610056992,0.03942355464817855,-0.050505582,0.084785491,0.037360568,0.0012914396,-0.012519457
0.13560198,0.09260742200777439,0.0274615561402162,0.03729767090622437,-0.048390873,0.080064327,0.035139583,-0.00021548833,-0.012501181
0.13536318,0.08822159072663843,0.02640632361211949,0.03527463240877895,-0.048891366,0.075087287,0.033432174,-0.001268691,-0.011179439
0.13642254,0.10619765770290802,0.03128111849184472,0.042199077531464145,-0.04916231,0.094500765,0.039861459,-9.6285294e-05,-0.0138498
0.13523515,0.09996092182728109,0.03242331242759369,0.041922116891190554,-0.046265114,0.088955209,0.040228553,0.00030060764,-0.011791397
0.12257521,0.08780116696360467,0.03526188402475845,0.04748590791867497,-0.045986179,0.075863734,0.044885393,0.00020453513,-0.015497455
0.11941309,0.09627475309932547,0.04152202923293996,0.05423100421649765,-0.045531705,0.085262015,0.051851582,0.0001172991,-0.015887149
0.1267994,0.09229809906602837,0.03645546679356841,0.04780411009232833,-0.043236416,0.081916228,0.045639686,0.00022733328,-0.014219716
0.12157974,0.09641686619083745,0.04074293887244409,0.05285835880765288,-0.04132526,0.087201931,0.050660193,0.00056138606,-0.015074342
0.13344625,0.09696756861743819,0.03420489137070086,0.04376557839792827,-0.041069262,0.087908857,0.042152006,-0.00051204674,-0.011763165
0.13658144,0.09042051311941862,0.02723255374534627,0.036502744873339585,-0.041660544,0.080545411,0.034562979,0.0005332735,-0.011728874
0.12237656,0.09415189775328733,0.04013906747118499,0.05152925183420359,-0.037732597,0.086266354,0.049563851,0.0012848092,-0.014037013
0.13691601,0.09615167697571993,0.029041113636660048,0.03846470727935731,-0.039889488,0.087523289,0.036583763,-0.00069379422,-0.011860887
0.12519532,0.08484118993395912,0.035688616220182046,0.04742115307764069,-0.037903938,0.07607884,0.045051787,-0.00037637338,-0.014797317
0.13393775,0.09502612862502605,0.03251175465182002,0.04236730097527607,-0.036835045,0.087597072,0.040537607,-0.00075466302,-0.012293132
0.12241548,0.09057770724147339,0.040740174400905944,0.05188712270689918,-0.033075567,0.084360287,0.05004419,0.0014387709,-0.013630205
0.12555565,0.08423295594282147,0.035994868103169854,0.047481764036629,-0.032412019,0.07774926,0.045232769,-6.3589709e-05,-0.014439892
0.13581866,0.08659455226306206,0.028882116870341777,0.037690688518071176,-0.035331864,0.079075404,0.036047883,0.00014253252,-0.011005354
0.12361819,0.09035933397903255,0.039763890919831034,0.05089946413881351,-0.028811745,0.08593294,0.048996978,0.0018462376,-0.013661735
0.12159576,0.08509482052418849,0.040337230227740065,0.05098491155464589,-0.026717428,0.081102766,0.0493063,0.0011590605,-0.012923102
0.13615701,0.08280777038637441,0.027835692533589085,0.03687043776682776,-0.03255729,0.076139331,0.035068888,-0.00040466947,-0.011377105
0.13441536,0.0884338014856644,0.03094900274772895,0.04073330753619506,-0.027948678,0.084207468,0.038836502,-6.1964209e-05,-0.012285138
0.13578507,0.09244890627378695,0.030534168398658454,0.04051108463079831,-0.027868986,0.088603146,0.03850821,-0.0004182109,-0.012573418
0.13444744,0.08813131694523157,0.03097937313499284,0.04076271927559578,-0.027654342,0.084003799,0.038868271,-5.5035362e-05,-0.012282254
0.13475293,0.0965374118941117,0.033489718837403454,0.04306563997909778,-0.029295232,0.092439331,0.04138406,0.0017714989,-0.011784342
0.13603432,0.10024185097926863,0.03164625428075195,0.042415378141007064,-0.036549278,0.093384527,0.040165264,-0.0001048849,-0.013631026
0.12484519,0.09569991325420306,0.04212631743947929,0.051031201986439755,-0.023691172,0.093908288,0.050021395,0.0012099425,-0.010028941
0.13601023,0.07763850235172358,0.026757583877236674,0.035709183647508164,-0.024122858,0.074103847,0.033867363,-0.00057333492,-0.011305698
0.1254676,0.0814404777764596,0.038252374743041356,0.04831972669171682,-0.022998333,0.078711495,0.046746597,0.00011401106,-0.0122286
0.13540281,0.08362614094433359,0.030570358645125018,0.03981421486157901,-0.023000877,0.081084833,0.038106307,0.00022036735,-0.011533972
0.13505,0.09457655300288141,0.033974166876486064,0.043837060775127494,-0.022037592,0.093389817,0.042097699,5.8367707e-05,-0.01222572
0.1192408,0.0914465133619449,0.04258059958415067,0.05475940843624088,-0.02035046,0.090705611,0.052626617,0.0019792905,-0.015003813
0.12815379,0.09405059978280073,0.040001359192761356,0.04896278123706288,-0.019756131,0.093786865,0.047823437,0.0020984018,-0.010289292
0.13577424,0.08095864807543501,0.030935122908201627,0.039904743731574384,-0.020319739,0.07932505,0.038325198,1.5506789e-06,-0.011116104
0.12118918,0.0799457922208935,0.040407293458265416,0.05137827434698495,-0.017063295,0.079607002,0.049589075,0.00090749888,-0.013409965
0.13714595,0.09014060519534414,0.03156982659769059,0.041153579224950644,-0.018146591,0.090222411,0.039371666,-0.00072005612,-0.011957028
0.12594767,0.07910766538232132,0.037119920404237707,0.04738857264472116,-0.016383797,0.078984924,0.04567571,0.00073784019,-0.012604044
0.13487473,0.0813166263115462,0.03224617097605702,0.04143621298631551,-0.017009666,0.081118986,0.03984189,-0.0010619473,-0.011333835
0.13548093,0.0732377052240427,0.029303893924712002,0.03791920639769628,-0.013350731,0.073895492,0.03637673,0.00031082111,-0.010700613
0.13560897,0.0956744040705227,0.033778547034345116,0.04303772292576825,-0.021517012,0.094803452,0.041512974,-0.00034971628,-0.011348845
0.11968636,0.0979153211667342,0.04343892708414316,0.05418451111522461,-0.025046172,0.095739856,0.052627057,0.0015185432,-0.012808128
-0.13333651,0.12318718162313186,0.03739920789349227,0.04822286832641049,-0.06355419,0.10684852,0.046300564,-0.0017826302,-0.013361326
-0.13676848,0.12242300701429397,0.03657970297439063,0.045259035432182404,-0.062460747,0.10648249,0.044082288,0.00065025891,-0.010232758
-0.13381645,0.11851329196214865,0.03561980027110495,0.04701725351726559,-0.061096262,0.10281432,0.044777457,-0.00057796645,-0.014327157
-0.1330727,0.12051164027390945,0.03695725586181642,0.048029499247319446,-0.059949566,0.10547199,0.045972757,-0.002257403,-0.013720151
-0.12777476,0.11762904477671843,0.039586720833911744,0.05088761295698013,-0.056023002,0.10400718,0.048874997,-0.0030944827,-0.013827798
-0.13364902,0.11150549987709535,0.03440748442958142,0.04573752893002322,-0.055148162,0.097726151,0.043436121,-0.0012634241,-0.014269853
-0.13200265,0.11410654040706235,0.03909350565346034,0.04774962422487952,-0.048046559,0.10356627,0.046664752,-0.0021799915,-0.009883075
-0.13606271,0.1142984456952438,0.03318931252949673,0.04187998639248907,-0.049589921,0.10311963,0.040529497,-0.00045012025,-0.010539949
-0.13513364,0.11365791471026596,0.035776654129395354,0.04462234032029473,-0.047232237,0.10342456,0.043347251,-0.00085570046,-0.010556366
-0.13566612,0.11268015022709094,0.035789947894677425,0.044573571209700555,-0.045906164,0.10292524,0.043325823,0.00012813279,-0.010471862
-0.13476129,0.10771649121699739,0.03524990265005726,0.045028469983908276,-0.040944759,0.099638909,0.043395143,-9.451701e-05,-0.01201731
-0.1346328,0.10729892108245617,0.03516716534622369,0.04496025292161414,-0.040265471,0.099473618,0.043316189,-0.0003113125,-0.012043056
-0.13464709,0.10666115513083838,0.035008239348513326,0.04475134351892306,-0.039961025,0.098910004,0.0431168,-0.00031991734,-0.011980065
-0.12796508,0.1031247705864303,0.039703270443513114,0.0502052502514563,-0.034152579,0.097533755,0.048478723,-0.0034238338,-0.012595949
-0.13186939,0.10018117765502096,0.037673877502259256,0.047114492229099046,-0.028881049,0.096573584,0.04566443,-0.0031616054,-0.011159725
-0.11241509,0.12101279263764711,0.046928839112392026,0.061527434186243374,-0.065182932,0.10379499,0.058739685,-0.0011099934,-0.018276829
-0.10861094,0.11405530356258878,0.046703829878844506,0.06269481348759749,-0.061275076,0.097895436,0.0593298,-0.00091578386,-0.02024292
-0.11041515,0.11865619056964516,0.047905950002463525,0.062128066197172656,-0.060136769,0.10337684,0.059547659,-0.0011856015,-0.017679572
-0.11878759,0.1188325609962024,0.043673226215596835,0.056277906174240076,-0.058737986,0.10416219,0.054070082,-0.00013444123,-0.015608039
-0.10748656,0.11495480595929403,0.048401792390401974,0.06339155031902467,-0.056817897,0.10076458,0.060533036,-0.0018313292,-0.018731963
-0.12166119,0.11839204176423959,0.0417882050723758,0.05431847031147531,-0.058341961,0.10385173,0.052015476,-0.0013322722,-0.015592034
-0.12158019,0.118384648520498,0.042541208868696626,0.0549853305621168,-0.05706108,0.1043874,0.052761991,-0.0012934762,-0.015423547
-0.11196641,0.11700130027753496,0.04731937966831169,0.06095745471846189,-0.054281328,0.10406452,0.058570329,-0.00067046192,-0.016878339
-0.12419507,0.11761798590957195,0.04192515709446463,0.05361845359227064,-0.054126885,0.10480002,0.051628675,-0.0020152882,-0.014330286
-0.11397689,0.11278173246739734,0.046691055183584775,0.05980717382472075,-0.050800506,0.10095807,0.05757558,-0.001164649,-0.016142931
-0.12369347,0.11393483041808919,0.043002181100209896,0.05463498818866427,-0.050389174,0.10238535,0.052747857,-0.00084127643,-0.014210481
-0.11018464,0.10893092005614521,0.04751538768134874,0.06087567159203417,-0.046149038,0.098749131,0.058584105,-0.0021189295,-0.016409149
-0.12361617,0.11032692005320287,0.042636922597530096,0.05384752221136506,-0.045503676,0.10053963,0.052090082,-0.0011562081,-0.013595668
-0.11889238,0.1087130446759136,0.04330045031935059,0.05558493453376043,-0.045412306,0.098825164,0.053469993,-0.0010825126,-0.015148365
-0.10774372,0.1068239522733883,0.048868815691638375,0.06236845960867002,-0.042393573,0.098054305,0.060112499,-0.0015945527,-0.016545985
-0.11452011,0.10602915190005517,0.04556454883393389,0.057976402036584926,-0.040750593,0.097888269,0.055936746,-0.0015368066,-0.015165153
-0.12665766,0.10624362868241355,0.039671540103742874,0.050492052638912314,-0.040078346,0.09840662,0.048686091,-0.0024034686,-0.013165685
-0.11947045,0.10419863433014824,0.04363072140078517,0.055524435697897966,-0.03721894,0.097398765,0.05356301,-0.0017526009,-0.014522235
-0.12162311,0.10339676863868305,0.04282552600490775,0.05453157151864013,-0.034527197,0.097670227,0.052589774,-0.0019490668,-0.014290175
-0.091764651,0.12003612476974379,0.05308037651205317,0.06943329258395682,-0.062756255,0.10376404,0.066344202,-0.0011386027,-0.02044829
-0.099506535,0.11993981611943118,0.05171422180516956,0.06744953360340089,-0.062687568,0.10368857,0.06451077,-0.0016259683,-0.019625401
-0.086304307,0.11776947587859779,0.05477153032313903,0.07131982287449404,-0.060615804,0.10221021,0.068260707,-0.0010885971,-0.020635115
-0.091312252,0.11505675573045941,0.05305742911143245,0.06959011316965938,-0.057755489,0.10047735,0.066428691,-0.0011277491,-0.020706063
-0.095232435,0.11497376413705857,0.05217110085121804,0.06835704438132954,-0.057198215,0.10062374,0.065272748,-0.0014290331,-0.020251216
-0.10099185,0.11797140104494445,0.05142462554927737,0.0667428977415183,-0.057169106,0.10389261,0.063942641,-0.0019705393,-0.019028138
-0.10069215,0.1174703217838838,0.0514415110393331,0.06679518616916842,-0.056321841,0.1037079,0.063982405,-0.0019636012,-0.019078601
-0.10314433,0.11192842921229984,0.048803085130162197,0.06458737031051809,-0.053507932,0.098881841,0.061440922,-0.0016631242,-0.019843778
-0.085832313,0.11171462556309919,0.054296172548372754,0.07067999602691698,-0.051609907,0.099455237,0.067647994,-0.0017071986,-0.020408239
-0.087702967,0.11154636924472361,0.0542496283764575,0.07027460019032898,-0.050525282,0.099732846,0.067374401,-0.001970581,-0.019882815
-0.10098296,0.10841573178324067,0.049514421281943055,0.06503382596066047,-0.048006248,0.097401112,0.062043846,-0.0013798875,-0.019443652
-0.090790257,0.10979319037537696,0.05378727701333069,0.06914963583319489,-0.047410388,0.099150456,0.066469818,-0.0022134476,-0.018935049
-0.0976834,0.10839073418910186,0.051093026404784914,0.06643346225085311,-0.045944676,0.098249041,0.063613161,-0.0013920937,-0.019100595
-0.087606259,0.10740681618007751,0.05449715747430529,0.07012874908970268,-0.044505779,0.097790927,0.067394756,-0.0018983776,-0.019297266
-0.092738807,0.10859728526391575,0.052977386759335006,0.06816909655858207,-0.043887913,0.099346474,0.065504387,-0.0022936943,-0.018733392
-0.10252918,0.10241061732831319,0.04986903651795048,0.06361313738268254,-0.036147315,0.095911212,0.061309464,-0.0023107659,-0.016805988
-0.064026453,0.1176361657080927,0.05909275020387355,0.07712352490097454,-0.061132789,0.10184594,0.073755801,-0.0009514399,-0.022521427
-0.075956933,0.11641133923763991,0.05669162465548402,0.07433717249409669,-0.060527328,0.10077234,0.07096608,-0.0012904215,-0.022094468
-0.067517854,0.1151528057755865,0.05774505221076369,0.07592539279783507,-0.059402887,0.099882416,0.072412163,-0.0010332008,-0.022805184
-0.080936559,0.11597018699322326,0.055976338035145096,0.07280819327952637,-0.058652163,0.10108905,0.069711983,-0.0012267105,-0.020970637
-0.071099229,0.11440563806837604,0.05727733840329429,0.07524922420729628,-0.058134269,0.099609219,0.071783267,-0.0015588449,-0.02252062
-0.068614379,0.11329105288332719,0.058458188818148474,0.07601843840938206,-0.053538844,0.10034902,0.072789215,-0.0015196528,-0.021868329
-0.064259209,0.11201477905989457,0.05888891341302742,0.07668395620481946,-0.052132741,0.099559382,0.073390342,-0.0014964977,-0.02218214
-0.081531622,0.11101280296484659,0.05514927757185101,0.07199582671393012,-0.051146522,0.0988895,0.068839327,-0.0014908504,-0.021031488
-0.073145144,0.11063573553759656,0.05715862968142003,0.07413434133904048,-0.049833339,0.099037282,0.071050711,-0.001595151,-0.021098638
-0.079068512,0.11053518284368716,0.055780022666686344,0.07271239497660073,-0.050140779,0.098797545,0.069562413,-0.0014418688,-0.021120703
-0.078484274,0.11009705686013907,0.0559563709508441,0.0728917493828689,-0.049293283,0.098681323,0.06975089,-0.0014982981,-0.021113398
-0.060979795,0.10846541691089111,0.05967644528247195,0.0770883894279004,-0.047352374,0.097732641,0.073991507,-0.0014341354,-0.021582862
-0.071285874,0.10704750289025235,0.057388496676841864,0.07467117176112152,-0.046174616,0.096692204,0.071483634,-0.0015240357,-0.021530241
-0.074770682,0.10741937740506101,0.056767798735018665,0.07381047779336375,-0.046135414,0.097112834,0.070673972,-0.0018041231,-0.021211352
-0.065804772,0.10731817212471861,0.05858376429363231,0.07569238204318653,-0.045418963,0.097307004,0.072643556,-0.0016277825,-0.021203792
-0.053782061,0.1212796783741793,0.060985892091362,0.07966856097755079,-0.065209657,0.10407358,0.076165564,-0.00071253028,-0.023353346
-0.043851886,0.11873344148149234,0.06201737552060226,0.08107907387432972,-0.062698387,0.10237342,0.077492028,-0.00072910654,-0.023838419
-0.056695588,0.11776841193950098,0.06010173453598692,0.07892054037488352,-0.06275481,0.1013011,0.075304031,-0.0011959142,-0.02358653
-0.049368914,0.1193465073600762,0.06164582591312938,0.08022406167297694,-0.061964493,0.10335095,0.076802701,-0.00078140356,-0.023165375
-0.045259457,0.1180933668248185,0.06215157281762969,0.0810362412514476,-0.061515745,0.10218007,0.077526137,-0.00088012696,-0.023575323
-0.052655809,0.11354439041298,0.0603452121270723,0.07873472385076159,-0.056016397,0.099572577,0.075306207,-0.00076084054,-0.022968523
-0.052225851,0.11282292854790207,0.060681220603422945,0.07911674866352082,-0.054546405,0.099412784,0.075691395,-0.00073172356,-0.023016021
-0.059538811,0.11267703737255913,0.059066860676977306,0.07766151436693117,-0.054719187,0.099180952,0.074063636,-0.0015483313,-0.0233129
-0.039903112,0.1119109068439463,0.06220717078067898,0.08061727529342719,-0.052610021,0.099243946,0.077293791,-0.0010303429,-0.022885658
-0.056629777,0.11192282681859358,0.05993362459172347,0.07836091536806353,-0.052950591,0.099112332,0.0748863,-0.0014041406,-0.023032662
-0.044284198,0.11171708626512226,0.06150532985559794,0.07979507667313418,-0.052246619,0.099187642,0.07647337,-0.0012477,-0.022749092
-0.044995841,0.10927618584183947,0.061263951475009445,0.07959654805018405,-0.048299439,0.098211423,0.076243691,-0.0012225333,-0.022825763
-0.056325234,0.10944333204836393,0.06030388558006006,0.07821823919626004,-0.048452593,0.098327994,0.074967861,-0.0012803335,-0.022277197
-0.049378045,0.10728665980219389,0.06067475553324386,0.0787528773399828,-0.046260361,0.096915618,0.075459987,-0.0014569532,-0.022487404
-0.051157691,0.10440437319188407,0.0607488601173116,0.07826382653775335,-0.040850483,0.096080773,0.075191379,-0.0014536643,-0.021664947
-0.016912561,0.12235575087898125,0.06382076205805899,0.0837150278612392,-0.065867841,0.1049632,0.079915352,-0.00037138944,-0.024931997
-0.025420908,0.11862800608968273,0.06364099906021259,0.08314956888273076,-0.062250938,0.10244881,0.079490647,-0.00037609925,-0.024391523
-0.030075254,0.1181090422450021,0.0631398347161733,0.08255615344435711,-0.061401013,0.1022458,0.078902245,-0.00022105315,-0.024287967
-0.034970846,0.11644947161965764,0.06255462562568148,0.0820232546820072,-0.060403164,0.10086647,0.078310996,-0.00043991167,-0.0243928
-0.036135055,0.11604754506146339,0.06226920890144064,0.0819362323753598,-0.060413089,0.10042562,0.078124575,-0.00089036877,-0.024684088
-0.017347295,0.11680731055196908,0.06395683287893283,0.08337505887102621,-0.059118923,0.10180034,0.079771519,-0.00029995613,-0.024244901
-0.02609865,0.11543821937742707,0.06387166311869508,0.08298016252307366,-0.057355788,0.10106142,0.079491399,-0.0004941565,-0.023802955
-0.017901797,0.11381952731656383,0.06384467916750747,0.08324593881570994,-0.055695023,0.10000789,0.079642124,-0.00025688755,-0.024227101
-0.03749511,0.1126646462445675,0.06265759691639934,0.0811685921381576,-0.053276274,0.099779971,0.077836223,-0.0006059726,-0.02301077
-0.029910047,0.11244515873367747,0.06328524918689185,0.08181873394447989,-0.052014735,0.10007702,0.078514792,-0.00077039102,-0.023003025
-0.02105047,0.1122814703431894,0.06370775160654656,0.08247641546314016,-0.051381636,0.10016793,0.079108708,-0.00055449904,-0.023320891
-0.028320527,0.11127697746322253,0.0634415914476049,0.08185164109015772,-0.049635798,0.099817753,0.078603923,-0.00082890358,-0.022812877
-0.02282008,0.10969135701544568,0.06360610407020992,0.08218775417064161,-0.048336592,0.098646678,0.078885548,-0.00059170736,-0.023055306
-0.023477014,0.10904323270814881,0.06369540410486611,0.08225665261543397,-0.047674999,0.098223411,0.078966916,-0.00073074654,-0.023018451
-0.037382469,0.10739245001952552,0.06177202321993752,0.08045529775150861,-0.047139481,0.09665738,0.077001408,-0.00067651045,-0.023310522
-0.031074861,0.1064049355937787,0.06286409662558015,0.08091211292289102,-0.044130333,0.096861891,0.077767126,-0.0009404298,-0.022319492
-0.031563159,0.10485397704515657,0.0629196780419884,0.08099870623485124,-0.041524082,0.096283279,0.077844843,-0.0009931681,-0.022360332
-0.013319998,0.11878184304952925,0.06386425771083377,0.08419971983810963,-0.064049684,0.10185241,0.080227427,0.00022298899,-0.025555881
0.0046724486,0.11703506563919176,0.06499763439090273,0.0843658681156842,-0.059446137,0.10190887,0.080845788,0.00041244074,-0.024111992
-0.0047858148,0.11687844806874169,0.06491061711126225,0.08398084769867364,-0.059052985,0.10190561,0.080570877,-0.00020102595,-0.023687046
0.0024623713,0.1152753945413856,0.06503063174762821,0.08433842730873045,-0.0577586,0.10071355,0.080844291,-0.00013280398,-0.024024015
-0.011011978,0.11576277179994143,0.06460065176715063,0.08377517550993839,-0.057594862,0.10131252,0.080306001,0.00031876465,-0.023856333
-0.0057931435,0.11458680767938768,0.0650077513059783,0.0835731823168863,-0.05380043,0.10164564,0.080361158,-0.00034113959,-0.022944383
-0.012339215,0.11289083872531541,0.06466108635938872,0.08327395792553446,-0.051530935,0.10076655,0.080023967,5.2114727e-05,-0.023037232
-0.0032414258,0.11245759362393434,0.06472559913284756,0.08320227735813554,-0.051272191,0.10040572,0.080007263,-0.00034834986,-0.022832772
0.001213786,0.1097262748281519,0.0635037241423618,0.08245682772631333,-0.049740285,0.098088779,0.079006597,-8.9530506e-05,-0.023602501
-0.0098941652,0.11055496175672386,0.06460759443307923,0.08276904809841788,-0.047648504,0.09987694,0.079686217,-0.00016535637,-0.022378445
-0.013497696,0.10720984228101217,0.06392023949784555,0.08232721797199986,-0.045702673,0.097068891,0.079111502,-0.00021510894,-0.022783652
-0.0072524296,0.10747352930706665,0.06436854579625492,0.08241642962268943,-0.044278815,0.097959742,0.079361871,-0.00040044906,-0.022226132
0.00024302154,0.10492414266202248,0.06371465977822031,0.08225029923880814,-0.042023867,0.096147358,0.078973509,8.6643868e-06,-0.022984702
0.0037525962,0.10481700573280886,0.06362747230710256,0.08226265069902203,-0.041842435,0.096107982,0.07894247,0.00012228405,-0.023134718
-0.0033095337,0.10537721910460074,0.06409011206450432,0.0822983011218285,-0.041635774,0.096804298,0.079167232,-0.00044821031,-0.022480188
-0.0014032876,0.10472666721054903,0.0639793572339101,0.08233724077141974,-0.041392528,0.096200816,0.079143651,-0.00021534343,-0.02270809
0.0076138475,0.12013101117624606,0.06435882502579233,0.08453530996300192,-0.064463072,0.10314262,0.080658652,-7.1278766e-05,-0.025306035
0.02105868,0.11902558502838037,0.06415194485860144,0.08370226798880717,-0.062874518,0.10261603,0.080059394,0.00020970071,-0.024423741
0.026259212,0.11691776983793346,0.06299841825909375,0.08308636777015793,-0.062090851,0.10065883,0.079156809,3.5958634e-05,-0.02524961
0.015269675,0.11613459892233108,0.06423464901386511,0.08298048711963704,-0.056610677,0.10213422,0.079654187,-0.0002488337,-0.023257468
0.018559989,0.11492976757441524,0.063798127523425,0.08258708785869388,-0.055635281,0.10123937,0.079218075,-0.00017283483,-0.023347244
0.01324439,0.11497959389097115,0.0641671113177891,0.08283903223011128,-0.055145003,0.10150161,0.079536766,-0.00033868593,-0.023153691
0.023702901,0.1125248932451262,0.06265212619409653,0.08196646570964344,-0.054251116,0.099214353,0.078322053,4.155991e-05,-0.024169315
0.027171915,0.11138316852280658,0.062446392862675545,0.08185712694179811,-0.05322757,0.098408498,0.078160755,0.00047413565,-0.024315855
0.009121079,0.11168517960695887,0.06365597755279341,0.08232995453305524,-0.051195852,0.099599004,0.078996629,-8.851404e-05,-0.023189355
0.011479991,0.11202989249886305,0.06387089240260285,0.08231976169127292,-0.050294306,0.10035617,0.07908535,6.4205269e-05,-0.022848336
0.020980557,0.11122274682684394,0.06363053654432808,0.08220979459230254,-0.050238948,0.099502817,0.078911118,-0.00021043362,-0.023053015
0.022208326,0.10940059881896454,0.06385399968588411,0.08241353916342353,-0.048451331,0.098282106,0.079135858,0.00014693724,-0.023010559
0.0070280912,0.10694487780661247,0.06297804829644497,0.08218440913761149,-0.046669442,0.096370675,0.078602821,0.00018823596,-0.023996629
0.014303669,0.10731697116635186,0.06372192985079533,0.0817995521334,-0.04458192,0.097661003,0.07869678,0.00024834747,-0.022314163
0.025916064,0.10614133280556598,0.06322487276413483,0.08108096081250075,-0.043742325,0.096740223,0.078032874,0.00012104501,-0.022022219
0.019263249,0.10470316106627073,0.06353425384067884,0.08140424003906191,-0.040902402,0.096383326,0.078367129,0.00067573157,-0.022017874
0.015692234,0.10452797474067953,0.06351200004359711,0.0815212419732242,-0.040630274,0.096308522,0.07843136,0.0004827535,-0.022226147
0.039845299,0.12176881595331074,0.06270842005372676,0.08182136095485848,-0.06572441,0.10438646,0.078259401,0.00024377939,-0.023877643
0.0475774,0.11970880677504307,0.0614154829293056,0.08046131528431986,-0.063194007,0.10322264,0.076843783,0.00039220342,-0.023851676
0.043452218,0.1183333854388051,0.06190628672390699,0.08088450066117846,-0.062374469,0.10207631,0.077325262,1.9504818e-05,-0.023729853
0.044320244,0.11784330818453519,0.06187536793422407,0.08087568974175269,-0.061847817,0.10176746,0.077305637,0.00021769627,-0.02376275
0.035221621,0.11770129770139871,0.06282284169298431,0.08158291221561591,-0.060534395,0.1021707,0.078164659,0.00054135092,-0.023361605
0.033695292,0.11589621143170993,0.0628435453436084,0.0818810691105789,-0.059059009,0.10083599,0.078357205,0.00012009894,-0.023762228
0.044606395,0.11384761943069441,0.061377562570767215,0.07989251624163739,-0.055772644,0.10000546,0.076480605,0.00048832846,-0.023093132
0.034664534,0.11299235228349472,0.06251529918931399,0.08144493485209456,-0.054783687,0.099496119,0.077942789,0.00010415949,-0.023626007
0.038842596,0.10995097696335163,0.06086581310222125,0.080515148488769,-0.052271977,0.097258247,0.076621428,0.00021172423,-0.024734613
0.045242105,0.11032484114372987,0.061277198552664405,0.07973015638322674,-0.049673397,0.09876743,0.076334946,0.00074768392,-0.023006843
0.032833405,0.10888900858008463,0.06268706495088004,0.0810728151604018,-0.048244908,0.097813956,0.077791639,0.00019696214,-0.022830319
0.043635048,0.10971958365517175,0.061584376098136176,0.08000015527668233,-0.048426174,0.098639317,0.076639041,0.00061022176,-0.022937085
0.037180889,0.10819102464314106,0.06229989509229396,0.08079927964040785,-0.047534239,0.097357355,0.07745067,0.0003035019,-0.023017932
0.047198258,0.10529310757866822,0.06108568367974874,0.0787765991374559,-0.042847786,0.096198454,0.075661875,0.00096269057,-0.021911332
0.046774894,0.10532384216845113,0.061139897151853036,0.07884896083196785,-0.042816196,0.096245252,0.075731777,0.0007830151,-0.021937262
0.028685797,0.10441279749372509,0.06277895734455619,0.08062477420118576,-0.041066069,0.095998414,0.077553809,0.00047590581,-0.022034846
0.036032341,0.10386660687170672,0.062254690087324545,0.07989361241505562,-0.039613578,0.0960216,0.076869071,0.00069775572,-0.021763464
0.032125078,0.1039167329672272,0.06269081473993329,0.08037875319200596,-0.039188243,0.096256599,0.07736019,0.00084724155,-0.021804292
0.058193728,0.11935108875371755,0.05945558415169463,0.07813943302132983,-0.064197198,0.1024082,0.074539743,0.00042343288,-0.023439676
0.066166222,0.11969078964091766,0.05851500652096987,0.07683296835247351,-0.064216793,0.10276892,0.07331679,0.00072469068,-0.022965804
0.0595535,0.11930547342665435,0.05927809341809283,0.0779266271412192,-0.064009614,0.10243827,0.074328698,0.00062970008,-0.023396738
0.053031452,0.11995565728547516,0.06061125073191645,0.07942706728376354,-0.063598268,0.10331921,0.075849533,0.00027105375,-0.023567645
0.062627599,0.11930369658878222,0.05911958701964785,0.07753640148534727,-0.063073963,0.1028335,0.074019752,0.00073071884,-0.023074573
0.056130104,0.11695304068894263,0.060016537859130296,0.07858844441771994,-0.06013624,0.10152683,0.075069211,0.00036167589,-0.023251373
0.070289679,0.11761030159907042,0.05849671911368264,0.0754270857494618,-0.059260622,0.10261253,0.072448663,0.00089635776,-0.020967428
0.070898354,0.11622658106454319,0.05836921151194571,0.07519320489822923,-0.056670647,0.10220869,0.072248086,0.00084175717,-0.020821229
0.057845742,0.11331638126930911,0.059791242728366015,0.0777673986114574,-0.054642115,0.099908225,0.074465416,0.00081411318,-0.02240552
0.051852629,0.1118770998231765,0.059917776061006775,0.07859612853339751,-0.053981651,0.098624997,0.075027667,0.00058945513,-0.023406263
0.059765752,0.11235940859679105,0.059677527566102194,0.07735721791200846,-0.05268912,0.099697605,0.074161403,0.0010440468,-0.021980342
0.064271636,0.11268799871394336,0.05879970445182269,0.07605442423048457,-0.052927401,0.099953428,0.072965905,0.001356777,-0.021410542
0.05089793,0.11045703751836546,0.06056642716355621,0.07897377214795305,-0.050802995,0.098431557,0.075551659,0.00083357294,-0.022980615
0.071152449,0.10721237707855807,0.05650878906712314,0.07414844394638907,-0.047262501,0.096409537,0.070767686,0.0013178613,-0.022095013
0.062654734,0.10736505766045282,0.05814957104703603,0.07574699240016311,-0.046324097,0.096973732,0.072489917,0.00093879335,-0.021953074
0.06655746,0.10685855504965046,0.05737210613698634,0.07499775860364288,-0.046244539,0.096457258,0.071674004,0.0016096294,-0.022020673
0.05304167,0.10798257087212267,0.060361413836688124,0.07804685624639239,-0.045172337,0.098133467,0.074889779,0.0010978146,-0.021946015
0.064260349,0.1059277249930031,0.05796387848002905,0.07562781413407489,-0.044832684,0.096045338,0.072329067,0.0013773973,-0.022049379
0.055812653,0.10662251828203823,0.059701808142688884,0.0772136566343075,-0.043107241,0.097532541,0.074083664,0.0010708452,-0.021735059
0.071556002,0.10451336531904118,0.05744584655431283,0.07386160194771133,-0.039916851,0.096595481,0.071010485,0.0014910302,-0.020268796
0.094475463,0.12299843170223106,0.05261979816182952,0.06892572954293258,-0.06605462,0.1055821,0.065826818,0.0010453814,-0.02040817
0.086173058,0.1199552246441917,0.0539848684427613,0.07137368113999598,-0.065050863,0.10270215,0.067933306,0.00081251364,-0.021877114
0.077494204,0.1207475226787021,0.05702095462820572,0.07412731743460212,-0.064051419,0.10398711,0.070988923,0.0012291386,-0.021305427
0.087106854,0.11728700777765047,0.05395591739754929,0.07094464374600257,-0.060824499,0.10159749,0.067659691,0.0011562764,-0.021306612
0.084429927,0.11633403813716152,0.05439487929046418,0.07148178014328821,-0.059122682,0.1012846,0.068187669,0.00098478561,-0.021427013
0.092863522,0.11791418310321108,0.05283215055993858,0.06876881758651368,-0.058353748,0.1033276,0.065827772,0.0010766994,-0.019866943
0.075357765,0.11702571732035277,0.05713665783265041,0.07372709809988882,-0.057380371,0.10277558,0.070793122,0.0013406625,-0.020548029
0.080084123,0.11266319103005953,0.05517557880575998,0.0720078201058221,-0.053057041,0.099871449,0.068860903,0.0012929653,-0.021015005
0.082026049,0.1123602515169448,0.05474110489189484,0.07159218335576904,-0.052786343,0.099657252,0.068407178,0.0015676008,-0.021058047
0.079466879,0.11234028833223082,0.05547985918745885,0.072342059033685,-0.052344427,0.099823147,0.069203585,0.0011855869,-0.021043567
0.074062973,0.11185876577006897,0.05649305912029878,0.07363137592532869,-0.051697001,0.099574856,0.070450485,0.00092869916,-0.021387992
0.086715966,0.11314637493426402,0.05382347608467592,0.07019797796470806,-0.051730651,0.10095938,0.067144349,0.0013951041,-0.0204315
0.075582907,0.10894396392229234,0.05520605005036269,0.07304909301393707,-0.04997867,0.097137719,0.069503583,0.0011708937,-0.022451079
0.093084559,0.11069142015035602,0.05180793887650155,0.06814609638296036,-0.051007867,0.098599218,0.064976178,0.0015732505,-0.020481983
0.085659176,0.10824988853948131,0.05412703070870589,0.07022252452741475,-0.046368543,0.097916111,0.067296743,0.0013438701,-0.020013629
0.087745421,0.1069973089191372,0.05390962933409367,0.06984957921296622,-0.044779707,0.097229779,0.066965304,0.0017318145,-0.019789204
0.090060748,0.10669011179904472,0.053679489346030854,0.06920826346368349,-0.044519473,0.097006515,0.06645757,0.0022855741,-0.019182056
0.10282368,0.1213795021886559,0.05085484929107238,0.06632697248976954,-0.065145895,0.10420909,0.063431457,0.0019794835,-0.019282095
0.11051974,0.12279541109836231,0.04840303555362217,0.06270481163677574,-0.065022819,0.10579952,0.060101148,0.0024606222,-0.017711317
0.11590288,0.11854076133349419,0.044451871173624355,0.05959445830733261,-0.064562455,0.10137285,0.056413241,0.0016978526,-0.019135386
0.10744634,0.12140512369593862,0.049640244282800124,0.06416248072555321,-0.061374091,0.10583796,0.061547883,0.002522703,-0.017953217
0.10556941,0.12069019533617333,0.05015462385569716,0.0649360283421521,-0.060280222,0.10552561,0.062256441,0.0023901728,-0.018306021
0.09803281,0.11567769213473474,0.05101830872021121,0.06680381528334059,-0.05753503,0.10124549,0.063796118,0.0019531121,-0.01972284
0.11605115,0.11769273769518335,0.04529835222933075,0.05865433011095823,-0.058720414,0.10293139,0.056229822,0.0022515159,-0.016536875
0.096025556,0.11505724281454544,0.051489233429021626,0.06757704009009434,-0.057052642,0.10077622,0.064489804,0.0012749892,-0.020151822
0.11232492,0.11732997676559025,0.046982207673684474,0.06053606135041378,-0.057079989,0.10323362,0.05814397,0.0019421977,-0.016736826
0.10665907,0.11290195311636979,0.04764485443327436,0.06274202103560524,-0.053976871,0.099740386,0.059792943,0.0017846621,-0.018925648
0.10615292,0.11196916773042503,0.04740718777405624,0.06305889125974935,-0.053925525,0.09874884,0.05987234,0.001676462,-0.019720957
0.098977096,0.1130329945203279,0.051150527549941524,0.06638624486700641,-0.050884165,0.10119552,0.063599363,0.0020623028,-0.018920926
0.098268233,0.11210145233452934,0.0513559327992298,0.0665796416500098,-0.049436092,0.1007982,0.063810989,0.0020077417,-0.018893791
0.11406571,0.11198530380571589,0.04577963990175614,0.05921810516052593,-0.05148406,0.09980271,0.056793395,0.0021549852,-0.016632808
0.11404458,0.11171283952897196,0.04592522629608422,0.059383587600014234,-0.051069528,0.099682674,0.056960821,0.0021209307,-0.016654639
0.10651485,0.11002875453544922,0.047879358849162675,0.06292580952256197,-0.049283504,0.098611273,0.060014263,0.0016555869,-0.018846877
0.10234831,0.10934684082059244,0.04990683593332542,0.06472207713426284,-0.047750261,0.098521292,0.062025964,0.0018081764,-0.018397216
0.11428379,0.10655991105660843,0.045426106054440876,0.05881895853358231,-0.044181406,0.097008571,0.056389537,0.0021883021,-0.016586179
0.1000736,0.10525000874587152,0.0499228697939344,0.0647105491559378,-0.042157531,0.096444629,0.062027764,0.0017048771,-0.018360421
0.10716628,0.10566972784017953,0.04763807386428444,0.0618143136782318,-0.042161494,0.096898913,0.059229292,0.0016148642,-0.017615123
0.1086915,0.1047544186908112,0.04687194645763449,0.06112110077888292,-0.041942224,0.095997632,0.058454905,0.0019225106,-0.017751535
0.095987767,0.10495174576492823,0.05153283304429862,0.06643610530669572,-0.039849024,0.097100511,0.063801706,0.0019576026,-0.01841918
0.12497301,0.12526563391894083,0.04323017670580759,0.05466834018763995,-0.06686642,0.10770051,0.05283409,0.0024318821,-0.013830123
0.12380359,0.1227215712166642,0.04337654118710389,0.05444746288386936,-0.062713526,0.10669954,0.052763674,0.0019764453,-0.013289642
0.13404574,0.12097249256520173,0.0374476447176808,0.047648860045089676,-0.062026136,0.10509119,0.04596369,0.0017048459,-0.012443736
0.13517766,0.11980741378556262,0.03647389704587599,0.046358272604302954,-0.061600138,0.10400632,0.044746514,0.0010924586,-0.012068366
0.13395131,0.12033647227217588,0.03733620414390204,0.04754734529718329,-0.060592677,0.10500871,0.045846809,0.0019308536,-0.012453592
0.12841345,0.1218081474677678,0.040894036021681957,0.051008789481854756,-0.059138432,0.10722477,0.04951556,0.0025140792,-0.011991052
0.12552162,0.12052598023323798,0.04181707084265456,0.05253405934736177,-0.057791248,0.10640372,0.050890367,0.0021032493,-0.012867567
0.11992645,0.1158189506512863,0.043539435821751266,0.05604286392708312,-0.055113915,0.10242665,0.053832814,0.0024357846,-0.015391481
0.13176638,0.11843864852762365,0.038665139226957704,0.04871230786947445,-0.056415938,0.10471991,0.04710748,0.0030391177,-0.012022397
0.12885374,0.11363723902080848,0.03960075185841279,0.050118528933495124,-0.052049693,0.10135721,0.048443969,0.0013457843,-0.01277645
0.13477984,0.1134661300192773,0.035013081215408214,0.045346266521919795,-0.052905183,0.10080819,0.04344672,0.0024967028,-0.012744916
0.13465564,0.11046737953278063,0.034235803917844525,0.04504565108562549,-0.052487206,0.097727887,0.042947065,0.00093034731,-0.013557092
0.12439959,0.11288062223929973,0.041658885721244016,0.05298004276650799,-0.049126178,0.10177621,0.051115025,0.0019112825,-0.013801672
0.12176961,0.11104439198737197,0.04271668853284849,0.05463620789100091,-0.047624398,0.10041887,0.052602034,0.0022474721,-0.014597606
0.11868205,0.10803933268704867,0.04309674778171449,0.056597559653681455,-0.04699501,0.097421452,0.053967919,0.0026588568,-0.016842742
0.13291776,0.11308418841042192,0.03789338047855263,0.0471376862116056,-0.046749491,0.1030062,0.045792129,0.0025017513,-0.01089879
0.11720946,0.09880928654053428,0.04434754594276623,0.05578358384638627,-0.02661008,0.096047185,0.054019175,0.0020821881,-0.01376232
0.13505216,0.11042507579800523,0.0354183801103316,0.0448018059117415,-0.04430493,0.1011551,0.043314714,0.001074162,-0.011396646
0.13615961,0.11186445352056765,0.0350048177221971,0.04314566680978226,-0.043892168,0.10289399,0.042073276,-0.00074756163,-0.0095304335
0.12625732,0.10939234800973634,0.04138633604836008,0.0512343486898893,-0.041399423,0.1012665,0.049873587,0.0019008552,-0.011574565
0.12317038,0.10767937191003114,0.04243844589697144,0.052890166340659045,-0.040449493,0.099808812,0.051376004,0.0018935484,-0.012421368
0.13228051,0.1083656309950918,0.03787319722278293,0.047732572215712456,-0.039217822,0.10107715,0.046195265,0.0016678731,-0.011900174
0.13547374,0.10772507659330474,0.0358128248787546,0.044834750172793474,-0.039679892,0.10018514,0.043504968,0.00026024875,-0.010835352
0.12060314,0.10412038394455847,0.043061348184167,0.05446720024407478,-0.037377253,0.097246557,0.052637029,0.0023738956,-0.01379796
0.1266758,0.10538084012809715,0.04051529566622268,0.05070824461751907,-0.034089394,0.10001148,0.049169425,0.0024888976,-0.012144921
0.13550584,0.10466754557298265,0.036372849661756225,0.045132464229810536,-0.035057183,0.098825783,0.043920781,0.00035385066,-0.010381672
0.12331219,0.1026302389062006,0.041556668981462215,0.052468252456294835,-0.032575365,0.097666003,0.050731611,0.0024566897,-0.013160009
0.13244288,0.10294125755694622,0.03765899428880669,0.04732629761246099,-0.032648932,0.097972654,0.045832776,0.0021690214,-0.011594414
0.12614359,0.10069691984228704,0.04086172162611207,0.05058487233990966,-0.029464174,0.096886344,0.049223997,0.0024832452,-0.011386875
